[2026-05-02 10:03:53] local.ERROR: SQLSTATE[42S02]: Base table or view not found: 1146 Table 'gible.sessions' doesn't exist (Connection: mysql, SQL: select * from `sessions` where `id` = EbaeiGPOdwVX7pwIngwYW7lrU8oClo6t1ZjgBzyt limit 1) {"exception":"[object] (Illuminate\\Database\\QueryException(code: 42S02): SQLSTATE[42S02]: Base table or view not found: 1146 Table 'gible.sessions' doesn't exist (Connection: mysql, SQL: select * from `sessions` where `id` = EbaeiGPOdwVX7pwIngwYW7lrU8oClo6t1ZjgBzyt limit 1) at C:/Users/agull/OneDrive/Documents/Visual Studio/GIBLE/vendor/laravel/framework/src/Illuminate/Database/Connection.php:825)
[stacktrace]
#0 C:/Users/agull/OneDrive/Documents/Visual Studio/GIBLE/vendor/laravel/framework/src/Illuminate/Database/Connection.php(779): Illuminate/Database/Connection->runQueryCallback('select * from `...', Array, Object(Closure))
#1 C:/Users/agull/OneDrive/Documents/Visual Studio/GIBLE/vendor/laravel/framework/src/Illuminate/Database/Connection.php(398): Illuminate/Database/Connection->run('select * from `...', Array, Object(Closure))
#2 C:/Users/agull/OneDrive/Documents/Visual Studio/GIBLE/vendor/laravel/framework/src/Illuminate/Database/Query/Builder.php(3106): Illuminate/Database/Connection->select('select * from `...', Array, false)
#3 C:/Users/agull/OneDrive/Documents/Visual Studio/GIBLE/vendor/laravel/framework/src/Illuminate/Database/Query/Builder.php(3091): Illuminate/Database/Query/Builder->runSelect()
#4 C:/Users/agull/OneDrive/Documents/Visual Studio/GIBLE/vendor/laravel/framework/src/Illuminate/Database/Query/Builder.php(3676): Illuminate/Database/Query/Builder->Illuminate/Database/Query/{closure}()
#5 C:/Users/agull/OneDrive/Documents/Visual Studio/GIBLE/vendor/laravel/framework/src/Illuminate/Database/Query/Builder.php(3090): Illuminate/Database/Query/Builder->onceWithColumns(Array, Object(Closure))
#6 C:/Users/agull/OneDrive/Documents/Visual Studio/GIBLE/vendor/laravel/framework/src/Illuminate/Database/Concerns/BuildsQueries.php(343): Illuminate/Database/Query/Builder->get(Array)
#7 C:/Users/agull/OneDrive/Documents/Visual Studio/GIBLE/vendor/laravel/framework/src/Illuminate/Database/Query/Builder.php(3013): Illuminate/Database/Query/Builder->first(Array)
#8 C:/Users/agull/OneDrive/Documents/Visual Studio/GIBLE/vendor/laravel/framework/src/Illuminate/Session/DatabaseSessionHandler.php(97): Illuminate/Database/Query/Builder->find('EbaeiGPOdwVX7pw...')
#9 C:/Users/agull/OneDrive/Documents/Visual Studio/GIBLE/vendor/laravel/framework/src/Illuminate/Session/Store.php(117): Illuminate/Session/DatabaseSessionHandler->read('EbaeiGPOdwVX7pw...')
#10 C:/Users/agull/OneDrive/Documents/Visual Studio/GIBLE/vendor/laravel/framework/src/Illuminate/Session/Store.php(105): Illuminate/Session/Store->readFromHandler()
#11 C:/Users/agull/OneDrive/Documents/Visual Studio/GIBLE/vendor/laravel/framework/src/Illuminate/Session/Store.php(89): Illuminate/Session/Store->loadSession()
#12 C:/Users/agull/OneDrive/Documents/Visual Studio/GIBLE/vendor/laravel/framework/src/Illuminate/Session/Middleware/StartSession.php(147): Illuminate/Session/Store->start()
#13 C:/Users/agull/OneDrive/Documents/Visual Studio/GIBLE/vendor/laravel/framework/src/Illuminate/Support/helpers.php(399): Illuminate/Session/Middleware/StartSession->Illuminate/Session/Middleware/{closure}(Object(Illuminate/Session/Store))
#14 C:/Users/agull/OneDrive/Documents/Visual Studio/GIBLE/vendor/laravel/framework/src/Illuminate/Session/Middleware/StartSession.php(144): tap(Object(Illuminate/Session/Store), Object(Closure))
#15 C:/Users/agull/OneDrive/Documents/Visual Studio/GIBLE/vendor/laravel/framework/src/Illuminate/Session/Middleware/StartSession.php(116): Illuminate/Session/Middleware/StartSession->startSession(Object(Illuminate/Http/Request), Object(Illuminate/Session/Store))
#16 C:/Users/agull/OneDrive/Documents/Visual Studio/GIBLE/vendor/laravel/framework/src/Illuminate/Session/Middleware/StartSession.php(64): Illuminate/Session/Middleware/StartSession->handleStatefulRequest(Object(Illuminate/Http/Request), Object(Illuminate/Session/Store), Object(Closure))
#17 C:/Users/agull/OneDrive/Documents/Visual Studio/GIBLE/vendor/laravel/framework/src/Illuminate/Pipeline/Pipeline.php(209): Illuminate/Session/Middleware/StartSession->handle(Object(Illuminate/Http/Request), Object(Closure))
#18 C:/Users/agull/OneDrive/Documents/Visual Studio/GIBLE/vendor/laravel/framework/src/Illuminate/Cookie/Middleware/AddQueuedCookiesToResponse.php(37): Illuminate/Pipeline/Pipeline->Illuminate/Pipeline/{closure}(Object(Illuminate/Http/Request))
#19 C:/Users/agull/OneDrive/Documents/Visual Studio/GIBLE/vendor/laravel/framework/src/Illuminate/Pipeline/Pipeline.php(209): Illuminate/Cookie/Middleware/AddQueuedCookiesToResponse->handle(Object(Illuminate/Http/Request), Object(Closure))
#20 C:/Users/agull/OneDrive/Documents/Visual Studio/GIBLE/vendor/laravel/framework/src/Illuminate/Cookie/Middleware/EncryptCookies.php(75): Illuminate/Pipeline/Pipeline->Illuminate/Pipeline/{closure}(Object(Illuminate/Http/Request))
#21 C:/Users/agull/OneDrive/Documents/Visual Studio/GIBLE/vendor/laravel/framework/src/Illuminate/Pipeline/Pipeline.php(209): Illuminate/Cookie/Middleware/EncryptCookies->handle(Object(Illuminate/Http/Request), Object(Closure))
#22 C:/Users/agull/OneDrive/Documents/Visual Studio/GIBLE/vendor/laravel/framework/src/Illuminate/Pipeline/Pipeline.php(127): Illuminate/Pipeline/Pipeline->Illuminate/Pipeline/{closure}(Object(Illuminate/Http/Request))
#23 C:/Users/agull/OneDrive/Documents/Visual Studio/GIBLE/vendor/laravel/framework/src/Illuminate/Routing/Router.php(807): Illuminate/Pipeline/Pipeline->then(Object(Closure))
#24 C:/Users/agull/OneDrive/Documents/Visual Studio/GIBLE/vendor/laravel/framework/src/Illuminate/Routing/Router.php(786): Illuminate/Routing/Router->runRouteWithinStack(Object(Illuminate/Routing/Route), Object(Illuminate/Http/Request))
#25 C:/Users/agull/OneDrive/Documents/Visual Studio/GIBLE/vendor/laravel/framework/src/Illuminate/Routing/Router.php(750): Illuminate/Routing/Router->runRoute(Object(Illuminate/Http/Request), Object(Illuminate/Routing/Route))
#26 C:/Users/agull/OneDrive/Documents/Visual Studio/GIBLE/vendor/laravel/framework/src/Illuminate/Routing/Router.php(739): Illuminate/Routing/Router->dispatchToRoute(Object(Illuminate/Http/Request))
#27 C:/Users/agull/OneDrive/Documents/Visual Studio/GIBLE/vendor/laravel/framework/src/Illuminate/Foundation/Http/Kernel.php(201): Illuminate/Routing/Router->dispatch(Object(Illuminate/Http/Request))
#28 C:/Users/agull/OneDrive/Documents/Visual Studio/GIBLE/vendor/laravel/framework/src/Illuminate/Pipeline/Pipeline.php(170): Illuminate/Foundation/Http/Kernel->Illuminate/Foundation/Http/{closure}(Object(Illuminate/Http/Request))
#29 C:/Users/agull/OneDrive/Documents/Visual Studio/GIBLE/vendor/laravel/framework/src/Illuminate/Foundation/Http/Middleware/TransformsRequest.php(21): Illuminate/Pipeline/Pipeline->Illuminate/Pipeline/{closure}(Object(Illuminate/Http/Request))
#30 C:/Users/agull/OneDrive/Documents/Visual Studio/GIBLE/vendor/laravel/framework/src/Illuminate/Foundation/Http/Middleware/ConvertEmptyStringsToNull.php(31): Illuminate/Foundation/Http/Middleware/TransformsRequest->handle(Object(Illuminate/Http/Request), Object(Closure))
#31 C:/Users/agull/OneDrive/Documents/Visual Studio/GIBLE/vendor/laravel/framework/src/Illuminate/Pipeline/Pipeline.php(209): Illuminate/Foundation/Http/Middleware/ConvertEmptyStringsToNull->handle(Object(Illuminate/Http/Request), Object(Closure))
#32 C:/Users/agull/OneDrive/Documents/Visual Studio/GIBLE/vendor/laravel/framework/src/Illuminate/Foundation/Http/Middleware/TransformsRequest.php(21): Illuminate/Pipeline/Pipeline->Illuminate/Pipeline/{closure}(Object(Illuminate/Http/Request))
#33 C:/Users/agull/OneDrive/Documents/Visual Studio/GIBLE/vendor/laravel/framework/src/Illuminate/Foundation/Http/Middleware/TrimStrings.php(51): Illuminate/Foundation/Http/Middleware/TransformsRequest->handle(Object(Illuminate/Http/Request), Object(Closure))
#34 C:/Users/agull/OneDrive/Documents/Visual Studio/GIBLE/vendor/laravel/framework/src/Illuminate/Pipeline/Pipeline.php(209): Illuminate/Foundation/Http/Middleware/TrimStrings->handle(Object(Illuminate/Http/Request), Object(Closure))
#35 C:/Users/agull/OneDrive/Documents/Visual Studio/GIBLE/vendor/laravel/framework/src/Illuminate/Http/Middleware/ValidatePostSize.php(27): Illuminate/Pipeline/Pipeline->Illuminate/Pipeline/{closure}(Object(Illuminate/Http/Request))
#36 C:/Users/agull/OneDrive/Documents/Visual Studio/GIBLE/vendor/laravel/framework/src/Illuminate/Pipeline/Pipeline.php(209): Illuminate/Http/Middleware/ValidatePostSize->handle(Object(Illuminate/Http/Request), Object(Closure))
#37 C:/Users/agull/OneDrive/Documents/Visual Studio/GIBLE/vendor/laravel/framework/src/Illuminate/Foundation/Http/Middleware/PreventRequestsDuringMaintenance.php(110): Illuminate/Pipeline/Pipeline->Illuminate/Pipeline/{closure}(Object(Illuminate/Http/Request))
#38 C:/Users/agull/OneDrive/Documents/Visual Studio/GIBLE/vendor/laravel/framework/src/Illuminate/Pipeline/Pipeline.php(209): Illuminate/Foundation/Http/Middleware/PreventRequestsDuringMaintenance->handle(Object(Illuminate/Http/Request), Object(Closure))
#39 C:/Users/agull/OneDrive/Documents/Visual Studio/GIBLE/vendor/laravel/framework/src/Illuminate/Http/Middleware/HandleCors.php(49): Illuminate/Pipeline/Pipeline->Illuminate/Pipeline/{closure}(Object(Illuminate/Http/Request))
#40 C:/Users/agull/OneDrive/Documents/Visual Studio/GIBLE/vendor/laravel/framework/src/Illuminate/Pipeline/Pipeline.php(209): Illuminate/Http/Middleware/HandleCors->handle(Object(Illuminate/Http/Request), Object(Closure))
#41 C:/Users/agull/OneDrive/Documents/Visual Studio/GIBLE/vendor/laravel/framework/src/Illuminate/Http/Middleware/TrustProxies.php(58): Illuminate/Pipeline/Pipeline->Illuminate/Pipeline/{closure}(Object(Illuminate/Http/Request))
#42 C:/Users/agull/OneDrive/Documents/Visual Studio/GIBLE/vendor/laravel/framework/src/Illuminate/Pipeline/Pipeline.php(209): Illuminate/Http/Middleware/TrustProxies->handle(Object(Illuminate/Http/Request), Object(Closure))
#43 C:/Users/agull/OneDrive/Documents/Visual Studio/GIBLE/vendor/laravel/framework/src/Illuminate/Foundation/Http/Middleware/InvokeDeferredCallbacks.php(22): Illuminate/Pipeline/Pipeline->Illuminate/Pipeline/{closure}(Object(Illuminate/Http/Request))
#44 C:/Users/agull/OneDrive/Documents/Visual Studio/GIBLE/vendor/laravel/framework/src/Illuminate/Pipeline/Pipeline.php(209): Illuminate/Foundation/Http/Middleware/InvokeDeferredCallbacks->handle(Object(Illuminate/Http/Request), Object(Closure))
#45 C:/Users/agull/OneDrive/Documents/Visual Studio/GIBLE/vendor/laravel/framework/src/Illuminate/Pipeline/Pipeline.php(127): Illuminate/Pipeline/Pipeline->Illuminate/Pipeline/{closure}(Object(Illuminate/Http/Request))
#46 C:/Users/agull/OneDrive/Documents/Visual Studio/GIBLE/vendor/laravel/framework/src/Illuminate/Foundation/Http/Kernel.php(176): Illuminate/Pipeline/Pipeline->then(Object(Closure))
#47 C:/Users/agull/OneDrive/Documents/Visual Studio/GIBLE/vendor/laravel/framework/src/Illuminate/Foundation/Http/Kernel.php(145): Illuminate/Foundation/Http/Kernel->sendRequestThroughRouter(Object(Illuminate/Http/Request))
#48 C:/Users/agull/OneDrive/Documents/Visual Studio/GIBLE/vendor/laravel/framework/src/Illuminate/Foundation/Application.php(1220): Illuminate/Foundation/Http/Kernel->handle(Object(Illuminate/Http/Request))
#49 C:/Users/agull/OneDrive/Documents/Visual Studio/GIBLE/public/index.php(20): Illuminate/Foundation/Application->handleRequest(Object(Illuminate/Http/Request))
#50 C:/Users/agull/OneDrive/Documents/Visual Studio/GIBLE/vendor/laravel/framework/src/Illuminate/Foundation/resources/server.php(23): require_once('C://Users//agull//...')
#51 {main}

[previous exception] [object] (PDOException(code: 42S02): SQLSTATE[42S02]: Base table or view not found: 1146 Table 'gible.sessions' doesn't exist at C:/Users/agull/OneDrive/Documents/Visual Studio/GIBLE/vendor/laravel/framework/src/Illuminate/Database/Connection.php:407)
[stacktrace]
#0 C:/Users/agull/OneDrive/Documents/Visual Studio/GIBLE/vendor/laravel/framework/src/Illuminate/Database/Connection.php(407): PDO->prepare('select * from `...')
#1 C:/Users/agull/OneDrive/Documents/Visual Studio/GIBLE/vendor/laravel/framework/src/Illuminate/Database/Connection.php(812): Illuminate/Database/Connection->Illuminate/Database/{closure}('select * from `...', Array)
#2 C:/Users/agull/OneDrive/Documents/Visual Studio/GIBLE/vendor/laravel/framework/src/Illuminate/Database/Connection.php(779): Illuminate/Database/Connection->runQueryCallback('select * from `...', Array, Object(Closure))
#3 C:/Users/agull/OneDrive/Documents/Visual Studio/GIBLE/vendor/laravel/framework/src/Illuminate/Database/Connection.php(398): Illuminate/Database/Connection->run('select * from `...', Array, Object(Closure))
#4 C:/Users/agull/OneDrive/Documents/Visual Studio/GIBLE/vendor/laravel/framework/src/Illuminate/Database/Query/Builder.php(3106): Illuminate/Database/Connection->select('select * from `...', Array, false)
#5 C:/Users/agull/OneDrive/Documents/Visual Studio/GIBLE/vendor/laravel/framework/src/Illuminate/Database/Query/Builder.php(3091): Illuminate/Database/Query/Builder->runSelect()
#6 C:/Users/agull/OneDrive/Documents/Visual Studio/GIBLE/vendor/laravel/framework/src/Illuminate/Database/Query/Builder.php(3676): Illuminate/Database/Query/Builder->Illuminate/Database/Query/{closure}()
#7 C:/Users/agull/OneDrive/Documents/Visual Studio/GIBLE/vendor/laravel/framework/src/Illuminate/Database/Query/Builder.php(3090): Illuminate/Database/Query/Builder->onceWithColumns(Array, Object(Closure))
#8 C:/Users/agull/OneDrive/Documents/Visual Studio/GIBLE/vendor/laravel/framework/src/Illuminate/Database/Concerns/BuildsQueries.php(343): Illuminate/Database/Query/Builder->get(Array)
#9 C:/Users/agull/OneDrive/Documents/Visual Studio/GIBLE/vendor/laravel/framework/src/Illuminate/Database/Query/Builder.php(3013): Illuminate/Database/Query/Builder->first(Array)
#10 C:/Users/agull/OneDrive/Documents/Visual Studio/GIBLE/vendor/laravel/framework/src/Illuminate/Session/DatabaseSessionHandler.php(97): Illuminate/Database/Query/Builder->find('EbaeiGPOdwVX7pw...')
#11 C:/Users/agull/OneDrive/Documents/Visual Studio/GIBLE/vendor/laravel/framework/src/Illuminate/Session/Store.php(117): Illuminate/Session/DatabaseSessionHandler->read('EbaeiGPOdwVX7pw...')
#12 C:/Users/agull/OneDrive/Documents/Visual Studio/GIBLE/vendor/laravel/framework/src/Illuminate/Session/Store.php(105): Illuminate/Session/Store->readFromHandler()
#13 C:/Users/agull/OneDrive/Documents/Visual Studio/GIBLE/vendor/laravel/framework/src/Illuminate/Session/Store.php(89): Illuminate/Session/Store->loadSession()
#14 C:/Users/agull/OneDrive/Documents/Visual Studio/GIBLE/vendor/laravel/framework/src/Illuminate/Session/Middleware/StartSession.php(147): Illuminate/Session/Store->start()
#15 C:/Users/agull/OneDrive/Documents/Visual Studio/GIBLE/vendor/laravel/framework/src/Illuminate/Support/helpers.php(399): Illuminate/Session/Middleware/StartSession->Illuminate/Session/Middleware/{closure}(Object(Illuminate/Session/Store))
#16 C:/Users/agull/OneDrive/Documents/Visual Studio/GIBLE/vendor/laravel/framework/src/Illuminate/Session/Middleware/StartSession.php(144): tap(Object(Illuminate/Session/Store), Object(Closure))
#17 C:/Users/agull/OneDrive/Documents/Visual Studio/GIBLE/vendor/laravel/framework/src/Illuminate/Session/Middleware/StartSession.php(116): Illuminate/Session/Middleware/StartSession->startSession(Object(Illuminate/Http/Request), Object(Illuminate/Session/Store))
#18 C:/Users/agull/OneDrive/Documents/Visual Studio/GIBLE/vendor/laravel/framework/src/Illuminate/Session/Middleware/StartSession.php(64): Illuminate/Session/Middleware/StartSession->handleStatefulRequest(Object(Illuminate/Http/Request), Object(Illuminate/Session/Store), Object(Closure))
#19 C:/Users/agull/OneDrive/Documents/Visual Studio/GIBLE/vendor/laravel/framework/src/Illuminate/Pipeline/Pipeline.php(209): Illuminate/Session/Middleware/StartSession->handle(Object(Illuminate/Http/Request), Object(Closure))
#20 C:/Users/agull/OneDrive/Documents/Visual Studio/GIBLE/vendor/laravel/framework/src/Illuminate/Cookie/Middleware/AddQueuedCookiesToResponse.php(37): Illuminate/Pipeline/Pipeline->Illuminate/Pipeline/{closure}(Object(Illuminate/Http/Request))
#21 C:/Users/agull/OneDrive/Documents/Visual Studio/GIBLE/vendor/laravel/framework/src/Illuminate/Pipeline/Pipeline.php(209): Illuminate/Cookie/Middleware/AddQueuedCookiesToResponse->handle(Object(Illuminate/Http/Request), Object(Closure))
#22 C:/Users/agull/OneDrive/Documents/Visual Studio/GIBLE/vendor/laravel/framework/src/Illuminate/Cookie/Middleware/EncryptCookies.php(75): Illuminate/Pipeline/Pipeline->Illuminate/Pipeline/{closure}(Object(Illuminate/Http/Request))
#23 C:/Users/agull/OneDrive/Documents/Visual Studio/GIBLE/vendor/laravel/framework/src/Illuminate/Pipeline/Pipeline.php(209): Illuminate/Cookie/Middleware/EncryptCookies->handle(Object(Illuminate/Http/Request), Object(Closure))
#24 C:/Users/agull/OneDrive/Documents/Visual Studio/GIBLE/vendor/laravel/framework/src/Illuminate/Pipeline/Pipeline.php(127): Illuminate/Pipeline/Pipeline->Illuminate/Pipeline/{closure}(Object(Illuminate/Http/Request))
#25 C:/Users/agull/OneDrive/Documents/Visual Studio/GIBLE/vendor/laravel/framework/src/Illuminate/Routing/Router.php(807): Illuminate/Pipeline/Pipeline->then(Object(Closure))
#26 C:/Users/agull/OneDrive/Documents/Visual Studio/GIBLE/vendor/laravel/framework/src/Illuminate/Routing/Router.php(786): Illuminate/Routing/Router->runRouteWithinStack(Object(Illuminate/Routing/Route), Object(Illuminate/Http/Request))
#27 C:/Users/agull/OneDrive/Documents/Visual Studio/GIBLE/vendor/laravel/framework/src/Illuminate/Routing/Router.php(750): Illuminate/Routing/Router->runRoute(Object(Illuminate/Http/Request), Object(Illuminate/Routing/Route))
#28 C:/Users/agull/OneDrive/Documents/Visual Studio/GIBLE/vendor/laravel/framework/src/Illuminate/Routing/Router.php(739): Illuminate/Routing/Router->dispatchToRoute(Object(Illuminate/Http/Request))
#29 C:/Users/agull/OneDrive/Documents/Visual Studio/GIBLE/vendor/laravel/framework/src/Illuminate/Foundation/Http/Kernel.php(201): Illuminate/Routing/Router->dispatch(Object(Illuminate/Http/Request))
#30 C:/Users/agull/OneDrive/Documents/Visual Studio/GIBLE/vendor/laravel/framework/src/Illuminate/Pipeline/Pipeline.php(170): Illuminate/Foundation/Http/Kernel->Illuminate/Foundation/Http/{closure}(Object(Illuminate/Http/Request))
#31 C:/Users/agull/OneDrive/Documents/Visual Studio/GIBLE/vendor/laravel/framework/src/Illuminate/Foundation/Http/Middleware/TransformsRequest.php(21): Illuminate/Pipeline/Pipeline->Illuminate/Pipeline/{closure}(Object(Illuminate/Http/Request))
#32 C:/Users/agull/OneDrive/Documents/Visual Studio/GIBLE/vendor/laravel/framework/src/Illuminate/Foundation/Http/Middleware/ConvertEmptyStringsToNull.php(31): Illuminate/Foundation/Http/Middleware/TransformsRequest->handle(Object(Illuminate/Http/Request), Object(Closure))
#33 C:/Users/agull/OneDrive/Documents/Visual Studio/GIBLE/vendor/laravel/framework/src/Illuminate/Pipeline/Pipeline.php(209): Illuminate/Foundation/Http/Middleware/ConvertEmptyStringsToNull->handle(Object(Illuminate/Http/Request), Object(Closure))
#34 C:/Users/agull/OneDrive/Documents/Visual Studio/GIBLE/vendor/laravel/framework/src/Illuminate/Foundation/Http/Middleware/TransformsRequest.php(21): Illuminate/Pipeline/Pipeline->Illuminate/Pipeline/{closure}(Object(Illuminate/Http/Request))
#35 C:/Users/agull/OneDrive/Documents/Visual Studio/GIBLE/vendor/laravel/framework/src/Illuminate/Foundation/Http/Middleware/TrimStrings.php(51): Illuminate/Foundation/Http/Middleware/TransformsRequest->handle(Object(Illuminate/Http/Request), Object(Closure))
#36 C:/Users/agull/OneDrive/Documents/Visual Studio/GIBLE/vendor/laravel/framework/src/Illuminate/Pipeline/Pipeline.php(209): Illuminate/Foundation/Http/Middleware/TrimStrings->handle(Object(Illuminate/Http/Request), Object(Closure))
#37 C:/Users/agull/OneDrive/Documents/Visual Studio/GIBLE/vendor/laravel/framework/src/Illuminate/Http/Middleware/ValidatePostSize.php(27): Illuminate/Pipeline/Pipeline->Illuminate/Pipeline/{closure}(Object(Illuminate/Http/Request))
#38 C:/Users/agull/OneDrive/Documents/Visual Studio/GIBLE/vendor/laravel/framework/src/Illuminate/Pipeline/Pipeline.php(209): Illuminate/Http/Middleware/ValidatePostSize->handle(Object(Illuminate/Http/Request), Object(Closure))
#39 C:/Users/agull/OneDrive/Documents/Visual Studio/GIBLE/vendor/laravel/framework/src/Illuminate/Foundation/Http/Middleware/PreventRequestsDuringMaintenance.php(110): Illuminate/Pipeline/Pipeline->Illuminate/Pipeline/{closure}(Object(Illuminate/Http/Request))
#40 C:/Users/agull/OneDrive/Documents/Visual Studio/GIBLE/vendor/laravel/framework/src/Illuminate/Pipeline/Pipeline.php(209): Illuminate/Foundation/Http/Middleware/PreventRequestsDuringMaintenance->handle(Object(Illuminate/Http/Request), Object(Closure))
#41 C:/Users/agull/OneDrive/Documents/Visual Studio/GIBLE/vendor/laravel/framework/src/Illuminate/Http/Middleware/HandleCors.php(49): Illuminate/Pipeline/Pipeline->Illuminate/Pipeline/{closure}(Object(Illuminate/Http/Request))
#42 C:/Users/agull/OneDrive/Documents/Visual Studio/GIBLE/vendor/laravel/framework/src/Illuminate/Pipeline/Pipeline.php(209): Illuminate/Http/Middleware/HandleCors->handle(Object(Illuminate/Http/Request), Object(Closure))
#43 C:/Users/agull/OneDrive/Documents/Visual Studio/GIBLE/vendor/laravel/framework/src/Illuminate/Http/Middleware/TrustProxies.php(58): Illuminate/Pipeline/Pipeline->Illuminate/Pipeline/{closure}(Object(Illuminate/Http/Request))
#44 C:/Users/agull/OneDrive/Documents/Visual Studio/GIBLE/vendor/laravel/framework/src/Illuminate/Pipeline/Pipeline.php(209): Illuminate/Http/Middleware/TrustProxies->handle(Object(Illuminate/Http/Request), Object(Closure))
#45 C:/Users/agull/OneDrive/Documents/Visual Studio/GIBLE/vendor/laravel/framework/src/Illuminate/Foundation/Http/Middleware/InvokeDeferredCallbacks.php(22): Illuminate/Pipeline/Pipeline->Illuminate/Pipeline/{closure}(Object(Illuminate/Http/Request))
#46 C:/Users/agull/OneDrive/Documents/Visual Studio/GIBLE/vendor/laravel/framework/src/Illuminate/Pipeline/Pipeline.php(209): Illuminate/Foundation/Http/Middleware/InvokeDeferredCallbacks->handle(Object(Illuminate/Http/Request), Object(Closure))
#47 C:/Users/agull/OneDrive/Documents/Visual Studio/GIBLE/vendor/laravel/framework/src/Illuminate/Pipeline/Pipeline.php(127): Illuminate/Pipeline/Pipeline->Illuminate/Pipeline/{closure}(Object(Illuminate/Http/Request))
#48 C:/Users/agull/OneDrive/Documents/Visual Studio/GIBLE/vendor/laravel/framework/src/Illuminate/Foundation/Http/Kernel.php(176): Illuminate/Pipeline/Pipeline->then(Object(Closure))
#49 C:/Users/agull/OneDrive/Documents/Visual Studio/GIBLE/vendor/laravel/framework/src/Illuminate/Foundation/Http/Kernel.php(145): Illuminate/Foundation/Http/Kernel->sendRequestThroughRouter(Object(Illuminate/Http/Request))
#50 C:/Users/agull/OneDrive/Documents/Visual Studio/GIBLE/vendor/laravel/framework/src/Illuminate/Foundation/Application.php(1220): Illuminate/Foundation/Http/Kernel->handle(Object(Illuminate/Http/Request))
#51 C:/Users/agull/OneDrive/Documents/Visual Studio/GIBLE/public/index.php(20): Illuminate/Foundation/Application->handleRequest(Object(Illuminate/Http/Request))
#52 C:/Users/agull/OneDrive/Documents/Visual Studio/GIBLE/vendor/laravel/framework/src/Illuminate/Foundation/resources/server.php(23): require_once('C://Users//agull//...')
#53 {main}
"} 
[2026-05-02 10:05:29] local.ERROR: SQLSTATE[42S02]: Base table or view not found: 1146 Table 'gible.sessions' doesn't exist (Connection: mysql, SQL: select * from `sessions` where `id` = yskSUikaZtkg5plwyWH7KYJLCvBFPda3dDmQ4kiG limit 1) {"exception":"[object] (Illuminate\\Database\\QueryException(code: 42S02): SQLSTATE[42S02]: Base table or view not found: 1146 Table 'gible.sessions' doesn't exist (Connection: mysql, SQL: select * from `sessions` where `id` = yskSUikaZtkg5plwyWH7KYJLCvBFPda3dDmQ4kiG limit 1) at C:/Users/agull/OneDrive/Documents/Visual Studio/GIBLE/vendor/laravel/framework/src/Illuminate/Database/Connection.php:825)
[stacktrace]
#0 C:/Users/agull/OneDrive/Documents/Visual Studio/GIBLE/vendor/laravel/framework/src/Illuminate/Database/Connection.php(779): Illuminate/Database/Connection->runQueryCallback('select * from `...', Array, Object(Closure))
#1 C:/Users/agull/OneDrive/Documents/Visual Studio/GIBLE/vendor/laravel/framework/src/Illuminate/Database/Connection.php(398): Illuminate/Database/Connection->run('select * from `...', Array, Object(Closure))
#2 C:/Users/agull/OneDrive/Documents/Visual Studio/GIBLE/vendor/laravel/framework/src/Illuminate/Database/Query/Builder.php(3106): Illuminate/Database/Connection->select('select * from `...', Array, false)
#3 C:/Users/agull/OneDrive/Documents/Visual Studio/GIBLE/vendor/laravel/framework/src/Illuminate/Database/Query/Builder.php(3091): Illuminate/Database/Query/Builder->runSelect()
#4 C:/Users/agull/OneDrive/Documents/Visual Studio/GIBLE/vendor/laravel/framework/src/Illuminate/Database/Query/Builder.php(3676): Illuminate/Database/Query/Builder->Illuminate/Database/Query/{closure}()
#5 C:/Users/agull/OneDrive/Documents/Visual Studio/GIBLE/vendor/laravel/framework/src/Illuminate/Database/Query/Builder.php(3090): Illuminate/Database/Query/Builder->onceWithColumns(Array, Object(Closure))
#6 C:/Users/agull/OneDrive/Documents/Visual Studio/GIBLE/vendor/laravel/framework/src/Illuminate/Database/Concerns/BuildsQueries.php(343): Illuminate/Database/Query/Builder->get(Array)
#7 C:/Users/agull/OneDrive/Documents/Visual Studio/GIBLE/vendor/laravel/framework/src/Illuminate/Database/Query/Builder.php(3013): Illuminate/Database/Query/Builder->first(Array)
#8 C:/Users/agull/OneDrive/Documents/Visual Studio/GIBLE/vendor/laravel/framework/src/Illuminate/Session/DatabaseSessionHandler.php(97): Illuminate/Database/Query/Builder->find('yskSUikaZtkg5pl...')
#9 C:/Users/agull/OneDrive/Documents/Visual Studio/GIBLE/vendor/laravel/framework/src/Illuminate/Session/Store.php(117): Illuminate/Session/DatabaseSessionHandler->read('yskSUikaZtkg5pl...')
#10 C:/Users/agull/OneDrive/Documents/Visual Studio/GIBLE/vendor/laravel/framework/src/Illuminate/Session/Store.php(105): Illuminate/Session/Store->readFromHandler()
#11 C:/Users/agull/OneDrive/Documents/Visual Studio/GIBLE/vendor/laravel/framework/src/Illuminate/Session/Store.php(89): Illuminate/Session/Store->loadSession()
#12 C:/Users/agull/OneDrive/Documents/Visual Studio/GIBLE/vendor/laravel/framework/src/Illuminate/Session/Middleware/StartSession.php(147): Illuminate/Session/Store->start()
#13 C:/Users/agull/OneDrive/Documents/Visual Studio/GIBLE/vendor/laravel/framework/src/Illuminate/Support/helpers.php(399): Illuminate/Session/Middleware/StartSession->Illuminate/Session/Middleware/{closure}(Object(Illuminate/Session/Store))
#14 C:/Users/agull/OneDrive/Documents/Visual Studio/GIBLE/vendor/laravel/framework/src/Illuminate/Session/Middleware/StartSession.php(144): tap(Object(Illuminate/Session/Store), Object(Closure))
#15 C:/Users/agull/OneDrive/Documents/Visual Studio/GIBLE/vendor/laravel/framework/src/Illuminate/Session/Middleware/StartSession.php(116): Illuminate/Session/Middleware/StartSession->startSession(Object(Illuminate/Http/Request), Object(Illuminate/Session/Store))
#16 C:/Users/agull/OneDrive/Documents/Visual Studio/GIBLE/vendor/laravel/framework/src/Illuminate/Session/Middleware/StartSession.php(64): Illuminate/Session/Middleware/StartSession->handleStatefulRequest(Object(Illuminate/Http/Request), Object(Illuminate/Session/Store), Object(Closure))
#17 C:/Users/agull/OneDrive/Documents/Visual Studio/GIBLE/vendor/laravel/framework/src/Illuminate/Pipeline/Pipeline.php(209): Illuminate/Session/Middleware/StartSession->handle(Object(Illuminate/Http/Request), Object(Closure))
#18 C:/Users/agull/OneDrive/Documents/Visual Studio/GIBLE/vendor/laravel/framework/src/Illuminate/Cookie/Middleware/AddQueuedCookiesToResponse.php(37): Illuminate/Pipeline/Pipeline->Illuminate/Pipeline/{closure}(Object(Illuminate/Http/Request))
#19 C:/Users/agull/OneDrive/Documents/Visual Studio/GIBLE/vendor/laravel/framework/src/Illuminate/Pipeline/Pipeline.php(209): Illuminate/Cookie/Middleware/AddQueuedCookiesToResponse->handle(Object(Illuminate/Http/Request), Object(Closure))
#20 C:/Users/agull/OneDrive/Documents/Visual Studio/GIBLE/vendor/laravel/framework/src/Illuminate/Cookie/Middleware/EncryptCookies.php(75): Illuminate/Pipeline/Pipeline->Illuminate/Pipeline/{closure}(Object(Illuminate/Http/Request))
#21 C:/Users/agull/OneDrive/Documents/Visual Studio/GIBLE/vendor/laravel/framework/src/Illuminate/Pipeline/Pipeline.php(209): Illuminate/Cookie/Middleware/EncryptCookies->handle(Object(Illuminate/Http/Request), Object(Closure))
#22 C:/Users/agull/OneDrive/Documents/Visual Studio/GIBLE/vendor/laravel/framework/src/Illuminate/Pipeline/Pipeline.php(127): Illuminate/Pipeline/Pipeline->Illuminate/Pipeline/{closure}(Object(Illuminate/Http/Request))
#23 C:/Users/agull/OneDrive/Documents/Visual Studio/GIBLE/vendor/laravel/framework/src/Illuminate/Routing/Router.php(807): Illuminate/Pipeline/Pipeline->then(Object(Closure))
#24 C:/Users/agull/OneDrive/Documents/Visual Studio/GIBLE/vendor/laravel/framework/src/Illuminate/Routing/Router.php(786): Illuminate/Routing/Router->runRouteWithinStack(Object(Illuminate/Routing/Route), Object(Illuminate/Http/Request))
#25 C:/Users/agull/OneDrive/Documents/Visual Studio/GIBLE/vendor/laravel/framework/src/Illuminate/Routing/Router.php(750): Illuminate/Routing/Router->runRoute(Object(Illuminate/Http/Request), Object(Illuminate/Routing/Route))
#26 C:/Users/agull/OneDrive/Documents/Visual Studio/GIBLE/vendor/laravel/framework/src/Illuminate/Routing/Router.php(739): Illuminate/Routing/Router->dispatchToRoute(Object(Illuminate/Http/Request))
#27 C:/Users/agull/OneDrive/Documents/Visual Studio/GIBLE/vendor/laravel/framework/src/Illuminate/Foundation/Http/Kernel.php(201): Illuminate/Routing/Router->dispatch(Object(Illuminate/Http/Request))
#28 C:/Users/agull/OneDrive/Documents/Visual Studio/GIBLE/vendor/laravel/framework/src/Illuminate/Pipeline/Pipeline.php(170): Illuminate/Foundation/Http/Kernel->Illuminate/Foundation/Http/{closure}(Object(Illuminate/Http/Request))
#29 C:/Users/agull/OneDrive/Documents/Visual Studio/GIBLE/vendor/laravel/framework/src/Illuminate/Foundation/Http/Middleware/TransformsRequest.php(21): Illuminate/Pipeline/Pipeline->Illuminate/Pipeline/{closure}(Object(Illuminate/Http/Request))
#30 C:/Users/agull/OneDrive/Documents/Visual Studio/GIBLE/vendor/laravel/framework/src/Illuminate/Foundation/Http/Middleware/ConvertEmptyStringsToNull.php(31): Illuminate/Foundation/Http/Middleware/TransformsRequest->handle(Object(Illuminate/Http/Request), Object(Closure))
#31 C:/Users/agull/OneDrive/Documents/Visual Studio/GIBLE/vendor/laravel/framework/src/Illuminate/Pipeline/Pipeline.php(209): Illuminate/Foundation/Http/Middleware/ConvertEmptyStringsToNull->handle(Object(Illuminate/Http/Request), Object(Closure))
#32 C:/Users/agull/OneDrive/Documents/Visual Studio/GIBLE/vendor/laravel/framework/src/Illuminate/Foundation/Http/Middleware/TransformsRequest.php(21): Illuminate/Pipeline/Pipeline->Illuminate/Pipeline/{closure}(Object(Illuminate/Http/Request))
#33 C:/Users/agull/OneDrive/Documents/Visual Studio/GIBLE/vendor/laravel/framework/src/Illuminate/Foundation/Http/Middleware/TrimStrings.php(51): Illuminate/Foundation/Http/Middleware/TransformsRequest->handle(Object(Illuminate/Http/Request), Object(Closure))
#34 C:/Users/agull/OneDrive/Documents/Visual Studio/GIBLE/vendor/laravel/framework/src/Illuminate/Pipeline/Pipeline.php(209): Illuminate/Foundation/Http/Middleware/TrimStrings->handle(Object(Illuminate/Http/Request), Object(Closure))
#35 C:/Users/agull/OneDrive/Documents/Visual Studio/GIBLE/vendor/laravel/framework/src/Illuminate/Http/Middleware/ValidatePostSize.php(27): Illuminate/Pipeline/Pipeline->Illuminate/Pipeline/{closure}(Object(Illuminate/Http/Request))
#36 C:/Users/agull/OneDrive/Documents/Visual Studio/GIBLE/vendor/laravel/framework/src/Illuminate/Pipeline/Pipeline.php(209): Illuminate/Http/Middleware/ValidatePostSize->handle(Object(Illuminate/Http/Request), Object(Closure))
#37 C:/Users/agull/OneDrive/Documents/Visual Studio/GIBLE/vendor/laravel/framework/src/Illuminate/Foundation/Http/Middleware/PreventRequestsDuringMaintenance.php(110): Illuminate/Pipeline/Pipeline->Illuminate/Pipeline/{closure}(Object(Illuminate/Http/Request))
#38 C:/Users/agull/OneDrive/Documents/Visual Studio/GIBLE/vendor/laravel/framework/src/Illuminate/Pipeline/Pipeline.php(209): Illuminate/Foundation/Http/Middleware/PreventRequestsDuringMaintenance->handle(Object(Illuminate/Http/Request), Object(Closure))
#39 C:/Users/agull/OneDrive/Documents/Visual Studio/GIBLE/vendor/laravel/framework/src/Illuminate/Http/Middleware/HandleCors.php(49): Illuminate/Pipeline/Pipeline->Illuminate/Pipeline/{closure}(Object(Illuminate/Http/Request))
#40 C:/Users/agull/OneDrive/Documents/Visual Studio/GIBLE/vendor/laravel/framework/src/Illuminate/Pipeline/Pipeline.php(209): Illuminate/Http/Middleware/HandleCors->handle(Object(Illuminate/Http/Request), Object(Closure))
#41 C:/Users/agull/OneDrive/Documents/Visual Studio/GIBLE/vendor/laravel/framework/src/Illuminate/Http/Middleware/TrustProxies.php(58): Illuminate/Pipeline/Pipeline->Illuminate/Pipeline/{closure}(Object(Illuminate/Http/Request))
#42 C:/Users/agull/OneDrive/Documents/Visual Studio/GIBLE/vendor/laravel/framework/src/Illuminate/Pipeline/Pipeline.php(209): Illuminate/Http/Middleware/TrustProxies->handle(Object(Illuminate/Http/Request), Object(Closure))
#43 C:/Users/agull/OneDrive/Documents/Visual Studio/GIBLE/vendor/laravel/framework/src/Illuminate/Foundation/Http/Middleware/InvokeDeferredCallbacks.php(22): Illuminate/Pipeline/Pipeline->Illuminate/Pipeline/{closure}(Object(Illuminate/Http/Request))
#44 C:/Users/agull/OneDrive/Documents/Visual Studio/GIBLE/vendor/laravel/framework/src/Illuminate/Pipeline/Pipeline.php(209): Illuminate/Foundation/Http/Middleware/InvokeDeferredCallbacks->handle(Object(Illuminate/Http/Request), Object(Closure))
#45 C:/Users/agull/OneDrive/Documents/Visual Studio/GIBLE/vendor/laravel/framework/src/Illuminate/Pipeline/Pipeline.php(127): Illuminate/Pipeline/Pipeline->Illuminate/Pipeline/{closure}(Object(Illuminate/Http/Request))
#46 C:/Users/agull/OneDrive/Documents/Visual Studio/GIBLE/vendor/laravel/framework/src/Illuminate/Foundation/Http/Kernel.php(176): Illuminate/Pipeline/Pipeline->then(Object(Closure))
#47 C:/Users/agull/OneDrive/Documents/Visual Studio/GIBLE/vendor/laravel/framework/src/Illuminate/Foundation/Http/Kernel.php(145): Illuminate/Foundation/Http/Kernel->sendRequestThroughRouter(Object(Illuminate/Http/Request))
#48 C:/Users/agull/OneDrive/Documents/Visual Studio/GIBLE/vendor/laravel/framework/src/Illuminate/Foundation/Application.php(1220): Illuminate/Foundation/Http/Kernel->handle(Object(Illuminate/Http/Request))
#49 C:/Users/agull/OneDrive/Documents/Visual Studio/GIBLE/public/index.php(20): Illuminate/Foundation/Application->handleRequest(Object(Illuminate/Http/Request))
#50 C:/Users/agull/OneDrive/Documents/Visual Studio/GIBLE/vendor/laravel/framework/src/Illuminate/Foundation/resources/server.php(23): require_once('C://Users//agull//...')
#51 {main}

[previous exception] [object] (PDOException(code: 42S02): SQLSTATE[42S02]: Base table or view not found: 1146 Table 'gible.sessions' doesn't exist at C:/Users/agull/OneDrive/Documents/Visual Studio/GIBLE/vendor/laravel/framework/src/Illuminate/Database/Connection.php:407)
[stacktrace]
#0 C:/Users/agull/OneDrive/Documents/Visual Studio/GIBLE/vendor/laravel/framework/src/Illuminate/Database/Connection.php(407): PDO->prepare('select * from `...')
#1 C:/Users/agull/OneDrive/Documents/Visual Studio/GIBLE/vendor/laravel/framework/src/Illuminate/Database/Connection.php(812): Illuminate/Database/Connection->Illuminate/Database/{closure}('select * from `...', Array)
#2 C:/Users/agull/OneDrive/Documents/Visual Studio/GIBLE/vendor/laravel/framework/src/Illuminate/Database/Connection.php(779): Illuminate/Database/Connection->runQueryCallback('select * from `...', Array, Object(Closure))
#3 C:/Users/agull/OneDrive/Documents/Visual Studio/GIBLE/vendor/laravel/framework/src/Illuminate/Database/Connection.php(398): Illuminate/Database/Connection->run('select * from `...', Array, Object(Closure))
#4 C:/Users/agull/OneDrive/Documents/Visual Studio/GIBLE/vendor/laravel/framework/src/Illuminate/Database/Query/Builder.php(3106): Illuminate/Database/Connection->select('select * from `...', Array, false)
#5 C:/Users/agull/OneDrive/Documents/Visual Studio/GIBLE/vendor/laravel/framework/src/Illuminate/Database/Query/Builder.php(3091): Illuminate/Database/Query/Builder->runSelect()
#6 C:/Users/agull/OneDrive/Documents/Visual Studio/GIBLE/vendor/laravel/framework/src/Illuminate/Database/Query/Builder.php(3676): Illuminate/Database/Query/Builder->Illuminate/Database/Query/{closure}()
#7 C:/Users/agull/OneDrive/Documents/Visual Studio/GIBLE/vendor/laravel/framework/src/Illuminate/Database/Query/Builder.php(3090): Illuminate/Database/Query/Builder->onceWithColumns(Array, Object(Closure))
#8 C:/Users/agull/OneDrive/Documents/Visual Studio/GIBLE/vendor/laravel/framework/src/Illuminate/Database/Concerns/BuildsQueries.php(343): Illuminate/Database/Query/Builder->get(Array)
#9 C:/Users/agull/OneDrive/Documents/Visual Studio/GIBLE/vendor/laravel/framework/src/Illuminate/Database/Query/Builder.php(3013): Illuminate/Database/Query/Builder->first(Array)
#10 C:/Users/agull/OneDrive/Documents/Visual Studio/GIBLE/vendor/laravel/framework/src/Illuminate/Session/DatabaseSessionHandler.php(97): Illuminate/Database/Query/Builder->find('yskSUikaZtkg5pl...')
#11 C:/Users/agull/OneDrive/Documents/Visual Studio/GIBLE/vendor/laravel/framework/src/Illuminate/Session/Store.php(117): Illuminate/Session/DatabaseSessionHandler->read('yskSUikaZtkg5pl...')
#12 C:/Users/agull/OneDrive/Documents/Visual Studio/GIBLE/vendor/laravel/framework/src/Illuminate/Session/Store.php(105): Illuminate/Session/Store->readFromHandler()
#13 C:/Users/agull/OneDrive/Documents/Visual Studio/GIBLE/vendor/laravel/framework/src/Illuminate/Session/Store.php(89): Illuminate/Session/Store->loadSession()
#14 C:/Users/agull/OneDrive/Documents/Visual Studio/GIBLE/vendor/laravel/framework/src/Illuminate/Session/Middleware/StartSession.php(147): Illuminate/Session/Store->start()
#15 C:/Users/agull/OneDrive/Documents/Visual Studio/GIBLE/vendor/laravel/framework/src/Illuminate/Support/helpers.php(399): Illuminate/Session/Middleware/StartSession->Illuminate/Session/Middleware/{closure}(Object(Illuminate/Session/Store))
#16 C:/Users/agull/OneDrive/Documents/Visual Studio/GIBLE/vendor/laravel/framework/src/Illuminate/Session/Middleware/StartSession.php(144): tap(Object(Illuminate/Session/Store), Object(Closure))
#17 C:/Users/agull/OneDrive/Documents/Visual Studio/GIBLE/vendor/laravel/framework/src/Illuminate/Session/Middleware/StartSession.php(116): Illuminate/Session/Middleware/StartSession->startSession(Object(Illuminate/Http/Request), Object(Illuminate/Session/Store))
#18 C:/Users/agull/OneDrive/Documents/Visual Studio/GIBLE/vendor/laravel/framework/src/Illuminate/Session/Middleware/StartSession.php(64): Illuminate/Session/Middleware/StartSession->handleStatefulRequest(Object(Illuminate/Http/Request), Object(Illuminate/Session/Store), Object(Closure))
#19 C:/Users/agull/OneDrive/Documents/Visual Studio/GIBLE/vendor/laravel/framework/src/Illuminate/Pipeline/Pipeline.php(209): Illuminate/Session/Middleware/StartSession->handle(Object(Illuminate/Http/Request), Object(Closure))
#20 C:/Users/agull/OneDrive/Documents/Visual Studio/GIBLE/vendor/laravel/framework/src/Illuminate/Cookie/Middleware/AddQueuedCookiesToResponse.php(37): Illuminate/Pipeline/Pipeline->Illuminate/Pipeline/{closure}(Object(Illuminate/Http/Request))
#21 C:/Users/agull/OneDrive/Documents/Visual Studio/GIBLE/vendor/laravel/framework/src/Illuminate/Pipeline/Pipeline.php(209): Illuminate/Cookie/Middleware/AddQueuedCookiesToResponse->handle(Object(Illuminate/Http/Request), Object(Closure))
#22 C:/Users/agull/OneDrive/Documents/Visual Studio/GIBLE/vendor/laravel/framework/src/Illuminate/Cookie/Middleware/EncryptCookies.php(75): Illuminate/Pipeline/Pipeline->Illuminate/Pipeline/{closure}(Object(Illuminate/Http/Request))
#23 C:/Users/agull/OneDrive/Documents/Visual Studio/GIBLE/vendor/laravel/framework/src/Illuminate/Pipeline/Pipeline.php(209): Illuminate/Cookie/Middleware/EncryptCookies->handle(Object(Illuminate/Http/Request), Object(Closure))
#24 C:/Users/agull/OneDrive/Documents/Visual Studio/GIBLE/vendor/laravel/framework/src/Illuminate/Pipeline/Pipeline.php(127): Illuminate/Pipeline/Pipeline->Illuminate/Pipeline/{closure}(Object(Illuminate/Http/Request))
#25 C:/Users/agull/OneDrive/Documents/Visual Studio/GIBLE/vendor/laravel/framework/src/Illuminate/Routing/Router.php(807): Illuminate/Pipeline/Pipeline->then(Object(Closure))
#26 C:/Users/agull/OneDrive/Documents/Visual Studio/GIBLE/vendor/laravel/framework/src/Illuminate/Routing/Router.php(786): Illuminate/Routing/Router->runRouteWithinStack(Object(Illuminate/Routing/Route), Object(Illuminate/Http/Request))
#27 C:/Users/agull/OneDrive/Documents/Visual Studio/GIBLE/vendor/laravel/framework/src/Illuminate/Routing/Router.php(750): Illuminate/Routing/Router->runRoute(Object(Illuminate/Http/Request), Object(Illuminate/Routing/Route))
#28 C:/Users/agull/OneDrive/Documents/Visual Studio/GIBLE/vendor/laravel/framework/src/Illuminate/Routing/Router.php(739): Illuminate/Routing/Router->dispatchToRoute(Object(Illuminate/Http/Request))
#29 C:/Users/agull/OneDrive/Documents/Visual Studio/GIBLE/vendor/laravel/framework/src/Illuminate/Foundation/Http/Kernel.php(201): Illuminate/Routing/Router->dispatch(Object(Illuminate/Http/Request))
#30 C:/Users/agull/OneDrive/Documents/Visual Studio/GIBLE/vendor/laravel/framework/src/Illuminate/Pipeline/Pipeline.php(170): Illuminate/Foundation/Http/Kernel->Illuminate/Foundation/Http/{closure}(Object(Illuminate/Http/Request))
#31 C:/Users/agull/OneDrive/Documents/Visual Studio/GIBLE/vendor/laravel/framework/src/Illuminate/Foundation/Http/Middleware/TransformsRequest.php(21): Illuminate/Pipeline/Pipeline->Illuminate/Pipeline/{closure}(Object(Illuminate/Http/Request))
#32 C:/Users/agull/OneDrive/Documents/Visual Studio/GIBLE/vendor/laravel/framework/src/Illuminate/Foundation/Http/Middleware/ConvertEmptyStringsToNull.php(31): Illuminate/Foundation/Http/Middleware/TransformsRequest->handle(Object(Illuminate/Http/Request), Object(Closure))
#33 C:/Users/agull/OneDrive/Documents/Visual Studio/GIBLE/vendor/laravel/framework/src/Illuminate/Pipeline/Pipeline.php(209): Illuminate/Foundation/Http/Middleware/ConvertEmptyStringsToNull->handle(Object(Illuminate/Http/Request), Object(Closure))
#34 C:/Users/agull/OneDrive/Documents/Visual Studio/GIBLE/vendor/laravel/framework/src/Illuminate/Foundation/Http/Middleware/TransformsRequest.php(21): Illuminate/Pipeline/Pipeline->Illuminate/Pipeline/{closure}(Object(Illuminate/Http/Request))
#35 C:/Users/agull/OneDrive/Documents/Visual Studio/GIBLE/vendor/laravel/framework/src/Illuminate/Foundation/Http/Middleware/TrimStrings.php(51): Illuminate/Foundation/Http/Middleware/TransformsRequest->handle(Object(Illuminate/Http/Request), Object(Closure))
#36 C:/Users/agull/OneDrive/Documents/Visual Studio/GIBLE/vendor/laravel/framework/src/Illuminate/Pipeline/Pipeline.php(209): Illuminate/Foundation/Http/Middleware/TrimStrings->handle(Object(Illuminate/Http/Request), Object(Closure))
#37 C:/Users/agull/OneDrive/Documents/Visual Studio/GIBLE/vendor/laravel/framework/src/Illuminate/Http/Middleware/ValidatePostSize.php(27): Illuminate/Pipeline/Pipeline->Illuminate/Pipeline/{closure}(Object(Illuminate/Http/Request))
#38 C:/Users/agull/OneDrive/Documents/Visual Studio/GIBLE/vendor/laravel/framework/src/Illuminate/Pipeline/Pipeline.php(209): Illuminate/Http/Middleware/ValidatePostSize->handle(Object(Illuminate/Http/Request), Object(Closure))
#39 C:/Users/agull/OneDrive/Documents/Visual Studio/GIBLE/vendor/laravel/framework/src/Illuminate/Foundation/Http/Middleware/PreventRequestsDuringMaintenance.php(110): Illuminate/Pipeline/Pipeline->Illuminate/Pipeline/{closure}(Object(Illuminate/Http/Request))
#40 C:/Users/agull/OneDrive/Documents/Visual Studio/GIBLE/vendor/laravel/framework/src/Illuminate/Pipeline/Pipeline.php(209): Illuminate/Foundation/Http/Middleware/PreventRequestsDuringMaintenance->handle(Object(Illuminate/Http/Request), Object(Closure))
#41 C:/Users/agull/OneDrive/Documents/Visual Studio/GIBLE/vendor/laravel/framework/src/Illuminate/Http/Middleware/HandleCors.php(49): Illuminate/Pipeline/Pipeline->Illuminate/Pipeline/{closure}(Object(Illuminate/Http/Request))
#42 C:/Users/agull/OneDrive/Documents/Visual Studio/GIBLE/vendor/laravel/framework/src/Illuminate/Pipeline/Pipeline.php(209): Illuminate/Http/Middleware/HandleCors->handle(Object(Illuminate/Http/Request), Object(Closure))
#43 C:/Users/agull/OneDrive/Documents/Visual Studio/GIBLE/vendor/laravel/framework/src/Illuminate/Http/Middleware/TrustProxies.php(58): Illuminate/Pipeline/Pipeline->Illuminate/Pipeline/{closure}(Object(Illuminate/Http/Request))
#44 C:/Users/agull/OneDrive/Documents/Visual Studio/GIBLE/vendor/laravel/framework/src/Illuminate/Pipeline/Pipeline.php(209): Illuminate/Http/Middleware/TrustProxies->handle(Object(Illuminate/Http/Request), Object(Closure))
#45 C:/Users/agull/OneDrive/Documents/Visual Studio/GIBLE/vendor/laravel/framework/src/Illuminate/Foundation/Http/Middleware/InvokeDeferredCallbacks.php(22): Illuminate/Pipeline/Pipeline->Illuminate/Pipeline/{closure}(Object(Illuminate/Http/Request))
#46 C:/Users/agull/OneDrive/Documents/Visual Studio/GIBLE/vendor/laravel/framework/src/Illuminate/Pipeline/Pipeline.php(209): Illuminate/Foundation/Http/Middleware/InvokeDeferredCallbacks->handle(Object(Illuminate/Http/Request), Object(Closure))
#47 C:/Users/agull/OneDrive/Documents/Visual Studio/GIBLE/vendor/laravel/framework/src/Illuminate/Pipeline/Pipeline.php(127): Illuminate/Pipeline/Pipeline->Illuminate/Pipeline/{closure}(Object(Illuminate/Http/Request))
#48 C:/Users/agull/OneDrive/Documents/Visual Studio/GIBLE/vendor/laravel/framework/src/Illuminate/Foundation/Http/Kernel.php(176): Illuminate/Pipeline/Pipeline->then(Object(Closure))
#49 C:/Users/agull/OneDrive/Documents/Visual Studio/GIBLE/vendor/laravel/framework/src/Illuminate/Foundation/Http/Kernel.php(145): Illuminate/Foundation/Http/Kernel->sendRequestThroughRouter(Object(Illuminate/Http/Request))
#50 C:/Users/agull/OneDrive/Documents/Visual Studio/GIBLE/vendor/laravel/framework/src/Illuminate/Foundation/Application.php(1220): Illuminate/Foundation/Http/Kernel->handle(Object(Illuminate/Http/Request))
#51 C:/Users/agull/OneDrive/Documents/Visual Studio/GIBLE/public/index.php(20): Illuminate/Foundation/Application->handleRequest(Object(Illuminate/Http/Request))
#52 C:/Users/agull/OneDrive/Documents/Visual Studio/GIBLE/vendor/laravel/framework/src/Illuminate/Foundation/resources/server.php(23): require_once('C://Users//agull//...')
#53 {main}
"} 
[2026-05-02 10:05:34] local.ERROR: SQLSTATE[42S02]: Base table or view not found: 1146 Table 'gible.sessions' doesn't exist (Connection: mysql, SQL: select * from `sessions` where `id` = uRtRQjM1vSdP4aL7AVViAzS7d2QeLORaudoltnzh limit 1) {"exception":"[object] (Illuminate\\Database\\QueryException(code: 42S02): SQLSTATE[42S02]: Base table or view not found: 1146 Table 'gible.sessions' doesn't exist (Connection: mysql, SQL: select * from `sessions` where `id` = uRtRQjM1vSdP4aL7AVViAzS7d2QeLORaudoltnzh limit 1) at C:/Users/agull/OneDrive/Documents/Visual Studio/GIBLE/vendor/laravel/framework/src/Illuminate/Database/Connection.php:825)
[stacktrace]
#0 C:/Users/agull/OneDrive/Documents/Visual Studio/GIBLE/vendor/laravel/framework/src/Illuminate/Database/Connection.php(779): Illuminate/Database/Connection->runQueryCallback('select * from `...', Array, Object(Closure))
#1 C:/Users/agull/OneDrive/Documents/Visual Studio/GIBLE/vendor/laravel/framework/src/Illuminate/Database/Connection.php(398): Illuminate/Database/Connection->run('select * from `...', Array, Object(Closure))
#2 C:/Users/agull/OneDrive/Documents/Visual Studio/GIBLE/vendor/laravel/framework/src/Illuminate/Database/Query/Builder.php(3106): Illuminate/Database/Connection->select('select * from `...', Array, false)
#3 C:/Users/agull/OneDrive/Documents/Visual Studio/GIBLE/vendor/laravel/framework/src/Illuminate/Database/Query/Builder.php(3091): Illuminate/Database/Query/Builder->runSelect()
#4 C:/Users/agull/OneDrive/Documents/Visual Studio/GIBLE/vendor/laravel/framework/src/Illuminate/Database/Query/Builder.php(3676): Illuminate/Database/Query/Builder->Illuminate/Database/Query/{closure}()
#5 C:/Users/agull/OneDrive/Documents/Visual Studio/GIBLE/vendor/laravel/framework/src/Illuminate/Database/Query/Builder.php(3090): Illuminate/Database/Query/Builder->onceWithColumns(Array, Object(Closure))
#6 C:/Users/agull/OneDrive/Documents/Visual Studio/GIBLE/vendor/laravel/framework/src/Illuminate/Database/Concerns/BuildsQueries.php(343): Illuminate/Database/Query/Builder->get(Array)
#7 C:/Users/agull/OneDrive/Documents/Visual Studio/GIBLE/vendor/laravel/framework/src/Illuminate/Database/Query/Builder.php(3013): Illuminate/Database/Query/Builder->first(Array)
#8 C:/Users/agull/OneDrive/Documents/Visual Studio/GIBLE/vendor/laravel/framework/src/Illuminate/Session/DatabaseSessionHandler.php(97): Illuminate/Database/Query/Builder->find('uRtRQjM1vSdP4aL...')
#9 C:/Users/agull/OneDrive/Documents/Visual Studio/GIBLE/vendor/laravel/framework/src/Illuminate/Session/Store.php(117): Illuminate/Session/DatabaseSessionHandler->read('uRtRQjM1vSdP4aL...')
#10 C:/Users/agull/OneDrive/Documents/Visual Studio/GIBLE/vendor/laravel/framework/src/Illuminate/Session/Store.php(105): Illuminate/Session/Store->readFromHandler()
#11 C:/Users/agull/OneDrive/Documents/Visual Studio/GIBLE/vendor/laravel/framework/src/Illuminate/Session/Store.php(89): Illuminate/Session/Store->loadSession()
#12 C:/Users/agull/OneDrive/Documents/Visual Studio/GIBLE/vendor/laravel/framework/src/Illuminate/Session/Middleware/StartSession.php(147): Illuminate/Session/Store->start()
#13 C:/Users/agull/OneDrive/Documents/Visual Studio/GIBLE/vendor/laravel/framework/src/Illuminate/Support/helpers.php(399): Illuminate/Session/Middleware/StartSession->Illuminate/Session/Middleware/{closure}(Object(Illuminate/Session/Store))
#14 C:/Users/agull/OneDrive/Documents/Visual Studio/GIBLE/vendor/laravel/framework/src/Illuminate/Session/Middleware/StartSession.php(144): tap(Object(Illuminate/Session/Store), Object(Closure))
#15 C:/Users/agull/OneDrive/Documents/Visual Studio/GIBLE/vendor/laravel/framework/src/Illuminate/Session/Middleware/StartSession.php(116): Illuminate/Session/Middleware/StartSession->startSession(Object(Illuminate/Http/Request), Object(Illuminate/Session/Store))
#16 C:/Users/agull/OneDrive/Documents/Visual Studio/GIBLE/vendor/laravel/framework/src/Illuminate/Session/Middleware/StartSession.php(64): Illuminate/Session/Middleware/StartSession->handleStatefulRequest(Object(Illuminate/Http/Request), Object(Illuminate/Session/Store), Object(Closure))
#17 C:/Users/agull/OneDrive/Documents/Visual Studio/GIBLE/vendor/laravel/framework/src/Illuminate/Pipeline/Pipeline.php(209): Illuminate/Session/Middleware/StartSession->handle(Object(Illuminate/Http/Request), Object(Closure))
#18 C:/Users/agull/OneDrive/Documents/Visual Studio/GIBLE/vendor/laravel/framework/src/Illuminate/Cookie/Middleware/AddQueuedCookiesToResponse.php(37): Illuminate/Pipeline/Pipeline->Illuminate/Pipeline/{closure}(Object(Illuminate/Http/Request))
#19 C:/Users/agull/OneDrive/Documents/Visual Studio/GIBLE/vendor/laravel/framework/src/Illuminate/Pipeline/Pipeline.php(209): Illuminate/Cookie/Middleware/AddQueuedCookiesToResponse->handle(Object(Illuminate/Http/Request), Object(Closure))
#20 C:/Users/agull/OneDrive/Documents/Visual Studio/GIBLE/vendor/laravel/framework/src/Illuminate/Cookie/Middleware/EncryptCookies.php(75): Illuminate/Pipeline/Pipeline->Illuminate/Pipeline/{closure}(Object(Illuminate/Http/Request))
#21 C:/Users/agull/OneDrive/Documents/Visual Studio/GIBLE/vendor/laravel/framework/src/Illuminate/Pipeline/Pipeline.php(209): Illuminate/Cookie/Middleware/EncryptCookies->handle(Object(Illuminate/Http/Request), Object(Closure))
#22 C:/Users/agull/OneDrive/Documents/Visual Studio/GIBLE/vendor/laravel/framework/src/Illuminate/Pipeline/Pipeline.php(127): Illuminate/Pipeline/Pipeline->Illuminate/Pipeline/{closure}(Object(Illuminate/Http/Request))
#23 C:/Users/agull/OneDrive/Documents/Visual Studio/GIBLE/vendor/laravel/framework/src/Illuminate/Routing/Router.php(807): Illuminate/Pipeline/Pipeline->then(Object(Closure))
#24 C:/Users/agull/OneDrive/Documents/Visual Studio/GIBLE/vendor/laravel/framework/src/Illuminate/Routing/Router.php(786): Illuminate/Routing/Router->runRouteWithinStack(Object(Illuminate/Routing/Route), Object(Illuminate/Http/Request))
#25 C:/Users/agull/OneDrive/Documents/Visual Studio/GIBLE/vendor/laravel/framework/src/Illuminate/Routing/Router.php(750): Illuminate/Routing/Router->runRoute(Object(Illuminate/Http/Request), Object(Illuminate/Routing/Route))
#26 C:/Users/agull/OneDrive/Documents/Visual Studio/GIBLE/vendor/laravel/framework/src/Illuminate/Routing/Router.php(739): Illuminate/Routing/Router->dispatchToRoute(Object(Illuminate/Http/Request))
#27 C:/Users/agull/OneDrive/Documents/Visual Studio/GIBLE/vendor/laravel/framework/src/Illuminate/Foundation/Http/Kernel.php(201): Illuminate/Routing/Router->dispatch(Object(Illuminate/Http/Request))
#28 C:/Users/agull/OneDrive/Documents/Visual Studio/GIBLE/vendor/laravel/framework/src/Illuminate/Pipeline/Pipeline.php(170): Illuminate/Foundation/Http/Kernel->Illuminate/Foundation/Http/{closure}(Object(Illuminate/Http/Request))
#29 C:/Users/agull/OneDrive/Documents/Visual Studio/GIBLE/vendor/laravel/framework/src/Illuminate/Foundation/Http/Middleware/TransformsRequest.php(21): Illuminate/Pipeline/Pipeline->Illuminate/Pipeline/{closure}(Object(Illuminate/Http/Request))
#30 C:/Users/agull/OneDrive/Documents/Visual Studio/GIBLE/vendor/laravel/framework/src/Illuminate/Foundation/Http/Middleware/ConvertEmptyStringsToNull.php(31): Illuminate/Foundation/Http/Middleware/TransformsRequest->handle(Object(Illuminate/Http/Request), Object(Closure))
#31 C:/Users/agull/OneDrive/Documents/Visual Studio/GIBLE/vendor/laravel/framework/src/Illuminate/Pipeline/Pipeline.php(209): Illuminate/Foundation/Http/Middleware/ConvertEmptyStringsToNull->handle(Object(Illuminate/Http/Request), Object(Closure))
#32 C:/Users/agull/OneDrive/Documents/Visual Studio/GIBLE/vendor/laravel/framework/src/Illuminate/Foundation/Http/Middleware/TransformsRequest.php(21): Illuminate/Pipeline/Pipeline->Illuminate/Pipeline/{closure}(Object(Illuminate/Http/Request))
#33 C:/Users/agull/OneDrive/Documents/Visual Studio/GIBLE/vendor/laravel/framework/src/Illuminate/Foundation/Http/Middleware/TrimStrings.php(51): Illuminate/Foundation/Http/Middleware/TransformsRequest->handle(Object(Illuminate/Http/Request), Object(Closure))
#34 C:/Users/agull/OneDrive/Documents/Visual Studio/GIBLE/vendor/laravel/framework/src/Illuminate/Pipeline/Pipeline.php(209): Illuminate/Foundation/Http/Middleware/TrimStrings->handle(Object(Illuminate/Http/Request), Object(Closure))
#35 C:/Users/agull/OneDrive/Documents/Visual Studio/GIBLE/vendor/laravel/framework/src/Illuminate/Http/Middleware/ValidatePostSize.php(27): Illuminate/Pipeline/Pipeline->Illuminate/Pipeline/{closure}(Object(Illuminate/Http/Request))
#36 C:/Users/agull/OneDrive/Documents/Visual Studio/GIBLE/vendor/laravel/framework/src/Illuminate/Pipeline/Pipeline.php(209): Illuminate/Http/Middleware/ValidatePostSize->handle(Object(Illuminate/Http/Request), Object(Closure))
#37 C:/Users/agull/OneDrive/Documents/Visual Studio/GIBLE/vendor/laravel/framework/src/Illuminate/Foundation/Http/Middleware/PreventRequestsDuringMaintenance.php(110): Illuminate/Pipeline/Pipeline->Illuminate/Pipeline/{closure}(Object(Illuminate/Http/Request))
#38 C:/Users/agull/OneDrive/Documents/Visual Studio/GIBLE/vendor/laravel/framework/src/Illuminate/Pipeline/Pipeline.php(209): Illuminate/Foundation/Http/Middleware/PreventRequestsDuringMaintenance->handle(Object(Illuminate/Http/Request), Object(Closure))
#39 C:/Users/agull/OneDrive/Documents/Visual Studio/GIBLE/vendor/laravel/framework/src/Illuminate/Http/Middleware/HandleCors.php(49): Illuminate/Pipeline/Pipeline->Illuminate/Pipeline/{closure}(Object(Illuminate/Http/Request))
#40 C:/Users/agull/OneDrive/Documents/Visual Studio/GIBLE/vendor/laravel/framework/src/Illuminate/Pipeline/Pipeline.php(209): Illuminate/Http/Middleware/HandleCors->handle(Object(Illuminate/Http/Request), Object(Closure))
#41 C:/Users/agull/OneDrive/Documents/Visual Studio/GIBLE/vendor/laravel/framework/src/Illuminate/Http/Middleware/TrustProxies.php(58): Illuminate/Pipeline/Pipeline->Illuminate/Pipeline/{closure}(Object(Illuminate/Http/Request))
#42 C:/Users/agull/OneDrive/Documents/Visual Studio/GIBLE/vendor/laravel/framework/src/Illuminate/Pipeline/Pipeline.php(209): Illuminate/Http/Middleware/TrustProxies->handle(Object(Illuminate/Http/Request), Object(Closure))
#43 C:/Users/agull/OneDrive/Documents/Visual Studio/GIBLE/vendor/laravel/framework/src/Illuminate/Foundation/Http/Middleware/InvokeDeferredCallbacks.php(22): Illuminate/Pipeline/Pipeline->Illuminate/Pipeline/{closure}(Object(Illuminate/Http/Request))
#44 C:/Users/agull/OneDrive/Documents/Visual Studio/GIBLE/vendor/laravel/framework/src/Illuminate/Pipeline/Pipeline.php(209): Illuminate/Foundation/Http/Middleware/InvokeDeferredCallbacks->handle(Object(Illuminate/Http/Request), Object(Closure))
#45 C:/Users/agull/OneDrive/Documents/Visual Studio/GIBLE/vendor/laravel/framework/src/Illuminate/Pipeline/Pipeline.php(127): Illuminate/Pipeline/Pipeline->Illuminate/Pipeline/{closure}(Object(Illuminate/Http/Request))
#46 C:/Users/agull/OneDrive/Documents/Visual Studio/GIBLE/vendor/laravel/framework/src/Illuminate/Foundation/Http/Kernel.php(176): Illuminate/Pipeline/Pipeline->then(Object(Closure))
#47 C:/Users/agull/OneDrive/Documents/Visual Studio/GIBLE/vendor/laravel/framework/src/Illuminate/Foundation/Http/Kernel.php(145): Illuminate/Foundation/Http/Kernel->sendRequestThroughRouter(Object(Illuminate/Http/Request))
#48 C:/Users/agull/OneDrive/Documents/Visual Studio/GIBLE/vendor/laravel/framework/src/Illuminate/Foundation/Application.php(1220): Illuminate/Foundation/Http/Kernel->handle(Object(Illuminate/Http/Request))
#49 C:/Users/agull/OneDrive/Documents/Visual Studio/GIBLE/public/index.php(20): Illuminate/Foundation/Application->handleRequest(Object(Illuminate/Http/Request))
#50 C:/Users/agull/OneDrive/Documents/Visual Studio/GIBLE/vendor/laravel/framework/src/Illuminate/Foundation/resources/server.php(23): require_once('C://Users//agull//...')
#51 {main}

[previous exception] [object] (PDOException(code: 42S02): SQLSTATE[42S02]: Base table or view not found: 1146 Table 'gible.sessions' doesn't exist at C:/Users/agull/OneDrive/Documents/Visual Studio/GIBLE/vendor/laravel/framework/src/Illuminate/Database/Connection.php:407)
[stacktrace]
#0 C:/Users/agull/OneDrive/Documents/Visual Studio/GIBLE/vendor/laravel/framework/src/Illuminate/Database/Connection.php(407): PDO->prepare('select * from `...')
#1 C:/Users/agull/OneDrive/Documents/Visual Studio/GIBLE/vendor/laravel/framework/src/Illuminate/Database/Connection.php(812): Illuminate/Database/Connection->Illuminate/Database/{closure}('select * from `...', Array)
#2 C:/Users/agull/OneDrive/Documents/Visual Studio/GIBLE/vendor/laravel/framework/src/Illuminate/Database/Connection.php(779): Illuminate/Database/Connection->runQueryCallback('select * from `...', Array, Object(Closure))
#3 C:/Users/agull/OneDrive/Documents/Visual Studio/GIBLE/vendor/laravel/framework/src/Illuminate/Database/Connection.php(398): Illuminate/Database/Connection->run('select * from `...', Array, Object(Closure))
#4 C:/Users/agull/OneDrive/Documents/Visual Studio/GIBLE/vendor/laravel/framework/src/Illuminate/Database/Query/Builder.php(3106): Illuminate/Database/Connection->select('select * from `...', Array, false)
#5 C:/Users/agull/OneDrive/Documents/Visual Studio/GIBLE/vendor/laravel/framework/src/Illuminate/Database/Query/Builder.php(3091): Illuminate/Database/Query/Builder->runSelect()
#6 C:/Users/agull/OneDrive/Documents/Visual Studio/GIBLE/vendor/laravel/framework/src/Illuminate/Database/Query/Builder.php(3676): Illuminate/Database/Query/Builder->Illuminate/Database/Query/{closure}()
#7 C:/Users/agull/OneDrive/Documents/Visual Studio/GIBLE/vendor/laravel/framework/src/Illuminate/Database/Query/Builder.php(3090): Illuminate/Database/Query/Builder->onceWithColumns(Array, Object(Closure))
#8 C:/Users/agull/OneDrive/Documents/Visual Studio/GIBLE/vendor/laravel/framework/src/Illuminate/Database/Concerns/BuildsQueries.php(343): Illuminate/Database/Query/Builder->get(Array)
#9 C:/Users/agull/OneDrive/Documents/Visual Studio/GIBLE/vendor/laravel/framework/src/Illuminate/Database/Query/Builder.php(3013): Illuminate/Database/Query/Builder->first(Array)
#10 C:/Users/agull/OneDrive/Documents/Visual Studio/GIBLE/vendor/laravel/framework/src/Illuminate/Session/DatabaseSessionHandler.php(97): Illuminate/Database/Query/Builder->find('uRtRQjM1vSdP4aL...')
#11 C:/Users/agull/OneDrive/Documents/Visual Studio/GIBLE/vendor/laravel/framework/src/Illuminate/Session/Store.php(117): Illuminate/Session/DatabaseSessionHandler->read('uRtRQjM1vSdP4aL...')
#12 C:/Users/agull/OneDrive/Documents/Visual Studio/GIBLE/vendor/laravel/framework/src/Illuminate/Session/Store.php(105): Illuminate/Session/Store->readFromHandler()
#13 C:/Users/agull/OneDrive/Documents/Visual Studio/GIBLE/vendor/laravel/framework/src/Illuminate/Session/Store.php(89): Illuminate/Session/Store->loadSession()
#14 C:/Users/agull/OneDrive/Documents/Visual Studio/GIBLE/vendor/laravel/framework/src/Illuminate/Session/Middleware/StartSession.php(147): Illuminate/Session/Store->start()
#15 C:/Users/agull/OneDrive/Documents/Visual Studio/GIBLE/vendor/laravel/framework/src/Illuminate/Support/helpers.php(399): Illuminate/Session/Middleware/StartSession->Illuminate/Session/Middleware/{closure}(Object(Illuminate/Session/Store))
#16 C:/Users/agull/OneDrive/Documents/Visual Studio/GIBLE/vendor/laravel/framework/src/Illuminate/Session/Middleware/StartSession.php(144): tap(Object(Illuminate/Session/Store), Object(Closure))
#17 C:/Users/agull/OneDrive/Documents/Visual Studio/GIBLE/vendor/laravel/framework/src/Illuminate/Session/Middleware/StartSession.php(116): Illuminate/Session/Middleware/StartSession->startSession(Object(Illuminate/Http/Request), Object(Illuminate/Session/Store))
#18 C:/Users/agull/OneDrive/Documents/Visual Studio/GIBLE/vendor/laravel/framework/src/Illuminate/Session/Middleware/StartSession.php(64): Illuminate/Session/Middleware/StartSession->handleStatefulRequest(Object(Illuminate/Http/Request), Object(Illuminate/Session/Store), Object(Closure))
#19 C:/Users/agull/OneDrive/Documents/Visual Studio/GIBLE/vendor/laravel/framework/src/Illuminate/Pipeline/Pipeline.php(209): Illuminate/Session/Middleware/StartSession->handle(Object(Illuminate/Http/Request), Object(Closure))
#20 C:/Users/agull/OneDrive/Documents/Visual Studio/GIBLE/vendor/laravel/framework/src/Illuminate/Cookie/Middleware/AddQueuedCookiesToResponse.php(37): Illuminate/Pipeline/Pipeline->Illuminate/Pipeline/{closure}(Object(Illuminate/Http/Request))
#21 C:/Users/agull/OneDrive/Documents/Visual Studio/GIBLE/vendor/laravel/framework/src/Illuminate/Pipeline/Pipeline.php(209): Illuminate/Cookie/Middleware/AddQueuedCookiesToResponse->handle(Object(Illuminate/Http/Request), Object(Closure))
#22 C:/Users/agull/OneDrive/Documents/Visual Studio/GIBLE/vendor/laravel/framework/src/Illuminate/Cookie/Middleware/EncryptCookies.php(75): Illuminate/Pipeline/Pipeline->Illuminate/Pipeline/{closure}(Object(Illuminate/Http/Request))
#23 C:/Users/agull/OneDrive/Documents/Visual Studio/GIBLE/vendor/laravel/framework/src/Illuminate/Pipeline/Pipeline.php(209): Illuminate/Cookie/Middleware/EncryptCookies->handle(Object(Illuminate/Http/Request), Object(Closure))
#24 C:/Users/agull/OneDrive/Documents/Visual Studio/GIBLE/vendor/laravel/framework/src/Illuminate/Pipeline/Pipeline.php(127): Illuminate/Pipeline/Pipeline->Illuminate/Pipeline/{closure}(Object(Illuminate/Http/Request))
#25 C:/Users/agull/OneDrive/Documents/Visual Studio/GIBLE/vendor/laravel/framework/src/Illuminate/Routing/Router.php(807): Illuminate/Pipeline/Pipeline->then(Object(Closure))
#26 C:/Users/agull/OneDrive/Documents/Visual Studio/GIBLE/vendor/laravel/framework/src/Illuminate/Routing/Router.php(786): Illuminate/Routing/Router->runRouteWithinStack(Object(Illuminate/Routing/Route), Object(Illuminate/Http/Request))
#27 C:/Users/agull/OneDrive/Documents/Visual Studio/GIBLE/vendor/laravel/framework/src/Illuminate/Routing/Router.php(750): Illuminate/Routing/Router->runRoute(Object(Illuminate/Http/Request), Object(Illuminate/Routing/Route))
#28 C:/Users/agull/OneDrive/Documents/Visual Studio/GIBLE/vendor/laravel/framework/src/Illuminate/Routing/Router.php(739): Illuminate/Routing/Router->dispatchToRoute(Object(Illuminate/Http/Request))
#29 C:/Users/agull/OneDrive/Documents/Visual Studio/GIBLE/vendor/laravel/framework/src/Illuminate/Foundation/Http/Kernel.php(201): Illuminate/Routing/Router->dispatch(Object(Illuminate/Http/Request))
#30 C:/Users/agull/OneDrive/Documents/Visual Studio/GIBLE/vendor/laravel/framework/src/Illuminate/Pipeline/Pipeline.php(170): Illuminate/Foundation/Http/Kernel->Illuminate/Foundation/Http/{closure}(Object(Illuminate/Http/Request))
#31 C:/Users/agull/OneDrive/Documents/Visual Studio/GIBLE/vendor/laravel/framework/src/Illuminate/Foundation/Http/Middleware/TransformsRequest.php(21): Illuminate/Pipeline/Pipeline->Illuminate/Pipeline/{closure}(Object(Illuminate/Http/Request))
#32 C:/Users/agull/OneDrive/Documents/Visual Studio/GIBLE/vendor/laravel/framework/src/Illuminate/Foundation/Http/Middleware/ConvertEmptyStringsToNull.php(31): Illuminate/Foundation/Http/Middleware/TransformsRequest->handle(Object(Illuminate/Http/Request), Object(Closure))
#33 C:/Users/agull/OneDrive/Documents/Visual Studio/GIBLE/vendor/laravel/framework/src/Illuminate/Pipeline/Pipeline.php(209): Illuminate/Foundation/Http/Middleware/ConvertEmptyStringsToNull->handle(Object(Illuminate/Http/Request), Object(Closure))
#34 C:/Users/agull/OneDrive/Documents/Visual Studio/GIBLE/vendor/laravel/framework/src/Illuminate/Foundation/Http/Middleware/TransformsRequest.php(21): Illuminate/Pipeline/Pipeline->Illuminate/Pipeline/{closure}(Object(Illuminate/Http/Request))
#35 C:/Users/agull/OneDrive/Documents/Visual Studio/GIBLE/vendor/laravel/framework/src/Illuminate/Foundation/Http/Middleware/TrimStrings.php(51): Illuminate/Foundation/Http/Middleware/TransformsRequest->handle(Object(Illuminate/Http/Request), Object(Closure))
#36 C:/Users/agull/OneDrive/Documents/Visual Studio/GIBLE/vendor/laravel/framework/src/Illuminate/Pipeline/Pipeline.php(209): Illuminate/Foundation/Http/Middleware/TrimStrings->handle(Object(Illuminate/Http/Request), Object(Closure))
#37 C:/Users/agull/OneDrive/Documents/Visual Studio/GIBLE/vendor/laravel/framework/src/Illuminate/Http/Middleware/ValidatePostSize.php(27): Illuminate/Pipeline/Pipeline->Illuminate/Pipeline/{closure}(Object(Illuminate/Http/Request))
#38 C:/Users/agull/OneDrive/Documents/Visual Studio/GIBLE/vendor/laravel/framework/src/Illuminate/Pipeline/Pipeline.php(209): Illuminate/Http/Middleware/ValidatePostSize->handle(Object(Illuminate/Http/Request), Object(Closure))
#39 C:/Users/agull/OneDrive/Documents/Visual Studio/GIBLE/vendor/laravel/framework/src/Illuminate/Foundation/Http/Middleware/PreventRequestsDuringMaintenance.php(110): Illuminate/Pipeline/Pipeline->Illuminate/Pipeline/{closure}(Object(Illuminate/Http/Request))
#40 C:/Users/agull/OneDrive/Documents/Visual Studio/GIBLE/vendor/laravel/framework/src/Illuminate/Pipeline/Pipeline.php(209): Illuminate/Foundation/Http/Middleware/PreventRequestsDuringMaintenance->handle(Object(Illuminate/Http/Request), Object(Closure))
#41 C:/Users/agull/OneDrive/Documents/Visual Studio/GIBLE/vendor/laravel/framework/src/Illuminate/Http/Middleware/HandleCors.php(49): Illuminate/Pipeline/Pipeline->Illuminate/Pipeline/{closure}(Object(Illuminate/Http/Request))
#42 C:/Users/agull/OneDrive/Documents/Visual Studio/GIBLE/vendor/laravel/framework/src/Illuminate/Pipeline/Pipeline.php(209): Illuminate/Http/Middleware/HandleCors->handle(Object(Illuminate/Http/Request), Object(Closure))
#43 C:/Users/agull/OneDrive/Documents/Visual Studio/GIBLE/vendor/laravel/framework/src/Illuminate/Http/Middleware/TrustProxies.php(58): Illuminate/Pipeline/Pipeline->Illuminate/Pipeline/{closure}(Object(Illuminate/Http/Request))
#44 C:/Users/agull/OneDrive/Documents/Visual Studio/GIBLE/vendor/laravel/framework/src/Illuminate/Pipeline/Pipeline.php(209): Illuminate/Http/Middleware/TrustProxies->handle(Object(Illuminate/Http/Request), Object(Closure))
#45 C:/Users/agull/OneDrive/Documents/Visual Studio/GIBLE/vendor/laravel/framework/src/Illuminate/Foundation/Http/Middleware/InvokeDeferredCallbacks.php(22): Illuminate/Pipeline/Pipeline->Illuminate/Pipeline/{closure}(Object(Illuminate/Http/Request))
#46 C:/Users/agull/OneDrive/Documents/Visual Studio/GIBLE/vendor/laravel/framework/src/Illuminate/Pipeline/Pipeline.php(209): Illuminate/Foundation/Http/Middleware/InvokeDeferredCallbacks->handle(Object(Illuminate/Http/Request), Object(Closure))
#47 C:/Users/agull/OneDrive/Documents/Visual Studio/GIBLE/vendor/laravel/framework/src/Illuminate/Pipeline/Pipeline.php(127): Illuminate/Pipeline/Pipeline->Illuminate/Pipeline/{closure}(Object(Illuminate/Http/Request))
#48 C:/Users/agull/OneDrive/Documents/Visual Studio/GIBLE/vendor/laravel/framework/src/Illuminate/Foundation/Http/Kernel.php(176): Illuminate/Pipeline/Pipeline->then(Object(Closure))
#49 C:/Users/agull/OneDrive/Documents/Visual Studio/GIBLE/vendor/laravel/framework/src/Illuminate/Foundation/Http/Kernel.php(145): Illuminate/Foundation/Http/Kernel->sendRequestThroughRouter(Object(Illuminate/Http/Request))
#50 C:/Users/agull/OneDrive/Documents/Visual Studio/GIBLE/vendor/laravel/framework/src/Illuminate/Foundation/Application.php(1220): Illuminate/Foundation/Http/Kernel->handle(Object(Illuminate/Http/Request))
#51 C:/Users/agull/OneDrive/Documents/Visual Studio/GIBLE/public/index.php(20): Illuminate/Foundation/Application->handleRequest(Object(Illuminate/Http/Request))
#52 C:/Users/agull/OneDrive/Documents/Visual Studio/GIBLE/vendor/laravel/framework/src/Illuminate/Foundation/resources/server.php(23): require_once('C://Users//agull//...')
#53 {main}
"} 
[2026-05-02 10:06:16] local.ERROR: SQLSTATE[42S02]: Base table or view not found: 1146 Table 'gible.sessions' doesn't exist (Connection: mysql, SQL: select * from `sessions` where `id` = uMiz4TsfLnB9ffmRZOLKiAR3YjJL9nvfEEZOAI8P limit 1) {"exception":"[object] (Illuminate\\Database\\QueryException(code: 42S02): SQLSTATE[42S02]: Base table or view not found: 1146 Table 'gible.sessions' doesn't exist (Connection: mysql, SQL: select * from `sessions` where `id` = uMiz4TsfLnB9ffmRZOLKiAR3YjJL9nvfEEZOAI8P limit 1) at C:/Users/agull/OneDrive/Documents/Visual Studio/GIBLE/vendor/laravel/framework/src/Illuminate/Database/Connection.php:825)
[stacktrace]
#0 C:/Users/agull/OneDrive/Documents/Visual Studio/GIBLE/vendor/laravel/framework/src/Illuminate/Database/Connection.php(779): Illuminate/Database/Connection->runQueryCallback('select * from `...', Array, Object(Closure))
#1 C:/Users/agull/OneDrive/Documents/Visual Studio/GIBLE/vendor/laravel/framework/src/Illuminate/Database/Connection.php(398): Illuminate/Database/Connection->run('select * from `...', Array, Object(Closure))
#2 C:/Users/agull/OneDrive/Documents/Visual Studio/GIBLE/vendor/laravel/framework/src/Illuminate/Database/Query/Builder.php(3106): Illuminate/Database/Connection->select('select * from `...', Array, false)
#3 C:/Users/agull/OneDrive/Documents/Visual Studio/GIBLE/vendor/laravel/framework/src/Illuminate/Database/Query/Builder.php(3091): Illuminate/Database/Query/Builder->runSelect()
#4 C:/Users/agull/OneDrive/Documents/Visual Studio/GIBLE/vendor/laravel/framework/src/Illuminate/Database/Query/Builder.php(3676): Illuminate/Database/Query/Builder->Illuminate/Database/Query/{closure}()
#5 C:/Users/agull/OneDrive/Documents/Visual Studio/GIBLE/vendor/laravel/framework/src/Illuminate/Database/Query/Builder.php(3090): Illuminate/Database/Query/Builder->onceWithColumns(Array, Object(Closure))
#6 C:/Users/agull/OneDrive/Documents/Visual Studio/GIBLE/vendor/laravel/framework/src/Illuminate/Database/Concerns/BuildsQueries.php(343): Illuminate/Database/Query/Builder->get(Array)
#7 C:/Users/agull/OneDrive/Documents/Visual Studio/GIBLE/vendor/laravel/framework/src/Illuminate/Database/Query/Builder.php(3013): Illuminate/Database/Query/Builder->first(Array)
#8 C:/Users/agull/OneDrive/Documents/Visual Studio/GIBLE/vendor/laravel/framework/src/Illuminate/Session/DatabaseSessionHandler.php(97): Illuminate/Database/Query/Builder->find('uMiz4TsfLnB9ffm...')
#9 C:/Users/agull/OneDrive/Documents/Visual Studio/GIBLE/vendor/laravel/framework/src/Illuminate/Session/Store.php(117): Illuminate/Session/DatabaseSessionHandler->read('uMiz4TsfLnB9ffm...')
#10 C:/Users/agull/OneDrive/Documents/Visual Studio/GIBLE/vendor/laravel/framework/src/Illuminate/Session/Store.php(105): Illuminate/Session/Store->readFromHandler()
#11 C:/Users/agull/OneDrive/Documents/Visual Studio/GIBLE/vendor/laravel/framework/src/Illuminate/Session/Store.php(89): Illuminate/Session/Store->loadSession()
#12 C:/Users/agull/OneDrive/Documents/Visual Studio/GIBLE/vendor/laravel/framework/src/Illuminate/Session/Middleware/StartSession.php(147): Illuminate/Session/Store->start()
#13 C:/Users/agull/OneDrive/Documents/Visual Studio/GIBLE/vendor/laravel/framework/src/Illuminate/Support/helpers.php(399): Illuminate/Session/Middleware/StartSession->Illuminate/Session/Middleware/{closure}(Object(Illuminate/Session/Store))
#14 C:/Users/agull/OneDrive/Documents/Visual Studio/GIBLE/vendor/laravel/framework/src/Illuminate/Session/Middleware/StartSession.php(144): tap(Object(Illuminate/Session/Store), Object(Closure))
#15 C:/Users/agull/OneDrive/Documents/Visual Studio/GIBLE/vendor/laravel/framework/src/Illuminate/Session/Middleware/StartSession.php(116): Illuminate/Session/Middleware/StartSession->startSession(Object(Illuminate/Http/Request), Object(Illuminate/Session/Store))
#16 C:/Users/agull/OneDrive/Documents/Visual Studio/GIBLE/vendor/laravel/framework/src/Illuminate/Session/Middleware/StartSession.php(64): Illuminate/Session/Middleware/StartSession->handleStatefulRequest(Object(Illuminate/Http/Request), Object(Illuminate/Session/Store), Object(Closure))
#17 C:/Users/agull/OneDrive/Documents/Visual Studio/GIBLE/vendor/laravel/framework/src/Illuminate/Pipeline/Pipeline.php(209): Illuminate/Session/Middleware/StartSession->handle(Object(Illuminate/Http/Request), Object(Closure))
#18 C:/Users/agull/OneDrive/Documents/Visual Studio/GIBLE/vendor/laravel/framework/src/Illuminate/Cookie/Middleware/AddQueuedCookiesToResponse.php(37): Illuminate/Pipeline/Pipeline->Illuminate/Pipeline/{closure}(Object(Illuminate/Http/Request))
#19 C:/Users/agull/OneDrive/Documents/Visual Studio/GIBLE/vendor/laravel/framework/src/Illuminate/Pipeline/Pipeline.php(209): Illuminate/Cookie/Middleware/AddQueuedCookiesToResponse->handle(Object(Illuminate/Http/Request), Object(Closure))
#20 C:/Users/agull/OneDrive/Documents/Visual Studio/GIBLE/vendor/laravel/framework/src/Illuminate/Cookie/Middleware/EncryptCookies.php(75): Illuminate/Pipeline/Pipeline->Illuminate/Pipeline/{closure}(Object(Illuminate/Http/Request))
#21 C:/Users/agull/OneDrive/Documents/Visual Studio/GIBLE/vendor/laravel/framework/src/Illuminate/Pipeline/Pipeline.php(209): Illuminate/Cookie/Middleware/EncryptCookies->handle(Object(Illuminate/Http/Request), Object(Closure))
#22 C:/Users/agull/OneDrive/Documents/Visual Studio/GIBLE/vendor/laravel/framework/src/Illuminate/Pipeline/Pipeline.php(127): Illuminate/Pipeline/Pipeline->Illuminate/Pipeline/{closure}(Object(Illuminate/Http/Request))
#23 C:/Users/agull/OneDrive/Documents/Visual Studio/GIBLE/vendor/laravel/framework/src/Illuminate/Routing/Router.php(807): Illuminate/Pipeline/Pipeline->then(Object(Closure))
#24 C:/Users/agull/OneDrive/Documents/Visual Studio/GIBLE/vendor/laravel/framework/src/Illuminate/Routing/Router.php(786): Illuminate/Routing/Router->runRouteWithinStack(Object(Illuminate/Routing/Route), Object(Illuminate/Http/Request))
#25 C:/Users/agull/OneDrive/Documents/Visual Studio/GIBLE/vendor/laravel/framework/src/Illuminate/Routing/Router.php(750): Illuminate/Routing/Router->runRoute(Object(Illuminate/Http/Request), Object(Illuminate/Routing/Route))
#26 C:/Users/agull/OneDrive/Documents/Visual Studio/GIBLE/vendor/laravel/framework/src/Illuminate/Routing/Router.php(739): Illuminate/Routing/Router->dispatchToRoute(Object(Illuminate/Http/Request))
#27 C:/Users/agull/OneDrive/Documents/Visual Studio/GIBLE/vendor/laravel/framework/src/Illuminate/Foundation/Http/Kernel.php(201): Illuminate/Routing/Router->dispatch(Object(Illuminate/Http/Request))
#28 C:/Users/agull/OneDrive/Documents/Visual Studio/GIBLE/vendor/laravel/framework/src/Illuminate/Pipeline/Pipeline.php(170): Illuminate/Foundation/Http/Kernel->Illuminate/Foundation/Http/{closure}(Object(Illuminate/Http/Request))
#29 C:/Users/agull/OneDrive/Documents/Visual Studio/GIBLE/vendor/laravel/framework/src/Illuminate/Foundation/Http/Middleware/TransformsRequest.php(21): Illuminate/Pipeline/Pipeline->Illuminate/Pipeline/{closure}(Object(Illuminate/Http/Request))
#30 C:/Users/agull/OneDrive/Documents/Visual Studio/GIBLE/vendor/laravel/framework/src/Illuminate/Foundation/Http/Middleware/ConvertEmptyStringsToNull.php(31): Illuminate/Foundation/Http/Middleware/TransformsRequest->handle(Object(Illuminate/Http/Request), Object(Closure))
#31 C:/Users/agull/OneDrive/Documents/Visual Studio/GIBLE/vendor/laravel/framework/src/Illuminate/Pipeline/Pipeline.php(209): Illuminate/Foundation/Http/Middleware/ConvertEmptyStringsToNull->handle(Object(Illuminate/Http/Request), Object(Closure))
#32 C:/Users/agull/OneDrive/Documents/Visual Studio/GIBLE/vendor/laravel/framework/src/Illuminate/Foundation/Http/Middleware/TransformsRequest.php(21): Illuminate/Pipeline/Pipeline->Illuminate/Pipeline/{closure}(Object(Illuminate/Http/Request))
#33 C:/Users/agull/OneDrive/Documents/Visual Studio/GIBLE/vendor/laravel/framework/src/Illuminate/Foundation/Http/Middleware/TrimStrings.php(51): Illuminate/Foundation/Http/Middleware/TransformsRequest->handle(Object(Illuminate/Http/Request), Object(Closure))
#34 C:/Users/agull/OneDrive/Documents/Visual Studio/GIBLE/vendor/laravel/framework/src/Illuminate/Pipeline/Pipeline.php(209): Illuminate/Foundation/Http/Middleware/TrimStrings->handle(Object(Illuminate/Http/Request), Object(Closure))
#35 C:/Users/agull/OneDrive/Documents/Visual Studio/GIBLE/vendor/laravel/framework/src/Illuminate/Http/Middleware/ValidatePostSize.php(27): Illuminate/Pipeline/Pipeline->Illuminate/Pipeline/{closure}(Object(Illuminate/Http/Request))
#36 C:/Users/agull/OneDrive/Documents/Visual Studio/GIBLE/vendor/laravel/framework/src/Illuminate/Pipeline/Pipeline.php(209): Illuminate/Http/Middleware/ValidatePostSize->handle(Object(Illuminate/Http/Request), Object(Closure))
#37 C:/Users/agull/OneDrive/Documents/Visual Studio/GIBLE/vendor/laravel/framework/src/Illuminate/Foundation/Http/Middleware/PreventRequestsDuringMaintenance.php(110): Illuminate/Pipeline/Pipeline->Illuminate/Pipeline/{closure}(Object(Illuminate/Http/Request))
#38 C:/Users/agull/OneDrive/Documents/Visual Studio/GIBLE/vendor/laravel/framework/src/Illuminate/Pipeline/Pipeline.php(209): Illuminate/Foundation/Http/Middleware/PreventRequestsDuringMaintenance->handle(Object(Illuminate/Http/Request), Object(Closure))
#39 C:/Users/agull/OneDrive/Documents/Visual Studio/GIBLE/vendor/laravel/framework/src/Illuminate/Http/Middleware/HandleCors.php(49): Illuminate/Pipeline/Pipeline->Illuminate/Pipeline/{closure}(Object(Illuminate/Http/Request))
#40 C:/Users/agull/OneDrive/Documents/Visual Studio/GIBLE/vendor/laravel/framework/src/Illuminate/Pipeline/Pipeline.php(209): Illuminate/Http/Middleware/HandleCors->handle(Object(Illuminate/Http/Request), Object(Closure))
#41 C:/Users/agull/OneDrive/Documents/Visual Studio/GIBLE/vendor/laravel/framework/src/Illuminate/Http/Middleware/TrustProxies.php(58): Illuminate/Pipeline/Pipeline->Illuminate/Pipeline/{closure}(Object(Illuminate/Http/Request))
#42 C:/Users/agull/OneDrive/Documents/Visual Studio/GIBLE/vendor/laravel/framework/src/Illuminate/Pipeline/Pipeline.php(209): Illuminate/Http/Middleware/TrustProxies->handle(Object(Illuminate/Http/Request), Object(Closure))
#43 C:/Users/agull/OneDrive/Documents/Visual Studio/GIBLE/vendor/laravel/framework/src/Illuminate/Foundation/Http/Middleware/InvokeDeferredCallbacks.php(22): Illuminate/Pipeline/Pipeline->Illuminate/Pipeline/{closure}(Object(Illuminate/Http/Request))
#44 C:/Users/agull/OneDrive/Documents/Visual Studio/GIBLE/vendor/laravel/framework/src/Illuminate/Pipeline/Pipeline.php(209): Illuminate/Foundation/Http/Middleware/InvokeDeferredCallbacks->handle(Object(Illuminate/Http/Request), Object(Closure))
#45 C:/Users/agull/OneDrive/Documents/Visual Studio/GIBLE/vendor/laravel/framework/src/Illuminate/Pipeline/Pipeline.php(127): Illuminate/Pipeline/Pipeline->Illuminate/Pipeline/{closure}(Object(Illuminate/Http/Request))
#46 C:/Users/agull/OneDrive/Documents/Visual Studio/GIBLE/vendor/laravel/framework/src/Illuminate/Foundation/Http/Kernel.php(176): Illuminate/Pipeline/Pipeline->then(Object(Closure))
#47 C:/Users/agull/OneDrive/Documents/Visual Studio/GIBLE/vendor/laravel/framework/src/Illuminate/Foundation/Http/Kernel.php(145): Illuminate/Foundation/Http/Kernel->sendRequestThroughRouter(Object(Illuminate/Http/Request))
#48 C:/Users/agull/OneDrive/Documents/Visual Studio/GIBLE/vendor/laravel/framework/src/Illuminate/Foundation/Application.php(1220): Illuminate/Foundation/Http/Kernel->handle(Object(Illuminate/Http/Request))
#49 C:/Users/agull/OneDrive/Documents/Visual Studio/GIBLE/public/index.php(20): Illuminate/Foundation/Application->handleRequest(Object(Illuminate/Http/Request))
#50 C:/Users/agull/OneDrive/Documents/Visual Studio/GIBLE/vendor/laravel/framework/src/Illuminate/Foundation/resources/server.php(23): require_once('C://Users//agull//...')
#51 {main}

[previous exception] [object] (PDOException(code: 42S02): SQLSTATE[42S02]: Base table or view not found: 1146 Table 'gible.sessions' doesn't exist at C:/Users/agull/OneDrive/Documents/Visual Studio/GIBLE/vendor/laravel/framework/src/Illuminate/Database/Connection.php:407)
[stacktrace]
#0 C:/Users/agull/OneDrive/Documents/Visual Studio/GIBLE/vendor/laravel/framework/src/Illuminate/Database/Connection.php(407): PDO->prepare('select * from `...')
#1 C:/Users/agull/OneDrive/Documents/Visual Studio/GIBLE/vendor/laravel/framework/src/Illuminate/Database/Connection.php(812): Illuminate/Database/Connection->Illuminate/Database/{closure}('select * from `...', Array)
#2 C:/Users/agull/OneDrive/Documents/Visual Studio/GIBLE/vendor/laravel/framework/src/Illuminate/Database/Connection.php(779): Illuminate/Database/Connection->runQueryCallback('select * from `...', Array, Object(Closure))
#3 C:/Users/agull/OneDrive/Documents/Visual Studio/GIBLE/vendor/laravel/framework/src/Illuminate/Database/Connection.php(398): Illuminate/Database/Connection->run('select * from `...', Array, Object(Closure))
#4 C:/Users/agull/OneDrive/Documents/Visual Studio/GIBLE/vendor/laravel/framework/src/Illuminate/Database/Query/Builder.php(3106): Illuminate/Database/Connection->select('select * from `...', Array, false)
#5 C:/Users/agull/OneDrive/Documents/Visual Studio/GIBLE/vendor/laravel/framework/src/Illuminate/Database/Query/Builder.php(3091): Illuminate/Database/Query/Builder->runSelect()
#6 C:/Users/agull/OneDrive/Documents/Visual Studio/GIBLE/vendor/laravel/framework/src/Illuminate/Database/Query/Builder.php(3676): Illuminate/Database/Query/Builder->Illuminate/Database/Query/{closure}()
#7 C:/Users/agull/OneDrive/Documents/Visual Studio/GIBLE/vendor/laravel/framework/src/Illuminate/Database/Query/Builder.php(3090): Illuminate/Database/Query/Builder->onceWithColumns(Array, Object(Closure))
#8 C:/Users/agull/OneDrive/Documents/Visual Studio/GIBLE/vendor/laravel/framework/src/Illuminate/Database/Concerns/BuildsQueries.php(343): Illuminate/Database/Query/Builder->get(Array)
#9 C:/Users/agull/OneDrive/Documents/Visual Studio/GIBLE/vendor/laravel/framework/src/Illuminate/Database/Query/Builder.php(3013): Illuminate/Database/Query/Builder->first(Array)
#10 C:/Users/agull/OneDrive/Documents/Visual Studio/GIBLE/vendor/laravel/framework/src/Illuminate/Session/DatabaseSessionHandler.php(97): Illuminate/Database/Query/Builder->find('uMiz4TsfLnB9ffm...')
#11 C:/Users/agull/OneDrive/Documents/Visual Studio/GIBLE/vendor/laravel/framework/src/Illuminate/Session/Store.php(117): Illuminate/Session/DatabaseSessionHandler->read('uMiz4TsfLnB9ffm...')
#12 C:/Users/agull/OneDrive/Documents/Visual Studio/GIBLE/vendor/laravel/framework/src/Illuminate/Session/Store.php(105): Illuminate/Session/Store->readFromHandler()
#13 C:/Users/agull/OneDrive/Documents/Visual Studio/GIBLE/vendor/laravel/framework/src/Illuminate/Session/Store.php(89): Illuminate/Session/Store->loadSession()
#14 C:/Users/agull/OneDrive/Documents/Visual Studio/GIBLE/vendor/laravel/framework/src/Illuminate/Session/Middleware/StartSession.php(147): Illuminate/Session/Store->start()
#15 C:/Users/agull/OneDrive/Documents/Visual Studio/GIBLE/vendor/laravel/framework/src/Illuminate/Support/helpers.php(399): Illuminate/Session/Middleware/StartSession->Illuminate/Session/Middleware/{closure}(Object(Illuminate/Session/Store))
#16 C:/Users/agull/OneDrive/Documents/Visual Studio/GIBLE/vendor/laravel/framework/src/Illuminate/Session/Middleware/StartSession.php(144): tap(Object(Illuminate/Session/Store), Object(Closure))
#17 C:/Users/agull/OneDrive/Documents/Visual Studio/GIBLE/vendor/laravel/framework/src/Illuminate/Session/Middleware/StartSession.php(116): Illuminate/Session/Middleware/StartSession->startSession(Object(Illuminate/Http/Request), Object(Illuminate/Session/Store))
#18 C:/Users/agull/OneDrive/Documents/Visual Studio/GIBLE/vendor/laravel/framework/src/Illuminate/Session/Middleware/StartSession.php(64): Illuminate/Session/Middleware/StartSession->handleStatefulRequest(Object(Illuminate/Http/Request), Object(Illuminate/Session/Store), Object(Closure))
#19 C:/Users/agull/OneDrive/Documents/Visual Studio/GIBLE/vendor/laravel/framework/src/Illuminate/Pipeline/Pipeline.php(209): Illuminate/Session/Middleware/StartSession->handle(Object(Illuminate/Http/Request), Object(Closure))
#20 C:/Users/agull/OneDrive/Documents/Visual Studio/GIBLE/vendor/laravel/framework/src/Illuminate/Cookie/Middleware/AddQueuedCookiesToResponse.php(37): Illuminate/Pipeline/Pipeline->Illuminate/Pipeline/{closure}(Object(Illuminate/Http/Request))
#21 C:/Users/agull/OneDrive/Documents/Visual Studio/GIBLE/vendor/laravel/framework/src/Illuminate/Pipeline/Pipeline.php(209): Illuminate/Cookie/Middleware/AddQueuedCookiesToResponse->handle(Object(Illuminate/Http/Request), Object(Closure))
#22 C:/Users/agull/OneDrive/Documents/Visual Studio/GIBLE/vendor/laravel/framework/src/Illuminate/Cookie/Middleware/EncryptCookies.php(75): Illuminate/Pipeline/Pipeline->Illuminate/Pipeline/{closure}(Object(Illuminate/Http/Request))
#23 C:/Users/agull/OneDrive/Documents/Visual Studio/GIBLE/vendor/laravel/framework/src/Illuminate/Pipeline/Pipeline.php(209): Illuminate/Cookie/Middleware/EncryptCookies->handle(Object(Illuminate/Http/Request), Object(Closure))
#24 C:/Users/agull/OneDrive/Documents/Visual Studio/GIBLE/vendor/laravel/framework/src/Illuminate/Pipeline/Pipeline.php(127): Illuminate/Pipeline/Pipeline->Illuminate/Pipeline/{closure}(Object(Illuminate/Http/Request))
#25 C:/Users/agull/OneDrive/Documents/Visual Studio/GIBLE/vendor/laravel/framework/src/Illuminate/Routing/Router.php(807): Illuminate/Pipeline/Pipeline->then(Object(Closure))
#26 C:/Users/agull/OneDrive/Documents/Visual Studio/GIBLE/vendor/laravel/framework/src/Illuminate/Routing/Router.php(786): Illuminate/Routing/Router->runRouteWithinStack(Object(Illuminate/Routing/Route), Object(Illuminate/Http/Request))
#27 C:/Users/agull/OneDrive/Documents/Visual Studio/GIBLE/vendor/laravel/framework/src/Illuminate/Routing/Router.php(750): Illuminate/Routing/Router->runRoute(Object(Illuminate/Http/Request), Object(Illuminate/Routing/Route))
#28 C:/Users/agull/OneDrive/Documents/Visual Studio/GIBLE/vendor/laravel/framework/src/Illuminate/Routing/Router.php(739): Illuminate/Routing/Router->dispatchToRoute(Object(Illuminate/Http/Request))
#29 C:/Users/agull/OneDrive/Documents/Visual Studio/GIBLE/vendor/laravel/framework/src/Illuminate/Foundation/Http/Kernel.php(201): Illuminate/Routing/Router->dispatch(Object(Illuminate/Http/Request))
#30 C:/Users/agull/OneDrive/Documents/Visual Studio/GIBLE/vendor/laravel/framework/src/Illuminate/Pipeline/Pipeline.php(170): Illuminate/Foundation/Http/Kernel->Illuminate/Foundation/Http/{closure}(Object(Illuminate/Http/Request))
#31 C:/Users/agull/OneDrive/Documents/Visual Studio/GIBLE/vendor/laravel/framework/src/Illuminate/Foundation/Http/Middleware/TransformsRequest.php(21): Illuminate/Pipeline/Pipeline->Illuminate/Pipeline/{closure}(Object(Illuminate/Http/Request))
#32 C:/Users/agull/OneDrive/Documents/Visual Studio/GIBLE/vendor/laravel/framework/src/Illuminate/Foundation/Http/Middleware/ConvertEmptyStringsToNull.php(31): Illuminate/Foundation/Http/Middleware/TransformsRequest->handle(Object(Illuminate/Http/Request), Object(Closure))
#33 C:/Users/agull/OneDrive/Documents/Visual Studio/GIBLE/vendor/laravel/framework/src/Illuminate/Pipeline/Pipeline.php(209): Illuminate/Foundation/Http/Middleware/ConvertEmptyStringsToNull->handle(Object(Illuminate/Http/Request), Object(Closure))
#34 C:/Users/agull/OneDrive/Documents/Visual Studio/GIBLE/vendor/laravel/framework/src/Illuminate/Foundation/Http/Middleware/TransformsRequest.php(21): Illuminate/Pipeline/Pipeline->Illuminate/Pipeline/{closure}(Object(Illuminate/Http/Request))
#35 C:/Users/agull/OneDrive/Documents/Visual Studio/GIBLE/vendor/laravel/framework/src/Illuminate/Foundation/Http/Middleware/TrimStrings.php(51): Illuminate/Foundation/Http/Middleware/TransformsRequest->handle(Object(Illuminate/Http/Request), Object(Closure))
#36 C:/Users/agull/OneDrive/Documents/Visual Studio/GIBLE/vendor/laravel/framework/src/Illuminate/Pipeline/Pipeline.php(209): Illuminate/Foundation/Http/Middleware/TrimStrings->handle(Object(Illuminate/Http/Request), Object(Closure))
#37 C:/Users/agull/OneDrive/Documents/Visual Studio/GIBLE/vendor/laravel/framework/src/Illuminate/Http/Middleware/ValidatePostSize.php(27): Illuminate/Pipeline/Pipeline->Illuminate/Pipeline/{closure}(Object(Illuminate/Http/Request))
#38 C:/Users/agull/OneDrive/Documents/Visual Studio/GIBLE/vendor/laravel/framework/src/Illuminate/Pipeline/Pipeline.php(209): Illuminate/Http/Middleware/ValidatePostSize->handle(Object(Illuminate/Http/Request), Object(Closure))
#39 C:/Users/agull/OneDrive/Documents/Visual Studio/GIBLE/vendor/laravel/framework/src/Illuminate/Foundation/Http/Middleware/PreventRequestsDuringMaintenance.php(110): Illuminate/Pipeline/Pipeline->Illuminate/Pipeline/{closure}(Object(Illuminate/Http/Request))
#40 C:/Users/agull/OneDrive/Documents/Visual Studio/GIBLE/vendor/laravel/framework/src/Illuminate/Pipeline/Pipeline.php(209): Illuminate/Foundation/Http/Middleware/PreventRequestsDuringMaintenance->handle(Object(Illuminate/Http/Request), Object(Closure))
#41 C:/Users/agull/OneDrive/Documents/Visual Studio/GIBLE/vendor/laravel/framework/src/Illuminate/Http/Middleware/HandleCors.php(49): Illuminate/Pipeline/Pipeline->Illuminate/Pipeline/{closure}(Object(Illuminate/Http/Request))
#42 C:/Users/agull/OneDrive/Documents/Visual Studio/GIBLE/vendor/laravel/framework/src/Illuminate/Pipeline/Pipeline.php(209): Illuminate/Http/Middleware/HandleCors->handle(Object(Illuminate/Http/Request), Object(Closure))
#43 C:/Users/agull/OneDrive/Documents/Visual Studio/GIBLE/vendor/laravel/framework/src/Illuminate/Http/Middleware/TrustProxies.php(58): Illuminate/Pipeline/Pipeline->Illuminate/Pipeline/{closure}(Object(Illuminate/Http/Request))
#44 C:/Users/agull/OneDrive/Documents/Visual Studio/GIBLE/vendor/laravel/framework/src/Illuminate/Pipeline/Pipeline.php(209): Illuminate/Http/Middleware/TrustProxies->handle(Object(Illuminate/Http/Request), Object(Closure))
#45 C:/Users/agull/OneDrive/Documents/Visual Studio/GIBLE/vendor/laravel/framework/src/Illuminate/Foundation/Http/Middleware/InvokeDeferredCallbacks.php(22): Illuminate/Pipeline/Pipeline->Illuminate/Pipeline/{closure}(Object(Illuminate/Http/Request))
#46 C:/Users/agull/OneDrive/Documents/Visual Studio/GIBLE/vendor/laravel/framework/src/Illuminate/Pipeline/Pipeline.php(209): Illuminate/Foundation/Http/Middleware/InvokeDeferredCallbacks->handle(Object(Illuminate/Http/Request), Object(Closure))
#47 C:/Users/agull/OneDrive/Documents/Visual Studio/GIBLE/vendor/laravel/framework/src/Illuminate/Pipeline/Pipeline.php(127): Illuminate/Pipeline/Pipeline->Illuminate/Pipeline/{closure}(Object(Illuminate/Http/Request))
#48 C:/Users/agull/OneDrive/Documents/Visual Studio/GIBLE/vendor/laravel/framework/src/Illuminate/Foundation/Http/Kernel.php(176): Illuminate/Pipeline/Pipeline->then(Object(Closure))
#49 C:/Users/agull/OneDrive/Documents/Visual Studio/GIBLE/vendor/laravel/framework/src/Illuminate/Foundation/Http/Kernel.php(145): Illuminate/Foundation/Http/Kernel->sendRequestThroughRouter(Object(Illuminate/Http/Request))
#50 C:/Users/agull/OneDrive/Documents/Visual Studio/GIBLE/vendor/laravel/framework/src/Illuminate/Foundation/Application.php(1220): Illuminate/Foundation/Http/Kernel->handle(Object(Illuminate/Http/Request))
#51 C:/Users/agull/OneDrive/Documents/Visual Studio/GIBLE/public/index.php(20): Illuminate/Foundation/Application->handleRequest(Object(Illuminate/Http/Request))
#52 C:/Users/agull/OneDrive/Documents/Visual Studio/GIBLE/vendor/laravel/framework/src/Illuminate/Foundation/resources/server.php(23): require_once('C://Users//agull//...')
#53 {main}
"} 
[2026-05-02 10:09:42] local.ERROR: SQLSTATE[42S01]: Base table or view already exists: 1050 Table 'users' already exists (Connection: mysql, SQL: create table `users` (`id` bigint unsigned not null auto_increment primary key, `name` varchar(255) not null, `email` varchar(255) not null, `email_verified_at` timestamp null, `password` varchar(255) not null, `remember_token` varchar(100) null, `created_at` timestamp null, `updated_at` timestamp null) default character set utf8mb4 collate 'utf8mb4_unicode_ci') {"exception":"[object] (Illuminate\\Database\\QueryException(code: 42S01): SQLSTATE[42S01]: Base table or view already exists: 1050 Table 'users' already exists (Connection: mysql, SQL: create table `users` (`id` bigint unsigned not null auto_increment primary key, `name` varchar(255) not null, `email` varchar(255) not null, `email_verified_at` timestamp null, `password` varchar(255) not null, `remember_token` varchar(100) null, `created_at` timestamp null, `updated_at` timestamp null) default character set utf8mb4 collate 'utf8mb4_unicode_ci') at C:/Users/agull/OneDrive/Documents/Visual Studio/GIBLE/vendor/laravel/framework/src/Illuminate/Database/Connection.php:825)
[stacktrace]
#0 C:/Users/agull/OneDrive/Documents/Visual Studio/GIBLE/vendor/laravel/framework/src/Illuminate/Database/Connection.php(979): Illuminate/Database/Connection->runQueryCallback('create table `u...', Array, Object(Closure))
#1 C:/Users/agull/OneDrive/Documents/Visual Studio/GIBLE/vendor/laravel/framework/src/Illuminate/Database/Connection.php(958): Illuminate/Database/Connection->tryAgainIfCausedByLostConnection(Object(Illuminate/Database/QueryException), 'create table `u...', Array, Object(Closure))
#2 C:/Users/agull/OneDrive/Documents/Visual Studio/GIBLE/vendor/laravel/framework/src/Illuminate/Database/Connection.php(781): Illuminate/Database/Connection->handleQueryException(Object(Illuminate/Database/QueryException), 'create table `u...', Array, Object(Closure))
#3 C:/Users/agull/OneDrive/Documents/Visual Studio/GIBLE/vendor/laravel/framework/src/Illuminate/Database/Connection.php(560): Illuminate/Database/Connection->run('create table `u...', Array, Object(Closure))
#4 C:/Users/agull/OneDrive/Documents/Visual Studio/GIBLE/vendor/laravel/framework/src/Illuminate/Database/Schema/Blueprint.php(118): Illuminate/Database/Connection->statement('create table `u...')
#5 C:/Users/agull/OneDrive/Documents/Visual Studio/GIBLE/vendor/laravel/framework/src/Illuminate/Database/Schema/Builder.php(564): Illuminate/Database/Schema/Blueprint->build(Object(Illuminate/Database/MySqlConnection), Object(Illuminate/Database/Schema/Grammars/MySqlGrammar))
#6 C:/Users/agull/OneDrive/Documents/Visual Studio/GIBLE/vendor/laravel/framework/src/Illuminate/Database/Schema/Builder.php(418): Illuminate/Database/Schema/Builder->build(Object(Illuminate/Database/Schema/Blueprint))
#7 C:/Users/agull/OneDrive/Documents/Visual Studio/GIBLE/vendor/laravel/framework/src/Illuminate/Support/Facades/Facade.php(361): Illuminate/Database/Schema/Builder->create('users', Object(Closure))
#8 C:/Users/agull/OneDrive/Documents/Visual Studio/GIBLE/database/migrations/0001_01_01_000000_create_users_table.php(14): Illuminate/Support/Facades/Facade::__callStatic('create', Array)
#9 C:/Users/agull/OneDrive/Documents/Visual Studio/GIBLE/vendor/laravel/framework/src/Illuminate/Database/Migrations/Migrator.php(507): Illuminate/Database/Migrations/Migration@anonymous->up()
#10 C:/Users/agull/OneDrive/Documents/Visual Studio/GIBLE/vendor/laravel/framework/src/Illuminate/Database/Migrations/Migrator.php(432): Illuminate/Database/Migrations/Migrator->runMethod(Object(Illuminate/Database/MySqlConnection), Object(Illuminate/Database/Migrations/Migration@anonymous), 'up')
#11 C:/Users/agull/OneDrive/Documents/Visual Studio/GIBLE/vendor/laravel/framework/src/Illuminate/Database/Migrations/Migrator.php(441): Illuminate/Database/Migrations/Migrator->Illuminate/Database/Migrations/{closure}()
#12 C:/Users/agull/OneDrive/Documents/Visual Studio/GIBLE/vendor/laravel/framework/src/Illuminate/Database/Migrations/Migrator.php(244): Illuminate/Database/Migrations/Migrator->runMigration(Object(Illuminate/Database/Migrations/Migration@anonymous), 'up')
#13 C:/Users/agull/OneDrive/Documents/Visual Studio/GIBLE/vendor/laravel/framework/src/Illuminate/Console/View/Components/Task.php(40): Illuminate/Database/Migrations/Migrator->Illuminate/Database/Migrations/{closure}()
#14 C:/Users/agull/OneDrive/Documents/Visual Studio/GIBLE/vendor/laravel/framework/src/Illuminate/Database/Migrations/Migrator.php(798): Illuminate/Console/View/Components/Task->render('0001_01_01_0000...', Object(Closure))
#15 C:/Users/agull/OneDrive/Documents/Visual Studio/GIBLE/vendor/laravel/framework/src/Illuminate/Database/Migrations/Migrator.php(244): Illuminate/Database/Migrations/Migrator->write('Illuminate//Cons...', '0001_01_01_0000...', Object(Closure))
#16 C:/Users/agull/OneDrive/Documents/Visual Studio/GIBLE/vendor/laravel/framework/src/Illuminate/Database/Migrations/Migrator.php(211): Illuminate/Database/Migrations/Migrator->runUp('C://Users//agull//...', 1, false)
#17 C:/Users/agull/OneDrive/Documents/Visual Studio/GIBLE/vendor/laravel/framework/src/Illuminate/Database/Migrations/Migrator.php(138): Illuminate/Database/Migrations/Migrator->runPending(Array, Array)
#18 C:/Users/agull/OneDrive/Documents/Visual Studio/GIBLE/vendor/laravel/framework/src/Illuminate/Database/Console/Migrations/MigrateCommand.php(117): Illuminate/Database/Migrations/Migrator->run(Array, Array)
#19 C:/Users/agull/OneDrive/Documents/Visual Studio/GIBLE/vendor/laravel/framework/src/Illuminate/Database/Migrations/Migrator.php(658): Illuminate/Database/Console/Migrations/MigrateCommand->Illuminate/Database/Console/Migrations/{closure}()
#20 C:/Users/agull/OneDrive/Documents/Visual Studio/GIBLE/vendor/laravel/framework/src/Illuminate/Database/Console/Migrations/MigrateCommand.php(110): Illuminate/Database/Migrations/Migrator->usingConnection(NULL, Object(Closure))
#21 C:/Users/agull/OneDrive/Documents/Visual Studio/GIBLE/vendor/laravel/framework/src/Illuminate/Database/Console/Migrations/MigrateCommand.php(89): Illuminate/Database/Console/Migrations/MigrateCommand->runMigrations()
#22 C:/Users/agull/OneDrive/Documents/Visual Studio/GIBLE/vendor/laravel/framework/src/Illuminate/Container/BoundMethod.php(36): Illuminate/Database/Console/Migrations/MigrateCommand->handle()
#23 C:/Users/agull/OneDrive/Documents/Visual Studio/GIBLE/vendor/laravel/framework/src/Illuminate/Container/Util.php(43): Illuminate/Container/BoundMethod::Illuminate/Container/{closure}()
#24 C:/Users/agull/OneDrive/Documents/Visual Studio/GIBLE/vendor/laravel/framework/src/Illuminate/Container/BoundMethod.php(95): Illuminate/Container/Util::unwrapIfClosure(Object(Closure))
#25 C:/Users/agull/OneDrive/Documents/Visual Studio/GIBLE/vendor/laravel/framework/src/Illuminate/Container/BoundMethod.php(35): Illuminate/Container/BoundMethod::callBoundMethod(Object(Illuminate/Foundation/Application), Array, Object(Closure))
#26 C:/Users/agull/OneDrive/Documents/Visual Studio/GIBLE/vendor/laravel/framework/src/Illuminate/Container/Container.php(696): Illuminate/Container/BoundMethod::call(Object(Illuminate/Foundation/Application), Array, Array, NULL)
#27 C:/Users/agull/OneDrive/Documents/Visual Studio/GIBLE/vendor/laravel/framework/src/Illuminate/Console/Command.php(213): Illuminate/Container/Container->call(Array)
#28 C:/Users/agull/OneDrive/Documents/Visual Studio/GIBLE/vendor/symfony/console/Command/Command.php(341): Illuminate/Console/Command->execute(Object(Symfony/Component/Console/Input/ArgvInput), Object(Illuminate/Console/OutputStyle))
#29 C:/Users/agull/OneDrive/Documents/Visual Studio/GIBLE/vendor/laravel/framework/src/Illuminate/Console/Command.php(182): Symfony/Component/Console/Command/Command->run(Object(Symfony/Component/Console/Input/ArgvInput), Object(Illuminate/Console/OutputStyle))
#30 C:/Users/agull/OneDrive/Documents/Visual Studio/GIBLE/vendor/symfony/console/Application.php(1117): Illuminate/Console/Command->run(Object(Symfony/Component/Console/Input/ArgvInput), Object(Symfony/Component/Console/Output/ConsoleOutput))
#31 C:/Users/agull/OneDrive/Documents/Visual Studio/GIBLE/vendor/symfony/console/Application.php(356): Symfony/Component/Console/Application->doRunCommand(Object(Illuminate/Database/Console/Migrations/MigrateCommand), Object(Symfony/Component/Console/Input/ArgvInput), Object(Symfony/Component/Console/Output/ConsoleOutput))
#32 C:/Users/agull/OneDrive/Documents/Visual Studio/GIBLE/vendor/symfony/console/Application.php(195): Symfony/Component/Console/Application->doRun(Object(Symfony/Component/Console/Input/ArgvInput), Object(Symfony/Component/Console/Output/ConsoleOutput))
#33 C:/Users/agull/OneDrive/Documents/Visual Studio/GIBLE/vendor/laravel/framework/src/Illuminate/Foundation/Console/Kernel.php(198): Symfony/Component/Console/Application->run(Object(Symfony/Component/Console/Input/ArgvInput), Object(Symfony/Component/Console/Output/ConsoleOutput))
#34 C:/Users/agull/OneDrive/Documents/Visual Studio/GIBLE/vendor/laravel/framework/src/Illuminate/Foundation/Application.php(1235): Illuminate/Foundation/Console/Kernel->handle(Object(Symfony/Component/Console/Input/ArgvInput), Object(Symfony/Component/Console/Output/ConsoleOutput))
#35 C:/Users/agull/OneDrive/Documents/Visual Studio/GIBLE/artisan(16): Illuminate/Foundation/Application->handleCommand(Object(Symfony/Component/Console/Input/ArgvInput))
#36 {main}

[previous exception] [object] (PDOException(code: 42S01): SQLSTATE[42S01]: Base table or view already exists: 1050 Table 'users' already exists at C:/Users/agull/OneDrive/Documents/Visual Studio/GIBLE/vendor/laravel/framework/src/Illuminate/Database/Connection.php:571)
[stacktrace]
#0 C:/Users/agull/OneDrive/Documents/Visual Studio/GIBLE/vendor/laravel/framework/src/Illuminate/Database/Connection.php(571): PDOStatement->execute()
#1 C:/Users/agull/OneDrive/Documents/Visual Studio/GIBLE/vendor/laravel/framework/src/Illuminate/Database/Connection.php(812): Illuminate/Database/Connection->Illuminate/Database/{closure}('create table `u...', Array)
#2 C:/Users/agull/OneDrive/Documents/Visual Studio/GIBLE/vendor/laravel/framework/src/Illuminate/Database/Connection.php(979): Illuminate/Database/Connection->runQueryCallback('create table `u...', Array, Object(Closure))
#3 C:/Users/agull/OneDrive/Documents/Visual Studio/GIBLE/vendor/laravel/framework/src/Illuminate/Database/Connection.php(958): Illuminate/Database/Connection->tryAgainIfCausedByLostConnection(Object(Illuminate/Database/QueryException), 'create table `u...', Array, Object(Closure))
#4 C:/Users/agull/OneDrive/Documents/Visual Studio/GIBLE/vendor/laravel/framework/src/Illuminate/Database/Connection.php(781): Illuminate/Database/Connection->handleQueryException(Object(Illuminate/Database/QueryException), 'create table `u...', Array, Object(Closure))
#5 C:/Users/agull/OneDrive/Documents/Visual Studio/GIBLE/vendor/laravel/framework/src/Illuminate/Database/Connection.php(560): Illuminate/Database/Connection->run('create table `u...', Array, Object(Closure))
#6 C:/Users/agull/OneDrive/Documents/Visual Studio/GIBLE/vendor/laravel/framework/src/Illuminate/Database/Schema/Blueprint.php(118): Illuminate/Database/Connection->statement('create table `u...')
#7 C:/Users/agull/OneDrive/Documents/Visual Studio/GIBLE/vendor/laravel/framework/src/Illuminate/Database/Schema/Builder.php(564): Illuminate/Database/Schema/Blueprint->build(Object(Illuminate/Database/MySqlConnection), Object(Illuminate/Database/Schema/Grammars/MySqlGrammar))
#8 C:/Users/agull/OneDrive/Documents/Visual Studio/GIBLE/vendor/laravel/framework/src/Illuminate/Database/Schema/Builder.php(418): Illuminate/Database/Schema/Builder->build(Object(Illuminate/Database/Schema/Blueprint))
#9 C:/Users/agull/OneDrive/Documents/Visual Studio/GIBLE/vendor/laravel/framework/src/Illuminate/Support/Facades/Facade.php(361): Illuminate/Database/Schema/Builder->create('users', Object(Closure))
#10 C:/Users/agull/OneDrive/Documents/Visual Studio/GIBLE/database/migrations/0001_01_01_000000_create_users_table.php(14): Illuminate/Support/Facades/Facade::__callStatic('create', Array)
#11 C:/Users/agull/OneDrive/Documents/Visual Studio/GIBLE/vendor/laravel/framework/src/Illuminate/Database/Migrations/Migrator.php(507): Illuminate/Database/Migrations/Migration@anonymous->up()
#12 C:/Users/agull/OneDrive/Documents/Visual Studio/GIBLE/vendor/laravel/framework/src/Illuminate/Database/Migrations/Migrator.php(432): Illuminate/Database/Migrations/Migrator->runMethod(Object(Illuminate/Database/MySqlConnection), Object(Illuminate/Database/Migrations/Migration@anonymous), 'up')
#13 C:/Users/agull/OneDrive/Documents/Visual Studio/GIBLE/vendor/laravel/framework/src/Illuminate/Database/Migrations/Migrator.php(441): Illuminate/Database/Migrations/Migrator->Illuminate/Database/Migrations/{closure}()
#14 C:/Users/agull/OneDrive/Documents/Visual Studio/GIBLE/vendor/laravel/framework/src/Illuminate/Database/Migrations/Migrator.php(244): Illuminate/Database/Migrations/Migrator->runMigration(Object(Illuminate/Database/Migrations/Migration@anonymous), 'up')
#15 C:/Users/agull/OneDrive/Documents/Visual Studio/GIBLE/vendor/laravel/framework/src/Illuminate/Console/View/Components/Task.php(40): Illuminate/Database/Migrations/Migrator->Illuminate/Database/Migrations/{closure}()
#16 C:/Users/agull/OneDrive/Documents/Visual Studio/GIBLE/vendor/laravel/framework/src/Illuminate/Database/Migrations/Migrator.php(798): Illuminate/Console/View/Components/Task->render('0001_01_01_0000...', Object(Closure))
#17 C:/Users/agull/OneDrive/Documents/Visual Studio/GIBLE/vendor/laravel/framework/src/Illuminate/Database/Migrations/Migrator.php(244): Illuminate/Database/Migrations/Migrator->write('Illuminate//Cons...', '0001_01_01_0000...', Object(Closure))
#18 C:/Users/agull/OneDrive/Documents/Visual Studio/GIBLE/vendor/laravel/framework/src/Illuminate/Database/Migrations/Migrator.php(211): Illuminate/Database/Migrations/Migrator->runUp('C://Users//agull//...', 1, false)
#19 C:/Users/agull/OneDrive/Documents/Visual Studio/GIBLE/vendor/laravel/framework/src/Illuminate/Database/Migrations/Migrator.php(138): Illuminate/Database/Migrations/Migrator->runPending(Array, Array)
#20 C:/Users/agull/OneDrive/Documents/Visual Studio/GIBLE/vendor/laravel/framework/src/Illuminate/Database/Console/Migrations/MigrateCommand.php(117): Illuminate/Database/Migrations/Migrator->run(Array, Array)
#21 C:/Users/agull/OneDrive/Documents/Visual Studio/GIBLE/vendor/laravel/framework/src/Illuminate/Database/Migrations/Migrator.php(658): Illuminate/Database/Console/Migrations/MigrateCommand->Illuminate/Database/Console/Migrations/{closure}()
#22 C:/Users/agull/OneDrive/Documents/Visual Studio/GIBLE/vendor/laravel/framework/src/Illuminate/Database/Console/Migrations/MigrateCommand.php(110): Illuminate/Database/Migrations/Migrator->usingConnection(NULL, Object(Closure))
#23 C:/Users/agull/OneDrive/Documents/Visual Studio/GIBLE/vendor/laravel/framework/src/Illuminate/Database/Console/Migrations/MigrateCommand.php(89): Illuminate/Database/Console/Migrations/MigrateCommand->runMigrations()
#24 C:/Users/agull/OneDrive/Documents/Visual Studio/GIBLE/vendor/laravel/framework/src/Illuminate/Container/BoundMethod.php(36): Illuminate/Database/Console/Migrations/MigrateCommand->handle()
#25 C:/Users/agull/OneDrive/Documents/Visual Studio/GIBLE/vendor/laravel/framework/src/Illuminate/Container/Util.php(43): Illuminate/Container/BoundMethod::Illuminate/Container/{closure}()
#26 C:/Users/agull/OneDrive/Documents/Visual Studio/GIBLE/vendor/laravel/framework/src/Illuminate/Container/BoundMethod.php(95): Illuminate/Container/Util::unwrapIfClosure(Object(Closure))
#27 C:/Users/agull/OneDrive/Documents/Visual Studio/GIBLE/vendor/laravel/framework/src/Illuminate/Container/BoundMethod.php(35): Illuminate/Container/BoundMethod::callBoundMethod(Object(Illuminate/Foundation/Application), Array, Object(Closure))
#28 C:/Users/agull/OneDrive/Documents/Visual Studio/GIBLE/vendor/laravel/framework/src/Illuminate/Container/Container.php(696): Illuminate/Container/BoundMethod::call(Object(Illuminate/Foundation/Application), Array, Array, NULL)
#29 C:/Users/agull/OneDrive/Documents/Visual Studio/GIBLE/vendor/laravel/framework/src/Illuminate/Console/Command.php(213): Illuminate/Container/Container->call(Array)
#30 C:/Users/agull/OneDrive/Documents/Visual Studio/GIBLE/vendor/symfony/console/Command/Command.php(341): Illuminate/Console/Command->execute(Object(Symfony/Component/Console/Input/ArgvInput), Object(Illuminate/Console/OutputStyle))
#31 C:/Users/agull/OneDrive/Documents/Visual Studio/GIBLE/vendor/laravel/framework/src/Illuminate/Console/Command.php(182): Symfony/Component/Console/Command/Command->run(Object(Symfony/Component/Console/Input/ArgvInput), Object(Illuminate/Console/OutputStyle))
#32 C:/Users/agull/OneDrive/Documents/Visual Studio/GIBLE/vendor/symfony/console/Application.php(1117): Illuminate/Console/Command->run(Object(Symfony/Component/Console/Input/ArgvInput), Object(Symfony/Component/Console/Output/ConsoleOutput))
#33 C:/Users/agull/OneDrive/Documents/Visual Studio/GIBLE/vendor/symfony/console/Application.php(356): Symfony/Component/Console/Application->doRunCommand(Object(Illuminate/Database/Console/Migrations/MigrateCommand), Object(Symfony/Component/Console/Input/ArgvInput), Object(Symfony/Component/Console/Output/ConsoleOutput))
#34 C:/Users/agull/OneDrive/Documents/Visual Studio/GIBLE/vendor/symfony/console/Application.php(195): Symfony/Component/Console/Application->doRun(Object(Symfony/Component/Console/Input/ArgvInput), Object(Symfony/Component/Console/Output/ConsoleOutput))
#35 C:/Users/agull/OneDrive/Documents/Visual Studio/GIBLE/vendor/laravel/framework/src/Illuminate/Foundation/Console/Kernel.php(198): Symfony/Component/Console/Application->run(Object(Symfony/Component/Console/Input/ArgvInput), Object(Symfony/Component/Console/Output/ConsoleOutput))
#36 C:/Users/agull/OneDrive/Documents/Visual Studio/GIBLE/vendor/laravel/framework/src/Illuminate/Foundation/Application.php(1235): Illuminate/Foundation/Console/Kernel->handle(Object(Symfony/Component/Console/Input/ArgvInput), Object(Symfony/Component/Console/Output/ConsoleOutput))
#37 C:/Users/agull/OneDrive/Documents/Visual Studio/GIBLE/artisan(16): Illuminate/Foundation/Application->handleCommand(Object(Symfony/Component/Console/Input/ArgvInput))
#38 {main}
"} 
[2026-05-02 10:09:42] local.ERROR: SQLSTATE[42S01]: Base table or view already exists: 1050 Table 'users' already exists (Connection: mysql, SQL: create table `users` (`id` bigint unsigned not null auto_increment primary key, `name` varchar(255) not null, `email` varchar(255) not null, `email_verified_at` timestamp null, `password` varchar(255) not null, `remember_token` varchar(100) null, `created_at` timestamp null, `updated_at` timestamp null) default character set utf8mb4 collate 'utf8mb4_unicode_ci') {"exception":"[object] (Illuminate\\Database\\QueryException(code: 42S01): SQLSTATE[42S01]: Base table or view already exists: 1050 Table 'users' already exists (Connection: mysql, SQL: create table `users` (`id` bigint unsigned not null auto_increment primary key, `name` varchar(255) not null, `email` varchar(255) not null, `email_verified_at` timestamp null, `password` varchar(255) not null, `remember_token` varchar(100) null, `created_at` timestamp null, `updated_at` timestamp null) default character set utf8mb4 collate 'utf8mb4_unicode_ci') at C:/Users/agull/OneDrive/Documents/Visual Studio/GIBLE/vendor/laravel/framework/src/Illuminate/Database/Connection.php:825)
[stacktrace]
#0 C:/Users/agull/OneDrive/Documents/Visual Studio/GIBLE/vendor/laravel/framework/src/Illuminate/Database/Connection.php(779): Illuminate/Database/Connection->runQueryCallback('create table `u...', Array, Object(Closure))
#1 C:/Users/agull/OneDrive/Documents/Visual Studio/GIBLE/vendor/laravel/framework/src/Illuminate/Database/Connection.php(560): Illuminate/Database/Connection->run('create table `u...', Array, Object(Closure))
#2 C:/Users/agull/OneDrive/Documents/Visual Studio/GIBLE/vendor/laravel/framework/src/Illuminate/Database/Schema/Blueprint.php(118): Illuminate/Database/Connection->statement('create table `u...')
#3 C:/Users/agull/OneDrive/Documents/Visual Studio/GIBLE/vendor/laravel/framework/src/Illuminate/Database/Schema/Builder.php(564): Illuminate/Database/Schema/Blueprint->build(Object(Illuminate/Database/MySqlConnection), Object(Illuminate/Database/Schema/Grammars/MySqlGrammar))
#4 C:/Users/agull/OneDrive/Documents/Visual Studio/GIBLE/vendor/laravel/framework/src/Illuminate/Database/Schema/Builder.php(418): Illuminate/Database/Schema/Builder->build(Object(Illuminate/Database/Schema/Blueprint))
#5 C:/Users/agull/OneDrive/Documents/Visual Studio/GIBLE/vendor/laravel/framework/src/Illuminate/Support/Facades/Facade.php(361): Illuminate/Database/Schema/Builder->create('users', Object(Closure))
#6 C:/Users/agull/OneDrive/Documents/Visual Studio/GIBLE/database/migrations/0001_01_01_000000_create_users_table.php(14): Illuminate/Support/Facades/Facade::__callStatic('create', Array)
#7 C:/Users/agull/OneDrive/Documents/Visual Studio/GIBLE/vendor/laravel/framework/src/Illuminate/Database/Migrations/Migrator.php(507): Illuminate/Database/Migrations/Migration@anonymous->up()
#8 C:/Users/agull/OneDrive/Documents/Visual Studio/GIBLE/vendor/laravel/framework/src/Illuminate/Database/Migrations/Migrator.php(432): Illuminate/Database/Migrations/Migrator->runMethod(Object(Illuminate/Database/MySqlConnection), Object(Illuminate/Database/Migrations/Migration@anonymous), 'up')
#9 C:/Users/agull/OneDrive/Documents/Visual Studio/GIBLE/vendor/laravel/framework/src/Illuminate/Database/Migrations/Migrator.php(441): Illuminate/Database/Migrations/Migrator->Illuminate/Database/Migrations/{closure}()
#10 C:/Users/agull/OneDrive/Documents/Visual Studio/GIBLE/vendor/laravel/framework/src/Illuminate/Database/Migrations/Migrator.php(244): Illuminate/Database/Migrations/Migrator->runMigration(Object(Illuminate/Database/Migrations/Migration@anonymous), 'up')
#11 C:/Users/agull/OneDrive/Documents/Visual Studio/GIBLE/vendor/laravel/framework/src/Illuminate/Console/View/Components/Task.php(40): Illuminate/Database/Migrations/Migrator->Illuminate/Database/Migrations/{closure}()
#12 C:/Users/agull/OneDrive/Documents/Visual Studio/GIBLE/vendor/laravel/framework/src/Illuminate/Database/Migrations/Migrator.php(798): Illuminate/Console/View/Components/Task->render('0001_01_01_0000...', Object(Closure))
#13 C:/Users/agull/OneDrive/Documents/Visual Studio/GIBLE/vendor/laravel/framework/src/Illuminate/Database/Migrations/Migrator.php(244): Illuminate/Database/Migrations/Migrator->write('Illuminate//Cons...', '0001_01_01_0000...', Object(Closure))
#14 C:/Users/agull/OneDrive/Documents/Visual Studio/GIBLE/vendor/laravel/framework/src/Illuminate/Database/Migrations/Migrator.php(211): Illuminate/Database/Migrations/Migrator->runUp('C://Users//agull//...', 1, false)
#15 C:/Users/agull/OneDrive/Documents/Visual Studio/GIBLE/vendor/laravel/framework/src/Illuminate/Database/Migrations/Migrator.php(138): Illuminate/Database/Migrations/Migrator->runPending(Array, Array)
#16 C:/Users/agull/OneDrive/Documents/Visual Studio/GIBLE/vendor/laravel/framework/src/Illuminate/Database/Console/Migrations/MigrateCommand.php(117): Illuminate/Database/Migrations/Migrator->run(Array, Array)
#17 C:/Users/agull/OneDrive/Documents/Visual Studio/GIBLE/vendor/laravel/framework/src/Illuminate/Database/Migrations/Migrator.php(658): Illuminate/Database/Console/Migrations/MigrateCommand->Illuminate/Database/Console/Migrations/{closure}()
#18 C:/Users/agull/OneDrive/Documents/Visual Studio/GIBLE/vendor/laravel/framework/src/Illuminate/Database/Console/Migrations/MigrateCommand.php(110): Illuminate/Database/Migrations/Migrator->usingConnection(NULL, Object(Closure))
#19 C:/Users/agull/OneDrive/Documents/Visual Studio/GIBLE/vendor/laravel/framework/src/Illuminate/Database/Console/Migrations/MigrateCommand.php(89): Illuminate/Database/Console/Migrations/MigrateCommand->runMigrations()
#20 C:/Users/agull/OneDrive/Documents/Visual Studio/GIBLE/vendor/laravel/framework/src/Illuminate/Container/BoundMethod.php(36): Illuminate/Database/Console/Migrations/MigrateCommand->handle()
#21 C:/Users/agull/OneDrive/Documents/Visual Studio/GIBLE/vendor/laravel/framework/src/Illuminate/Container/Util.php(43): Illuminate/Container/BoundMethod::Illuminate/Container/{closure}()
#22 C:/Users/agull/OneDrive/Documents/Visual Studio/GIBLE/vendor/laravel/framework/src/Illuminate/Container/BoundMethod.php(95): Illuminate/Container/Util::unwrapIfClosure(Object(Closure))
#23 C:/Users/agull/OneDrive/Documents/Visual Studio/GIBLE/vendor/laravel/framework/src/Illuminate/Container/BoundMethod.php(35): Illuminate/Container/BoundMethod::callBoundMethod(Object(Illuminate/Foundation/Application), Array, Object(Closure))
#24 C:/Users/agull/OneDrive/Documents/Visual Studio/GIBLE/vendor/laravel/framework/src/Illuminate/Container/Container.php(696): Illuminate/Container/BoundMethod::call(Object(Illuminate/Foundation/Application), Array, Array, NULL)
#25 C:/Users/agull/OneDrive/Documents/Visual Studio/GIBLE/vendor/laravel/framework/src/Illuminate/Console/Command.php(213): Illuminate/Container/Container->call(Array)
#26 C:/Users/agull/OneDrive/Documents/Visual Studio/GIBLE/vendor/symfony/console/Command/Command.php(341): Illuminate/Console/Command->execute(Object(Symfony/Component/Console/Input/ArgvInput), Object(Illuminate/Console/OutputStyle))
#27 C:/Users/agull/OneDrive/Documents/Visual Studio/GIBLE/vendor/laravel/framework/src/Illuminate/Console/Command.php(182): Symfony/Component/Console/Command/Command->run(Object(Symfony/Component/Console/Input/ArgvInput), Object(Illuminate/Console/OutputStyle))
#28 C:/Users/agull/OneDrive/Documents/Visual Studio/GIBLE/vendor/symfony/console/Application.php(1117): Illuminate/Console/Command->run(Object(Symfony/Component/Console/Input/ArgvInput), Object(Symfony/Component/Console/Output/ConsoleOutput))
#29 C:/Users/agull/OneDrive/Documents/Visual Studio/GIBLE/vendor/symfony/console/Application.php(356): Symfony/Component/Console/Application->doRunCommand(Object(Illuminate/Database/Console/Migrations/MigrateCommand), Object(Symfony/Component/Console/Input/ArgvInput), Object(Symfony/Component/Console/Output/ConsoleOutput))
#30 C:/Users/agull/OneDrive/Documents/Visual Studio/GIBLE/vendor/symfony/console/Application.php(195): Symfony/Component/Console/Application->doRun(Object(Symfony/Component/Console/Input/ArgvInput), Object(Symfony/Component/Console/Output/ConsoleOutput))
#31 C:/Users/agull/OneDrive/Documents/Visual Studio/GIBLE/vendor/laravel/framework/src/Illuminate/Foundation/Console/Kernel.php(198): Symfony/Component/Console/Application->run(Object(Symfony/Component/Console/Input/ArgvInput), Object(Symfony/Component/Console/Output/ConsoleOutput))
#32 C:/Users/agull/OneDrive/Documents/Visual Studio/GIBLE/vendor/laravel/framework/src/Illuminate/Foundation/Application.php(1235): Illuminate/Foundation/Console/Kernel->handle(Object(Symfony/Component/Console/Input/ArgvInput), Object(Symfony/Component/Console/Output/ConsoleOutput))
#33 C:/Users/agull/OneDrive/Documents/Visual Studio/GIBLE/artisan(16): Illuminate/Foundation/Application->handleCommand(Object(Symfony/Component/Console/Input/ArgvInput))
#34 {main}

[previous exception] [object] (PDOException(code: 42S01): SQLSTATE[42S01]: Base table or view already exists: 1050 Table 'users' already exists at C:/Users/agull/OneDrive/Documents/Visual Studio/GIBLE/vendor/laravel/framework/src/Illuminate/Database/Connection.php:571)
[stacktrace]
#0 C:/Users/agull/OneDrive/Documents/Visual Studio/GIBLE/vendor/laravel/framework/src/Illuminate/Database/Connection.php(571): PDOStatement->execute()
#1 C:/Users/agull/OneDrive/Documents/Visual Studio/GIBLE/vendor/laravel/framework/src/Illuminate/Database/Connection.php(812): Illuminate/Database/Connection->Illuminate/Database/{closure}('create table `u...', Array)
#2 C:/Users/agull/OneDrive/Documents/Visual Studio/GIBLE/vendor/laravel/framework/src/Illuminate/Database/Connection.php(779): Illuminate/Database/Connection->runQueryCallback('create table `u...', Array, Object(Closure))
#3 C:/Users/agull/OneDrive/Documents/Visual Studio/GIBLE/vendor/laravel/framework/src/Illuminate/Database/Connection.php(560): Illuminate/Database/Connection->run('create table `u...', Array, Object(Closure))
#4 C:/Users/agull/OneDrive/Documents/Visual Studio/GIBLE/vendor/laravel/framework/src/Illuminate/Database/Schema/Blueprint.php(118): Illuminate/Database/Connection->statement('create table `u...')
#5 C:/Users/agull/OneDrive/Documents/Visual Studio/GIBLE/vendor/laravel/framework/src/Illuminate/Database/Schema/Builder.php(564): Illuminate/Database/Schema/Blueprint->build(Object(Illuminate/Database/MySqlConnection), Object(Illuminate/Database/Schema/Grammars/MySqlGrammar))
#6 C:/Users/agull/OneDrive/Documents/Visual Studio/GIBLE/vendor/laravel/framework/src/Illuminate/Database/Schema/Builder.php(418): Illuminate/Database/Schema/Builder->build(Object(Illuminate/Database/Schema/Blueprint))
#7 C:/Users/agull/OneDrive/Documents/Visual Studio/GIBLE/vendor/laravel/framework/src/Illuminate/Support/Facades/Facade.php(361): Illuminate/Database/Schema/Builder->create('users', Object(Closure))
#8 C:/Users/agull/OneDrive/Documents/Visual Studio/GIBLE/database/migrations/0001_01_01_000000_create_users_table.php(14): Illuminate/Support/Facades/Facade::__callStatic('create', Array)
#9 C:/Users/agull/OneDrive/Documents/Visual Studio/GIBLE/vendor/laravel/framework/src/Illuminate/Database/Migrations/Migrator.php(507): Illuminate/Database/Migrations/Migration@anonymous->up()
#10 C:/Users/agull/OneDrive/Documents/Visual Studio/GIBLE/vendor/laravel/framework/src/Illuminate/Database/Migrations/Migrator.php(432): Illuminate/Database/Migrations/Migrator->runMethod(Object(Illuminate/Database/MySqlConnection), Object(Illuminate/Database/Migrations/Migration@anonymous), 'up')
#11 C:/Users/agull/OneDrive/Documents/Visual Studio/GIBLE/vendor/laravel/framework/src/Illuminate/Database/Migrations/Migrator.php(441): Illuminate/Database/Migrations/Migrator->Illuminate/Database/Migrations/{closure}()
#12 C:/Users/agull/OneDrive/Documents/Visual Studio/GIBLE/vendor/laravel/framework/src/Illuminate/Database/Migrations/Migrator.php(244): Illuminate/Database/Migrations/Migrator->runMigration(Object(Illuminate/Database/Migrations/Migration@anonymous), 'up')
#13 C:/Users/agull/OneDrive/Documents/Visual Studio/GIBLE/vendor/laravel/framework/src/Illuminate/Console/View/Components/Task.php(40): Illuminate/Database/Migrations/Migrator->Illuminate/Database/Migrations/{closure}()
#14 C:/Users/agull/OneDrive/Documents/Visual Studio/GIBLE/vendor/laravel/framework/src/Illuminate/Database/Migrations/Migrator.php(798): Illuminate/Console/View/Components/Task->render('0001_01_01_0000...', Object(Closure))
#15 C:/Users/agull/OneDrive/Documents/Visual Studio/GIBLE/vendor/laravel/framework/src/Illuminate/Database/Migrations/Migrator.php(244): Illuminate/Database/Migrations/Migrator->write('Illuminate//Cons...', '0001_01_01_0000...', Object(Closure))
#16 C:/Users/agull/OneDrive/Documents/Visual Studio/GIBLE/vendor/laravel/framework/src/Illuminate/Database/Migrations/Migrator.php(211): Illuminate/Database/Migrations/Migrator->runUp('C://Users//agull//...', 1, false)
#17 C:/Users/agull/OneDrive/Documents/Visual Studio/GIBLE/vendor/laravel/framework/src/Illuminate/Database/Migrations/Migrator.php(138): Illuminate/Database/Migrations/Migrator->runPending(Array, Array)
#18 C:/Users/agull/OneDrive/Documents/Visual Studio/GIBLE/vendor/laravel/framework/src/Illuminate/Database/Console/Migrations/MigrateCommand.php(117): Illuminate/Database/Migrations/Migrator->run(Array, Array)
#19 C:/Users/agull/OneDrive/Documents/Visual Studio/GIBLE/vendor/laravel/framework/src/Illuminate/Database/Migrations/Migrator.php(658): Illuminate/Database/Console/Migrations/MigrateCommand->Illuminate/Database/Console/Migrations/{closure}()
#20 C:/Users/agull/OneDrive/Documents/Visual Studio/GIBLE/vendor/laravel/framework/src/Illuminate/Database/Console/Migrations/MigrateCommand.php(110): Illuminate/Database/Migrations/Migrator->usingConnection(NULL, Object(Closure))
#21 C:/Users/agull/OneDrive/Documents/Visual Studio/GIBLE/vendor/laravel/framework/src/Illuminate/Database/Console/Migrations/MigrateCommand.php(89): Illuminate/Database/Console/Migrations/MigrateCommand->runMigrations()
#22 C:/Users/agull/OneDrive/Documents/Visual Studio/GIBLE/vendor/laravel/framework/src/Illuminate/Container/BoundMethod.php(36): Illuminate/Database/Console/Migrations/MigrateCommand->handle()
#23 C:/Users/agull/OneDrive/Documents/Visual Studio/GIBLE/vendor/laravel/framework/src/Illuminate/Container/Util.php(43): Illuminate/Container/BoundMethod::Illuminate/Container/{closure}()
#24 C:/Users/agull/OneDrive/Documents/Visual Studio/GIBLE/vendor/laravel/framework/src/Illuminate/Container/BoundMethod.php(95): Illuminate/Container/Util::unwrapIfClosure(Object(Closure))
#25 C:/Users/agull/OneDrive/Documents/Visual Studio/GIBLE/vendor/laravel/framework/src/Illuminate/Container/BoundMethod.php(35): Illuminate/Container/BoundMethod::callBoundMethod(Object(Illuminate/Foundation/Application), Array, Object(Closure))
#26 C:/Users/agull/OneDrive/Documents/Visual Studio/GIBLE/vendor/laravel/framework/src/Illuminate/Container/Container.php(696): Illuminate/Container/BoundMethod::call(Object(Illuminate/Foundation/Application), Array, Array, NULL)
#27 C:/Users/agull/OneDrive/Documents/Visual Studio/GIBLE/vendor/laravel/framework/src/Illuminate/Console/Command.php(213): Illuminate/Container/Container->call(Array)
#28 C:/Users/agull/OneDrive/Documents/Visual Studio/GIBLE/vendor/symfony/console/Command/Command.php(341): Illuminate/Console/Command->execute(Object(Symfony/Component/Console/Input/ArgvInput), Object(Illuminate/Console/OutputStyle))
#29 C:/Users/agull/OneDrive/Documents/Visual Studio/GIBLE/vendor/laravel/framework/src/Illuminate/Console/Command.php(182): Symfony/Component/Console/Command/Command->run(Object(Symfony/Component/Console/Input/ArgvInput), Object(Illuminate/Console/OutputStyle))
#30 C:/Users/agull/OneDrive/Documents/Visual Studio/GIBLE/vendor/symfony/console/Application.php(1117): Illuminate/Console/Command->run(Object(Symfony/Component/Console/Input/ArgvInput), Object(Symfony/Component/Console/Output/ConsoleOutput))
#31 C:/Users/agull/OneDrive/Documents/Visual Studio/GIBLE/vendor/symfony/console/Application.php(356): Symfony/Component/Console/Application->doRunCommand(Object(Illuminate/Database/Console/Migrations/MigrateCommand), Object(Symfony/Component/Console/Input/ArgvInput), Object(Symfony/Component/Console/Output/ConsoleOutput))
#32 C:/Users/agull/OneDrive/Documents/Visual Studio/GIBLE/vendor/symfony/console/Application.php(195): Symfony/Component/Console/Application->doRun(Object(Symfony/Component/Console/Input/ArgvInput), Object(Symfony/Component/Console/Output/ConsoleOutput))
#33 C:/Users/agull/OneDrive/Documents/Visual Studio/GIBLE/vendor/laravel/framework/src/Illuminate/Foundation/Console/Kernel.php(198): Symfony/Component/Console/Application->run(Object(Symfony/Component/Console/Input/ArgvInput), Object(Symfony/Component/Console/Output/ConsoleOutput))
#34 C:/Users/agull/OneDrive/Documents/Visual Studio/GIBLE/vendor/laravel/framework/src/Illuminate/Foundation/Application.php(1235): Illuminate/Foundation/Console/Kernel->handle(Object(Symfony/Component/Console/Input/ArgvInput), Object(Symfony/Component/Console/Output/ConsoleOutput))
#35 C:/Users/agull/OneDrive/Documents/Visual Studio/GIBLE/artisan(16): Illuminate/Foundation/Application->handleCommand(Object(Symfony/Component/Console/Input/ArgvInput))
#36 {main}
"} 
[2026-05-02 10:39:37] testing.WARNING: Wikipedia summary unavailable for topic search. {"query_len":3,"internal_reason":"internal-detail-not-for-browser"} 
[2026-05-02 10:39:37] testing.WARNING: Wikipedia summary unavailable for recommendation card. {"query_len":7,"internal_reason":"secret-wiki-reason"} 
[2026-05-02 10:40:12] testing.WARNING: Wikipedia summary unavailable for topic search. {"query_len":3,"internal_reason":"internal-detail-not-for-browser"} 
[2026-05-02 10:40:12] testing.WARNING: Wikipedia summary unavailable for recommendation card. {"query_len":7,"internal_reason":"secret-wiki-reason"} 
[2026-05-02 10:44:29] local.ERROR: The "--columns" option does not exist. {"exception":"[object] (Symfony\\Component\\Console\\Exception\\RuntimeException(code: 0): The \"--columns\" option does not exist. at C:/Users/agull/OneDrive/Documents/Visual Studio/GIBLE/vendor/symfony/console/Input/ArgvInput.php:226)
[stacktrace]
#0 C:/Users/agull/OneDrive/Documents/Visual Studio/GIBLE/vendor/symfony/console/Input/ArgvInput.php(153): Symfony/Component/Console/Input/ArgvInput->addLongOption('columns', 'method,uri,name')
#1 C:/Users/agull/OneDrive/Documents/Visual Studio/GIBLE/vendor/symfony/console/Input/ArgvInput.php(88): Symfony/Component/Console/Input/ArgvInput->parseLongOption('--columns=metho...')
#2 C:/Users/agull/OneDrive/Documents/Visual Studio/GIBLE/vendor/symfony/console/Input/ArgvInput.php(77): Symfony/Component/Console/Input/ArgvInput->parseToken('--columns=metho...', true)
#3 C:/Users/agull/OneDrive/Documents/Visual Studio/GIBLE/vendor/symfony/console/Input/Input.php(53): Symfony/Component/Console/Input/ArgvInput->parse()
#4 C:/Users/agull/OneDrive/Documents/Visual Studio/GIBLE/vendor/symfony/console/Command/Command.php(295): Symfony/Component/Console/Input/Input->bind(Object(Symfony/Component/Console/Input/InputDefinition))
#5 C:/Users/agull/OneDrive/Documents/Visual Studio/GIBLE/vendor/laravel/framework/src/Illuminate/Console/Command.php(182): Symfony/Component/Console/Command/Command->run(Object(Symfony/Component/Console/Input/ArgvInput), Object(Illuminate/Console/OutputStyle))
#6 C:/Users/agull/OneDrive/Documents/Visual Studio/GIBLE/vendor/symfony/console/Application.php(1117): Illuminate/Console/Command->run(Object(Symfony/Component/Console/Input/ArgvInput), Object(Symfony/Component/Console/Output/ConsoleOutput))
#7 C:/Users/agull/OneDrive/Documents/Visual Studio/GIBLE/vendor/symfony/console/Application.php(356): Symfony/Component/Console/Application->doRunCommand(Object(Illuminate/Foundation/Console/RouteListCommand), Object(Symfony/Component/Console/Input/ArgvInput), Object(Symfony/Component/Console/Output/ConsoleOutput))
#8 C:/Users/agull/OneDrive/Documents/Visual Studio/GIBLE/vendor/symfony/console/Application.php(195): Symfony/Component/Console/Application->doRun(Object(Symfony/Component/Console/Input/ArgvInput), Object(Symfony/Component/Console/Output/ConsoleOutput))
#9 C:/Users/agull/OneDrive/Documents/Visual Studio/GIBLE/vendor/laravel/framework/src/Illuminate/Foundation/Console/Kernel.php(198): Symfony/Component/Console/Application->run(Object(Symfony/Component/Console/Input/ArgvInput), Object(Symfony/Component/Console/Output/ConsoleOutput))
#10 C:/Users/agull/OneDrive/Documents/Visual Studio/GIBLE/vendor/laravel/framework/src/Illuminate/Foundation/Application.php(1235): Illuminate/Foundation/Console/Kernel->handle(Object(Symfony/Component/Console/Input/ArgvInput), Object(Symfony/Component/Console/Output/ConsoleOutput))
#11 C:/Users/agull/OneDrive/Documents/Visual Studio/GIBLE/artisan(16): Illuminate/Foundation/Application->handleCommand(Object(Symfony/Component/Console/Input/ArgvInput))
#12 {main}
"} 
[2026-05-02 10:45:31] testing.WARNING: Wikipedia summary unavailable for topic search. {"query_len":3,"internal_reason":"internal-detail-not-for-browser"} 
[2026-05-02 10:45:31] testing.WARNING: Wikipedia summary unavailable for recommendation card. {"query_len":7,"internal_reason":"secret-wiki-reason"} 
[2026-05-02 10:48:20] local.WARNING: Wikipedia summary unavailable for topic search. {"query_len":3,"internal_reason":"internal-detail-not-for-browser"} 
[2026-05-02 10:48:20] local.WARNING: Wikipedia summary unavailable for recommendation card. {"query_len":7,"internal_reason":"secret-wiki-reason"} 
[2026-05-02 10:57:39] local.WARNING: Wikipedia summary unavailable for topic search. {"query_len":3,"internal_reason":"internal-detail-not-for-browser"} 
[2026-05-02 10:57:40] local.WARNING: Wikipedia summary unavailable for recommendation card. {"query_len":7,"internal_reason":"secret-wiki-reason"} 
[2026-05-03 01:24:50] local.WARNING: Wikipedia summary unavailable for topic search. {"query_len":3,"internal_reason":"internal-detail-not-for-browser"} 
[2026-05-03 01:24:51] local.WARNING: Wikipedia summary unavailable for recommendation card. {"query_len":7,"internal_reason":"secret-wiki-reason"} 
[2026-05-03 01:29:04] local.WARNING: Wikipedia summary unavailable for topic search. {"query_len":3,"internal_reason":"internal-detail-not-for-browser"} 
[2026-05-03 01:29:04] local.WARNING: Wikipedia summary unavailable for recommendation card. {"query_len":7,"internal_reason":"secret-wiki-reason"} 
[2026-05-03 01:32:14] local.WARNING: Wikipedia summary unavailable for topic search. {"query_len":3,"internal_reason":"internal-detail-not-for-browser"} 
[2026-05-03 01:32:14] local.WARNING: Wikipedia summary unavailable for recommendation card. {"query_len":7,"internal_reason":"secret-wiki-reason"} 
[2026-05-03 01:48:45] local.DEBUG: From: GIBLE <hello@example.com>
To: agullanaaaronjoshua@gmail.com
Subject: Reset Password Notification
MIME-Version: 1.0
Date: Sun, 03 May 2026 01:48:45 +0000
Message-ID: <18e53c59fcb39ba5b55e4f51664aee23@example.com>
Content-Type: multipart/alternative; boundary=GaisN538

--GaisN538
Content-Type: text/plain; charset=utf-8
Content-Transfer-Encoding: quoted-printable

GIBLE: http://127.0.0.1:8000

# Hello!

You are receiving this email because we received a password reset request for your account.

Reset Password: http://127.0.0.1:8000/reset-password/b280355f7a5b25fdef1105d096510d95da0020d2f712e460cda88c8cd5c929cc?email=agullanaaaronjoshua%40gmail.com

This password reset link will expire in 60 minutes.

If you did not request a password reset, no further action is required.

Regards,
GIBLE

If you're having trouble clicking the "Reset Password" button, copy and paste the URL below
into your web browser: [http://127.0.0.1:8000/reset-password/b280355f7a5b25fdef1105d096510d95da0020d2f712e460cda88c8cd5c929cc?email=agullanaaaronjoshua%40gmail.com](http://127.0.0.1:8000/reset-password/b280355f7a5b25fdef1105d096510d95da0020d2f712e460cda88c8cd5c929cc?email=agullanaaaronjoshua%40gmail.com)

© 2026 GIBLE. All rights reserved.

--GaisN538
Content-Type: text/html; charset=utf-8
Content-Transfer-Encoding: quoted-printable

<!DOCTYPE html PUBLIC "-//W3C//DTD XHTML 1.0 Transitional//EN" "http://www.w3.org/TR/xhtml1/DTD/xhtml1-transitional.dtd">
<html xmlns="http://www.w3.org/1999/xhtml">
<head>
<title>GIBLE</title>
<meta name="viewport" content="width=device-width, initial-scale=1.0">
<meta http-equiv="Content-Type" content="text/html; charset=UTF-8">
<meta name="color-scheme" content="light">
<meta name="supported-color-schemes" content="light">
<style>
@media only screen and (max-width: 600px) {
.inner-body {
width: 100% !important;
}

.footer {
width: 100% !important;
}
}

@media only screen and (max-width: 500px) {
.button {
width: 100% !important;
}
}
</style>

</head>
<body style="box-sizing: border-box; font-family: -apple-system, BlinkMacSystemFont, 'Segoe UI', Roboto, Helvetica, Arial, sans-serif, 'Apple Color Emoji', 'Segoe UI Emoji', 'Segoe UI Symbol'; position: relative; -webkit-text-size-adjust: none; background-color: #ffffff; color: #718096; height: 100%; line-height: 1.4; margin: 0; padding: 0; width: 100% !important;">

<table class="wrapper" width="100%" cellpadding="0" cellspacing="0" role="presentation" style="box-sizing: border-box; font-family: -apple-system, BlinkMacSystemFont, 'Segoe UI', Roboto, Helvetica, Arial, sans-serif, 'Apple Color Emoji', 'Segoe UI Emoji', 'Segoe UI Symbol'; position: relative; -premailer-cellpadding: 0; -premailer-cellspacing: 0; -premailer-width: 100%; background-color: #edf2f7; margin: 0; padding: 0; width: 100%;">
<tr>
<td align="center" style="box-sizing: border-box; font-family: -apple-system, BlinkMacSystemFont, 'Segoe UI', Roboto, Helvetica, Arial, sans-serif, 'Apple Color Emoji', 'Segoe UI Emoji', 'Segoe UI Symbol'; position: relative;">
<table class="content" width="100%" cellpadding="0" cellspacing="0" role="presentation" style="box-sizing: border-box; font-family: -apple-system, BlinkMacSystemFont, 'Segoe UI', Roboto, Helvetica, Arial, sans-serif, 'Apple Color Emoji', 'Segoe UI Emoji', 'Segoe UI Symbol'; position: relative; -premailer-cellpadding: 0; -premailer-cellspacing: 0; -premailer-width: 100%; margin: 0; padding: 0; width: 100%;">
<tr>
<td class="header" style="box-sizing: border-box; font-family: -apple-system, BlinkMacSystemFont, 'Segoe UI', Roboto, Helvetica, Arial, sans-serif, 'Apple Color Emoji', 'Segoe UI Emoji', 'Segoe UI Symbol'; position: relative; padding: 25px 0; text-align: center;">
<a href="http://127.0.0.1:8000" style="box-sizing: border-box; font-family: -apple-system, BlinkMacSystemFont, 'Segoe UI', Roboto, Helvetica, Arial, sans-serif, 'Apple Color Emoji', 'Segoe UI Emoji', 'Segoe UI Symbol'; position: relative; color: #3d4852; font-size: 19px; font-weight: bold; text-decoration: none; display: inline-block;">
GIBLE
</a>
</td>
</tr>

<!-- Email Body -->
<tr>
<td class="body" width="100%" cellpadding="0" cellspacing="0" style="box-sizing: border-box; font-family: -apple-system, BlinkMacSystemFont, 'Segoe UI', Roboto, Helvetica, Arial, sans-serif, 'Apple Color Emoji', 'Segoe UI Emoji', 'Segoe UI Symbol'; position: relative; -premailer-cellpadding: 0; -premailer-cellspacing: 0; -premailer-width: 100%; background-color: #edf2f7; border-bottom: 1px solid #edf2f7; border-top: 1px solid #edf2f7; margin: 0; padding: 0; width: 100%; border: hidden !important;">
<table class="inner-body" align="center" width="570" cellpadding="0" cellspacing="0" role="presentation" style="box-sizing: border-box; font-family: -apple-system, BlinkMacSystemFont, 'Segoe UI', Roboto, Helvetica, Arial, sans-serif, 'Apple Color Emoji', 'Segoe UI Emoji', 'Segoe UI Symbol'; position: relative; -premailer-cellpadding: 0; -premailer-cellspacing: 0; -premailer-width: 570px; background-color: #ffffff; border-color: #e8e5ef; border-radius: 2px; border-width: 1px; box-shadow: 0 2px 0 rgba(0, 0, 150, 0.025), 2px 4px 0 rgba(0, 0, 150, 0.015); margin: 0 auto; padding: 0; width: 570px;">
<!-- Body content -->
<tr>
<td class="content-cell" style="box-sizing: border-box; font-family: -apple-system, BlinkMacSystemFont, 'Segoe UI', Roboto, Helvetica, Arial, sans-serif, 'Apple Color Emoji', 'Segoe UI Emoji', 'Segoe UI Symbol'; position: relative; max-width: 100vw; padding: 32px;">
<h1 style="box-sizing: border-box; font-family: -apple-system, BlinkMacSystemFont, 'Segoe UI', Roboto, Helvetica, Arial, sans-serif, 'Apple Color Emoji', 'Segoe UI Emoji', 'Segoe UI Symbol'; position: relative; color: #3d4852; font-size: 18px; font-weight: bold; margin-top: 0; text-align: left;">Hello!</h1>
<p style="box-sizing: border-box; font-family: -apple-system, BlinkMacSystemFont, 'Segoe UI', Roboto, Helvetica, Arial, sans-serif, 'Apple Color Emoji', 'Segoe UI Emoji', 'Segoe UI Symbol'; position: relative; font-size: 16px; line-height: 1.5em; margin-top: 0; text-align: left;">You are receiving this email because we received a password reset request for your account.</p>
<table class="action" align="center" width="100%" cellpadding="0" cellspacing="0" role="presentation" style="box-sizing: border-box; font-family: -apple-system, BlinkMacSystemFont, 'Segoe UI', Roboto, Helvetica, Arial, sans-serif, 'Apple Color Emoji', 'Segoe UI Emoji', 'Segoe UI Symbol'; position: relative; -premailer-cellpadding: 0; -premailer-cellspacing: 0; -premailer-width: 100%; margin: 30px auto; padding: 0; text-align: center; width: 100%; float: unset;">
<tr>
<td align="center" style="box-sizing: border-box; font-family: -apple-system, BlinkMacSystemFont, 'Segoe UI', Roboto, Helvetica, Arial, sans-serif, 'Apple Color Emoji', 'Segoe UI Emoji', 'Segoe UI Symbol'; position: relative;">
<table width="100%" border="0" cellpadding="0" cellspacing="0" role="presentation" style="box-sizing: border-box; font-family: -apple-system, BlinkMacSystemFont, 'Segoe UI', Roboto, Helvetica, Arial, sans-serif, 'Apple Color Emoji', 'Segoe UI Emoji', 'Segoe UI Symbol'; position: relative;">
<tr>
<td align="center" style="box-sizing: border-box; font-family: -apple-system, BlinkMacSystemFont, 'Segoe UI', Roboto, Helvetica, Arial, sans-serif, 'Apple Color Emoji', 'Segoe UI Emoji', 'Segoe UI Symbol'; position: relative;">
<table border="0" cellpadding="0" cellspacing="0" role="presentation" style="box-sizing: border-box; font-family: -apple-system, BlinkMacSystemFont, 'Segoe UI', Roboto, Helvetica, Arial, sans-serif, 'Apple Color Emoji', 'Segoe UI Emoji', 'Segoe UI Symbol'; position: relative;">
<tr>
<td style="box-sizing: border-box; font-family: -apple-system, BlinkMacSystemFont, 'Segoe UI', Roboto, Helvetica, Arial, sans-serif, 'Apple Color Emoji', 'Segoe UI Emoji', 'Segoe UI Symbol'; position: relative;">
<a href="http://127.0.0.1:8000/reset-password/b280355f7a5b25fdef1105d096510d95da0020d2f712e460cda88c8cd5c929cc?email=agullanaaaronjoshua%40gmail.com" class="button button-primary" target="_blank" rel="noopener" style="box-sizing: border-box; font-family: -apple-system, BlinkMacSystemFont, 'Segoe UI', Roboto, Helvetica, Arial, sans-serif, 'Apple Color Emoji', 'Segoe UI Emoji', 'Segoe UI Symbol'; position: relative; -webkit-text-size-adjust: none; border-radius: 4px; color: #fff; display: inline-block; overflow: hidden; text-decoration: none; background-color: #2d3748; border-bottom: 8px solid #2d3748; border-left: 18px solid #2d3748; border-right: 18px solid #2d3748; border-top: 8px solid #2d3748; word-break: break-all;">Reset Password</a>
</td>
</tr>
</table>
</td>
</tr>
</table>
</td>
</tr>
</table>
<p style="box-sizing: border-box; font-family: -apple-system, BlinkMacSystemFont, 'Segoe UI', Roboto, Helvetica, Arial, sans-serif, 'Apple Color Emoji', 'Segoe UI Emoji', 'Segoe UI Symbol'; position: relative; font-size: 16px; line-height: 1.5em; margin-top: 0; text-align: left;">This password reset link will expire in 60 minutes.</p>
<p style="box-sizing: border-box; font-family: -apple-system, BlinkMacSystemFont, 'Segoe UI', Roboto, Helvetica, Arial, sans-serif, 'Apple Color Emoji', 'Segoe UI Emoji', 'Segoe UI Symbol'; position: relative; font-size: 16px; line-height: 1.5em; margin-top: 0; text-align: left;">If you did not request a password reset, no further action is required.</p>
<p style="box-sizing: border-box; font-family: -apple-system, BlinkMacSystemFont, 'Segoe UI', Roboto, Helvetica, Arial, sans-serif, 'Apple Color Emoji', 'Segoe UI Emoji', 'Segoe UI Symbol'; position: relative; font-size: 16px; line-height: 1.5em; margin-top: 0; text-align: left;">Regards,<br>
GIBLE</p>


<table class="subcopy" width="100%" cellpadding="0" cellspacing="0" role="presentation" style="box-sizing: border-box; font-family: -apple-system, BlinkMacSystemFont, 'Segoe UI', Roboto, Helvetica, Arial, sans-serif, 'Apple Color Emoji', 'Segoe UI Emoji', 'Segoe UI Symbol'; position: relative; border-top: 1px solid #e8e5ef; margin-top: 25px; padding-top: 25px;">
<tr>
<td style="box-sizing: border-box; font-family: -apple-system, BlinkMacSystemFont, 'Segoe UI', Roboto, Helvetica, Arial, sans-serif, 'Apple Color Emoji', 'Segoe UI Emoji', 'Segoe UI Symbol'; position: relative;">
<p style="box-sizing: border-box; font-family: -apple-system, BlinkMacSystemFont, 'Segoe UI', Roboto, Helvetica, Arial, sans-serif, 'Apple Color Emoji', 'Segoe UI Emoji', 'Segoe UI Symbol'; position: relative; line-height: 1.5em; margin-top: 0; text-align: left; font-size: 14px;">If you're having trouble clicking the "Reset Password" button, copy and paste the URL below
into your web browser: <span class="break-all" style="box-sizing: border-box; font-family: -apple-system, BlinkMacSystemFont, 'Segoe UI', Roboto, Helvetica, Arial, sans-serif, 'Apple Color Emoji', 'Segoe UI Emoji', 'Segoe UI Symbol'; position: relative; word-break: break-all;"><a href="http://127.0.0.1:8000/reset-password/b280355f7a5b25fdef1105d096510d95da0020d2f712e460cda88c8cd5c929cc?email=agullanaaaronjoshua%40gmail.com" style="box-sizing: border-box; font-family: -apple-system, BlinkMacSystemFont, 'Segoe UI', Roboto, Helvetica, Arial, sans-serif, 'Apple Color Emoji', 'Segoe UI Emoji', 'Segoe UI Symbol'; position: relative; color: #3869d4; word-break: break-all;">http://127.0.0.1:8000/reset-password/b280355f7a5b25fdef1105d096510d95da0020d2f712e460cda88c8cd5c929cc?email=agullanaaaronjoshua%40gmail.com</a></span></p>

</td>
</tr>
</table>
</td>
</tr>
</table>
</td>
</tr>

<tr>
<td style="box-sizing: border-box; font-family: -apple-system, BlinkMacSystemFont, 'Segoe UI', Roboto, Helvetica, Arial, sans-serif, 'Apple Color Emoji', 'Segoe UI Emoji', 'Segoe UI Symbol'; position: relative;">
<table class="footer" align="center" width="570" cellpadding="0" cellspacing="0" role="presentation" style="box-sizing: border-box; font-family: -apple-system, BlinkMacSystemFont, 'Segoe UI', Roboto, Helvetica, Arial, sans-serif, 'Apple Color Emoji', 'Segoe UI Emoji', 'Segoe UI Symbol'; position: relative; -premailer-cellpadding: 0; -premailer-cellspacing: 0; -premailer-width: 570px; margin: 0 auto; padding: 0; text-align: center; width: 570px;">
<tr>
<td class="content-cell" align="center" style="box-sizing: border-box; font-family: -apple-system, BlinkMacSystemFont, 'Segoe UI', Roboto, Helvetica, Arial, sans-serif, 'Apple Color Emoji', 'Segoe UI Emoji', 'Segoe UI Symbol'; position: relative; max-width: 100vw; padding: 32px;">
<p style="box-sizing: border-box; font-family: -apple-system, BlinkMacSystemFont, 'Segoe UI', Roboto, Helvetica, Arial, sans-serif, 'Apple Color Emoji', 'Segoe UI Emoji', 'Segoe UI Symbol'; position: relative; line-height: 1.5em; margin-top: 0; color: #b0adc5; font-size: 12px; text-align: center;">© 2026 GIBLE. All rights reserved.</p>

</td>
</tr>
</table>
</td>
</tr>
</table>
</td>
</tr>
</table>
</body>
</html>
--GaisN538--
  
[2026-05-03 01:52:32] local.DEBUG: From: GIBLE <hello@example.com>
To: agullanaaaronjoshua@gmail.com
Subject: Reset Password Notification
MIME-Version: 1.0
Date: Sun, 03 May 2026 01:52:32 +0000
Message-ID: <a17a1ab9e9c8c1f7214f440a2a2f3087@example.com>
Content-Type: multipart/alternative; boundary=fxZyobiD

--fxZyobiD
Content-Type: text/plain; charset=utf-8
Content-Transfer-Encoding: quoted-printable

GIBLE: http://127.0.0.1:8000

# Hello!

You are receiving this email because we received a password reset request for your account.

Reset Password: http://127.0.0.1:8000/reset-password/7bfc16e2ae09ca61539b5dc8fba038770dfdb01815a673780a2a20428d4d05e2?email=agullanaaaronjoshua%40gmail.com

This password reset link will expire in 60 minutes.

If you did not request a password reset, no further action is required.

Regards,
GIBLE

If you're having trouble clicking the "Reset Password" button, copy and paste the URL below
into your web browser: [http://127.0.0.1:8000/reset-password/7bfc16e2ae09ca61539b5dc8fba038770dfdb01815a673780a2a20428d4d05e2?email=agullanaaaronjoshua%40gmail.com](http://127.0.0.1:8000/reset-password/7bfc16e2ae09ca61539b5dc8fba038770dfdb01815a673780a2a20428d4d05e2?email=agullanaaaronjoshua%40gmail.com)

© 2026 GIBLE. All rights reserved.

--fxZyobiD
Content-Type: text/html; charset=utf-8
Content-Transfer-Encoding: quoted-printable

<!DOCTYPE html PUBLIC "-//W3C//DTD XHTML 1.0 Transitional//EN" "http://www.w3.org/TR/xhtml1/DTD/xhtml1-transitional.dtd">
<html xmlns="http://www.w3.org/1999/xhtml">
<head>
<title>GIBLE</title>
<meta name="viewport" content="width=device-width, initial-scale=1.0">
<meta http-equiv="Content-Type" content="text/html; charset=UTF-8">
<meta name="color-scheme" content="light">
<meta name="supported-color-schemes" content="light">
<style>
@media only screen and (max-width: 600px) {
.inner-body {
width: 100% !important;
}

.footer {
width: 100% !important;
}
}

@media only screen and (max-width: 500px) {
.button {
width: 100% !important;
}
}
</style>

</head>
<body style="box-sizing: border-box; font-family: -apple-system, BlinkMacSystemFont, 'Segoe UI', Roboto, Helvetica, Arial, sans-serif, 'Apple Color Emoji', 'Segoe UI Emoji', 'Segoe UI Symbol'; position: relative; -webkit-text-size-adjust: none; background-color: #ffffff; color: #718096; height: 100%; line-height: 1.4; margin: 0; padding: 0; width: 100% !important;">

<table class="wrapper" width="100%" cellpadding="0" cellspacing="0" role="presentation" style="box-sizing: border-box; font-family: -apple-system, BlinkMacSystemFont, 'Segoe UI', Roboto, Helvetica, Arial, sans-serif, 'Apple Color Emoji', 'Segoe UI Emoji', 'Segoe UI Symbol'; position: relative; -premailer-cellpadding: 0; -premailer-cellspacing: 0; -premailer-width: 100%; background-color: #edf2f7; margin: 0; padding: 0; width: 100%;">
<tr>
<td align="center" style="box-sizing: border-box; font-family: -apple-system, BlinkMacSystemFont, 'Segoe UI', Roboto, Helvetica, Arial, sans-serif, 'Apple Color Emoji', 'Segoe UI Emoji', 'Segoe UI Symbol'; position: relative;">
<table class="content" width="100%" cellpadding="0" cellspacing="0" role="presentation" style="box-sizing: border-box; font-family: -apple-system, BlinkMacSystemFont, 'Segoe UI', Roboto, Helvetica, Arial, sans-serif, 'Apple Color Emoji', 'Segoe UI Emoji', 'Segoe UI Symbol'; position: relative; -premailer-cellpadding: 0; -premailer-cellspacing: 0; -premailer-width: 100%; margin: 0; padding: 0; width: 100%;">
<tr>
<td class="header" style="box-sizing: border-box; font-family: -apple-system, BlinkMacSystemFont, 'Segoe UI', Roboto, Helvetica, Arial, sans-serif, 'Apple Color Emoji', 'Segoe UI Emoji', 'Segoe UI Symbol'; position: relative; padding: 25px 0; text-align: center;">
<a href="http://127.0.0.1:8000" style="box-sizing: border-box; font-family: -apple-system, BlinkMacSystemFont, 'Segoe UI', Roboto, Helvetica, Arial, sans-serif, 'Apple Color Emoji', 'Segoe UI Emoji', 'Segoe UI Symbol'; position: relative; color: #3d4852; font-size: 19px; font-weight: bold; text-decoration: none; display: inline-block;">
GIBLE
</a>
</td>
</tr>

<!-- Email Body -->
<tr>
<td class="body" width="100%" cellpadding="0" cellspacing="0" style="box-sizing: border-box; font-family: -apple-system, BlinkMacSystemFont, 'Segoe UI', Roboto, Helvetica, Arial, sans-serif, 'Apple Color Emoji', 'Segoe UI Emoji', 'Segoe UI Symbol'; position: relative; -premailer-cellpadding: 0; -premailer-cellspacing: 0; -premailer-width: 100%; background-color: #edf2f7; border-bottom: 1px solid #edf2f7; border-top: 1px solid #edf2f7; margin: 0; padding: 0; width: 100%; border: hidden !important;">
<table class="inner-body" align="center" width="570" cellpadding="0" cellspacing="0" role="presentation" style="box-sizing: border-box; font-family: -apple-system, BlinkMacSystemFont, 'Segoe UI', Roboto, Helvetica, Arial, sans-serif, 'Apple Color Emoji', 'Segoe UI Emoji', 'Segoe UI Symbol'; position: relative; -premailer-cellpadding: 0; -premailer-cellspacing: 0; -premailer-width: 570px; background-color: #ffffff; border-color: #e8e5ef; border-radius: 2px; border-width: 1px; box-shadow: 0 2px 0 rgba(0, 0, 150, 0.025), 2px 4px 0 rgba(0, 0, 150, 0.015); margin: 0 auto; padding: 0; width: 570px;">
<!-- Body content -->
<tr>
<td class="content-cell" style="box-sizing: border-box; font-family: -apple-system, BlinkMacSystemFont, 'Segoe UI', Roboto, Helvetica, Arial, sans-serif, 'Apple Color Emoji', 'Segoe UI Emoji', 'Segoe UI Symbol'; position: relative; max-width: 100vw; padding: 32px;">
<h1 style="box-sizing: border-box; font-family: -apple-system, BlinkMacSystemFont, 'Segoe UI', Roboto, Helvetica, Arial, sans-serif, 'Apple Color Emoji', 'Segoe UI Emoji', 'Segoe UI Symbol'; position: relative; color: #3d4852; font-size: 18px; font-weight: bold; margin-top: 0; text-align: left;">Hello!</h1>
<p style="box-sizing: border-box; font-family: -apple-system, BlinkMacSystemFont, 'Segoe UI', Roboto, Helvetica, Arial, sans-serif, 'Apple Color Emoji', 'Segoe UI Emoji', 'Segoe UI Symbol'; position: relative; font-size: 16px; line-height: 1.5em; margin-top: 0; text-align: left;">You are receiving this email because we received a password reset request for your account.</p>
<table class="action" align="center" width="100%" cellpadding="0" cellspacing="0" role="presentation" style="box-sizing: border-box; font-family: -apple-system, BlinkMacSystemFont, 'Segoe UI', Roboto, Helvetica, Arial, sans-serif, 'Apple Color Emoji', 'Segoe UI Emoji', 'Segoe UI Symbol'; position: relative; -premailer-cellpadding: 0; -premailer-cellspacing: 0; -premailer-width: 100%; margin: 30px auto; padding: 0; text-align: center; width: 100%; float: unset;">
<tr>
<td align="center" style="box-sizing: border-box; font-family: -apple-system, BlinkMacSystemFont, 'Segoe UI', Roboto, Helvetica, Arial, sans-serif, 'Apple Color Emoji', 'Segoe UI Emoji', 'Segoe UI Symbol'; position: relative;">
<table width="100%" border="0" cellpadding="0" cellspacing="0" role="presentation" style="box-sizing: border-box; font-family: -apple-system, BlinkMacSystemFont, 'Segoe UI', Roboto, Helvetica, Arial, sans-serif, 'Apple Color Emoji', 'Segoe UI Emoji', 'Segoe UI Symbol'; position: relative;">
<tr>
<td align="center" style="box-sizing: border-box; font-family: -apple-system, BlinkMacSystemFont, 'Segoe UI', Roboto, Helvetica, Arial, sans-serif, 'Apple Color Emoji', 'Segoe UI Emoji', 'Segoe UI Symbol'; position: relative;">
<table border="0" cellpadding="0" cellspacing="0" role="presentation" style="box-sizing: border-box; font-family: -apple-system, BlinkMacSystemFont, 'Segoe UI', Roboto, Helvetica, Arial, sans-serif, 'Apple Color Emoji', 'Segoe UI Emoji', 'Segoe UI Symbol'; position: relative;">
<tr>
<td style="box-sizing: border-box; font-family: -apple-system, BlinkMacSystemFont, 'Segoe UI', Roboto, Helvetica, Arial, sans-serif, 'Apple Color Emoji', 'Segoe UI Emoji', 'Segoe UI Symbol'; position: relative;">
<a href="http://127.0.0.1:8000/reset-password/7bfc16e2ae09ca61539b5dc8fba038770dfdb01815a673780a2a20428d4d05e2?email=agullanaaaronjoshua%40gmail.com" class="button button-primary" target="_blank" rel="noopener" style="box-sizing: border-box; font-family: -apple-system, BlinkMacSystemFont, 'Segoe UI', Roboto, Helvetica, Arial, sans-serif, 'Apple Color Emoji', 'Segoe UI Emoji', 'Segoe UI Symbol'; position: relative; -webkit-text-size-adjust: none; border-radius: 4px; color: #fff; display: inline-block; overflow: hidden; text-decoration: none; background-color: #2d3748; border-bottom: 8px solid #2d3748; border-left: 18px solid #2d3748; border-right: 18px solid #2d3748; border-top: 8px solid #2d3748; word-break: break-all;">Reset Password</a>
</td>
</tr>
</table>
</td>
</tr>
</table>
</td>
</tr>
</table>
<p style="box-sizing: border-box; font-family: -apple-system, BlinkMacSystemFont, 'Segoe UI', Roboto, Helvetica, Arial, sans-serif, 'Apple Color Emoji', 'Segoe UI Emoji', 'Segoe UI Symbol'; position: relative; font-size: 16px; line-height: 1.5em; margin-top: 0; text-align: left;">This password reset link will expire in 60 minutes.</p>
<p style="box-sizing: border-box; font-family: -apple-system, BlinkMacSystemFont, 'Segoe UI', Roboto, Helvetica, Arial, sans-serif, 'Apple Color Emoji', 'Segoe UI Emoji', 'Segoe UI Symbol'; position: relative; font-size: 16px; line-height: 1.5em; margin-top: 0; text-align: left;">If you did not request a password reset, no further action is required.</p>
<p style="box-sizing: border-box; font-family: -apple-system, BlinkMacSystemFont, 'Segoe UI', Roboto, Helvetica, Arial, sans-serif, 'Apple Color Emoji', 'Segoe UI Emoji', 'Segoe UI Symbol'; position: relative; font-size: 16px; line-height: 1.5em; margin-top: 0; text-align: left;">Regards,<br>
GIBLE</p>


<table class="subcopy" width="100%" cellpadding="0" cellspacing="0" role="presentation" style="box-sizing: border-box; font-family: -apple-system, BlinkMacSystemFont, 'Segoe UI', Roboto, Helvetica, Arial, sans-serif, 'Apple Color Emoji', 'Segoe UI Emoji', 'Segoe UI Symbol'; position: relative; border-top: 1px solid #e8e5ef; margin-top: 25px; padding-top: 25px;">
<tr>
<td style="box-sizing: border-box; font-family: -apple-system, BlinkMacSystemFont, 'Segoe UI', Roboto, Helvetica, Arial, sans-serif, 'Apple Color Emoji', 'Segoe UI Emoji', 'Segoe UI Symbol'; position: relative;">
<p style="box-sizing: border-box; font-family: -apple-system, BlinkMacSystemFont, 'Segoe UI', Roboto, Helvetica, Arial, sans-serif, 'Apple Color Emoji', 'Segoe UI Emoji', 'Segoe UI Symbol'; position: relative; line-height: 1.5em; margin-top: 0; text-align: left; font-size: 14px;">If you're having trouble clicking the "Reset Password" button, copy and paste the URL below
into your web browser: <span class="break-all" style="box-sizing: border-box; font-family: -apple-system, BlinkMacSystemFont, 'Segoe UI', Roboto, Helvetica, Arial, sans-serif, 'Apple Color Emoji', 'Segoe UI Emoji', 'Segoe UI Symbol'; position: relative; word-break: break-all;"><a href="http://127.0.0.1:8000/reset-password/7bfc16e2ae09ca61539b5dc8fba038770dfdb01815a673780a2a20428d4d05e2?email=agullanaaaronjoshua%40gmail.com" style="box-sizing: border-box; font-family: -apple-system, BlinkMacSystemFont, 'Segoe UI', Roboto, Helvetica, Arial, sans-serif, 'Apple Color Emoji', 'Segoe UI Emoji', 'Segoe UI Symbol'; position: relative; color: #3869d4; word-break: break-all;">http://127.0.0.1:8000/reset-password/7bfc16e2ae09ca61539b5dc8fba038770dfdb01815a673780a2a20428d4d05e2?email=agullanaaaronjoshua%40gmail.com</a></span></p>

</td>
</tr>
</table>
</td>
</tr>
</table>
</td>
</tr>

<tr>
<td style="box-sizing: border-box; font-family: -apple-system, BlinkMacSystemFont, 'Segoe UI', Roboto, Helvetica, Arial, sans-serif, 'Apple Color Emoji', 'Segoe UI Emoji', 'Segoe UI Symbol'; position: relative;">
<table class="footer" align="center" width="570" cellpadding="0" cellspacing="0" role="presentation" style="box-sizing: border-box; font-family: -apple-system, BlinkMacSystemFont, 'Segoe UI', Roboto, Helvetica, Arial, sans-serif, 'Apple Color Emoji', 'Segoe UI Emoji', 'Segoe UI Symbol'; position: relative; -premailer-cellpadding: 0; -premailer-cellspacing: 0; -premailer-width: 570px; margin: 0 auto; padding: 0; text-align: center; width: 570px;">
<tr>
<td class="content-cell" align="center" style="box-sizing: border-box; font-family: -apple-system, BlinkMacSystemFont, 'Segoe UI', Roboto, Helvetica, Arial, sans-serif, 'Apple Color Emoji', 'Segoe UI Emoji', 'Segoe UI Symbol'; position: relative; max-width: 100vw; padding: 32px;">
<p style="box-sizing: border-box; font-family: -apple-system, BlinkMacSystemFont, 'Segoe UI', Roboto, Helvetica, Arial, sans-serif, 'Apple Color Emoji', 'Segoe UI Emoji', 'Segoe UI Symbol'; position: relative; line-height: 1.5em; margin-top: 0; color: #b0adc5; font-size: 12px; text-align: center;">© 2026 GIBLE. All rights reserved.</p>

</td>
</tr>
</table>
</td>
</tr>
</table>
</td>
</tr>
</table>
</body>
</html>
--fxZyobiD--
  
[2026-05-03 01:53:41] local.DEBUG: From: GIBLE <hello@example.com>
To: agullanaaaronjoshua@gmail.com
Subject: Reset Password Notification
MIME-Version: 1.0
Date: Sun, 03 May 2026 01:53:41 +0000
Message-ID: <edc202d11031d515f90a56a940195fd2@example.com>
Content-Type: multipart/alternative; boundary=4pvln7Kp

--4pvln7Kp
Content-Type: text/plain; charset=utf-8
Content-Transfer-Encoding: quoted-printable

GIBLE: http://127.0.0.1:8000

# Hello!

You are receiving this email because we received a password reset request for your account.

Reset Password: http://127.0.0.1:8000/reset-password/8783beaa89275d977d531fcaef854a382ee7780b31fe17b35d1c6b4f53eda22e?email=agullanaaaronjoshua%40gmail.com

This password reset link will expire in 60 minutes.

If you did not request a password reset, no further action is required.

Regards,
GIBLE

If you're having trouble clicking the "Reset Password" button, copy and paste the URL below
into your web browser: [http://127.0.0.1:8000/reset-password/8783beaa89275d977d531fcaef854a382ee7780b31fe17b35d1c6b4f53eda22e?email=agullanaaaronjoshua%40gmail.com](http://127.0.0.1:8000/reset-password/8783beaa89275d977d531fcaef854a382ee7780b31fe17b35d1c6b4f53eda22e?email=agullanaaaronjoshua%40gmail.com)

© 2026 GIBLE. All rights reserved.

--4pvln7Kp
Content-Type: text/html; charset=utf-8
Content-Transfer-Encoding: quoted-printable

<!DOCTYPE html PUBLIC "-//W3C//DTD XHTML 1.0 Transitional//EN" "http://www.w3.org/TR/xhtml1/DTD/xhtml1-transitional.dtd">
<html xmlns="http://www.w3.org/1999/xhtml">
<head>
<title>GIBLE</title>
<meta name="viewport" content="width=device-width, initial-scale=1.0">
<meta http-equiv="Content-Type" content="text/html; charset=UTF-8">
<meta name="color-scheme" content="light">
<meta name="supported-color-schemes" content="light">
<style>
@media only screen and (max-width: 600px) {
.inner-body {
width: 100% !important;
}

.footer {
width: 100% !important;
}
}

@media only screen and (max-width: 500px) {
.button {
width: 100% !important;
}
}
</style>

</head>
<body style="box-sizing: border-box; font-family: -apple-system, BlinkMacSystemFont, 'Segoe UI', Roboto, Helvetica, Arial, sans-serif, 'Apple Color Emoji', 'Segoe UI Emoji', 'Segoe UI Symbol'; position: relative; -webkit-text-size-adjust: none; background-color: #ffffff; color: #718096; height: 100%; line-height: 1.4; margin: 0; padding: 0; width: 100% !important;">

<table class="wrapper" width="100%" cellpadding="0" cellspacing="0" role="presentation" style="box-sizing: border-box; font-family: -apple-system, BlinkMacSystemFont, 'Segoe UI', Roboto, Helvetica, Arial, sans-serif, 'Apple Color Emoji', 'Segoe UI Emoji', 'Segoe UI Symbol'; position: relative; -premailer-cellpadding: 0; -premailer-cellspacing: 0; -premailer-width: 100%; background-color: #edf2f7; margin: 0; padding: 0; width: 100%;">
<tr>
<td align="center" style="box-sizing: border-box; font-family: -apple-system, BlinkMacSystemFont, 'Segoe UI', Roboto, Helvetica, Arial, sans-serif, 'Apple Color Emoji', 'Segoe UI Emoji', 'Segoe UI Symbol'; position: relative;">
<table class="content" width="100%" cellpadding="0" cellspacing="0" role="presentation" style="box-sizing: border-box; font-family: -apple-system, BlinkMacSystemFont, 'Segoe UI', Roboto, Helvetica, Arial, sans-serif, 'Apple Color Emoji', 'Segoe UI Emoji', 'Segoe UI Symbol'; position: relative; -premailer-cellpadding: 0; -premailer-cellspacing: 0; -premailer-width: 100%; margin: 0; padding: 0; width: 100%;">
<tr>
<td class="header" style="box-sizing: border-box; font-family: -apple-system, BlinkMacSystemFont, 'Segoe UI', Roboto, Helvetica, Arial, sans-serif, 'Apple Color Emoji', 'Segoe UI Emoji', 'Segoe UI Symbol'; position: relative; padding: 25px 0; text-align: center;">
<a href="http://127.0.0.1:8000" style="box-sizing: border-box; font-family: -apple-system, BlinkMacSystemFont, 'Segoe UI', Roboto, Helvetica, Arial, sans-serif, 'Apple Color Emoji', 'Segoe UI Emoji', 'Segoe UI Symbol'; position: relative; color: #3d4852; font-size: 19px; font-weight: bold; text-decoration: none; display: inline-block;">
GIBLE
</a>
</td>
</tr>

<!-- Email Body -->
<tr>
<td class="body" width="100%" cellpadding="0" cellspacing="0" style="box-sizing: border-box; font-family: -apple-system, BlinkMacSystemFont, 'Segoe UI', Roboto, Helvetica, Arial, sans-serif, 'Apple Color Emoji', 'Segoe UI Emoji', 'Segoe UI Symbol'; position: relative; -premailer-cellpadding: 0; -premailer-cellspacing: 0; -premailer-width: 100%; background-color: #edf2f7; border-bottom: 1px solid #edf2f7; border-top: 1px solid #edf2f7; margin: 0; padding: 0; width: 100%; border: hidden !important;">
<table class="inner-body" align="center" width="570" cellpadding="0" cellspacing="0" role="presentation" style="box-sizing: border-box; font-family: -apple-system, BlinkMacSystemFont, 'Segoe UI', Roboto, Helvetica, Arial, sans-serif, 'Apple Color Emoji', 'Segoe UI Emoji', 'Segoe UI Symbol'; position: relative; -premailer-cellpadding: 0; -premailer-cellspacing: 0; -premailer-width: 570px; background-color: #ffffff; border-color: #e8e5ef; border-radius: 2px; border-width: 1px; box-shadow: 0 2px 0 rgba(0, 0, 150, 0.025), 2px 4px 0 rgba(0, 0, 150, 0.015); margin: 0 auto; padding: 0; width: 570px;">
<!-- Body content -->
<tr>
<td class="content-cell" style="box-sizing: border-box; font-family: -apple-system, BlinkMacSystemFont, 'Segoe UI', Roboto, Helvetica, Arial, sans-serif, 'Apple Color Emoji', 'Segoe UI Emoji', 'Segoe UI Symbol'; position: relative; max-width: 100vw; padding: 32px;">
<h1 style="box-sizing: border-box; font-family: -apple-system, BlinkMacSystemFont, 'Segoe UI', Roboto, Helvetica, Arial, sans-serif, 'Apple Color Emoji', 'Segoe UI Emoji', 'Segoe UI Symbol'; position: relative; color: #3d4852; font-size: 18px; font-weight: bold; margin-top: 0; text-align: left;">Hello!</h1>
<p style="box-sizing: border-box; font-family: -apple-system, BlinkMacSystemFont, 'Segoe UI', Roboto, Helvetica, Arial, sans-serif, 'Apple Color Emoji', 'Segoe UI Emoji', 'Segoe UI Symbol'; position: relative; font-size: 16px; line-height: 1.5em; margin-top: 0; text-align: left;">You are receiving this email because we received a password reset request for your account.</p>
<table class="action" align="center" width="100%" cellpadding="0" cellspacing="0" role="presentation" style="box-sizing: border-box; font-family: -apple-system, BlinkMacSystemFont, 'Segoe UI', Roboto, Helvetica, Arial, sans-serif, 'Apple Color Emoji', 'Segoe UI Emoji', 'Segoe UI Symbol'; position: relative; -premailer-cellpadding: 0; -premailer-cellspacing: 0; -premailer-width: 100%; margin: 30px auto; padding: 0; text-align: center; width: 100%; float: unset;">
<tr>
<td align="center" style="box-sizing: border-box; font-family: -apple-system, BlinkMacSystemFont, 'Segoe UI', Roboto, Helvetica, Arial, sans-serif, 'Apple Color Emoji', 'Segoe UI Emoji', 'Segoe UI Symbol'; position: relative;">
<table width="100%" border="0" cellpadding="0" cellspacing="0" role="presentation" style="box-sizing: border-box; font-family: -apple-system, BlinkMacSystemFont, 'Segoe UI', Roboto, Helvetica, Arial, sans-serif, 'Apple Color Emoji', 'Segoe UI Emoji', 'Segoe UI Symbol'; position: relative;">
<tr>
<td align="center" style="box-sizing: border-box; font-family: -apple-system, BlinkMacSystemFont, 'Segoe UI', Roboto, Helvetica, Arial, sans-serif, 'Apple Color Emoji', 'Segoe UI Emoji', 'Segoe UI Symbol'; position: relative;">
<table border="0" cellpadding="0" cellspacing="0" role="presentation" style="box-sizing: border-box; font-family: -apple-system, BlinkMacSystemFont, 'Segoe UI', Roboto, Helvetica, Arial, sans-serif, 'Apple Color Emoji', 'Segoe UI Emoji', 'Segoe UI Symbol'; position: relative;">
<tr>
<td style="box-sizing: border-box; font-family: -apple-system, BlinkMacSystemFont, 'Segoe UI', Roboto, Helvetica, Arial, sans-serif, 'Apple Color Emoji', 'Segoe UI Emoji', 'Segoe UI Symbol'; position: relative;">
<a href="http://127.0.0.1:8000/reset-password/8783beaa89275d977d531fcaef854a382ee7780b31fe17b35d1c6b4f53eda22e?email=agullanaaaronjoshua%40gmail.com" class="button button-primary" target="_blank" rel="noopener" style="box-sizing: border-box; font-family: -apple-system, BlinkMacSystemFont, 'Segoe UI', Roboto, Helvetica, Arial, sans-serif, 'Apple Color Emoji', 'Segoe UI Emoji', 'Segoe UI Symbol'; position: relative; -webkit-text-size-adjust: none; border-radius: 4px; color: #fff; display: inline-block; overflow: hidden; text-decoration: none; background-color: #2d3748; border-bottom: 8px solid #2d3748; border-left: 18px solid #2d3748; border-right: 18px solid #2d3748; border-top: 8px solid #2d3748; word-break: break-all;">Reset Password</a>
</td>
</tr>
</table>
</td>
</tr>
</table>
</td>
</tr>
</table>
<p style="box-sizing: border-box; font-family: -apple-system, BlinkMacSystemFont, 'Segoe UI', Roboto, Helvetica, Arial, sans-serif, 'Apple Color Emoji', 'Segoe UI Emoji', 'Segoe UI Symbol'; position: relative; font-size: 16px; line-height: 1.5em; margin-top: 0; text-align: left;">This password reset link will expire in 60 minutes.</p>
<p style="box-sizing: border-box; font-family: -apple-system, BlinkMacSystemFont, 'Segoe UI', Roboto, Helvetica, Arial, sans-serif, 'Apple Color Emoji', 'Segoe UI Emoji', 'Segoe UI Symbol'; position: relative; font-size: 16px; line-height: 1.5em; margin-top: 0; text-align: left;">If you did not request a password reset, no further action is required.</p>
<p style="box-sizing: border-box; font-family: -apple-system, BlinkMacSystemFont, 'Segoe UI', Roboto, Helvetica, Arial, sans-serif, 'Apple Color Emoji', 'Segoe UI Emoji', 'Segoe UI Symbol'; position: relative; font-size: 16px; line-height: 1.5em; margin-top: 0; text-align: left;">Regards,<br>
GIBLE</p>


<table class="subcopy" width="100%" cellpadding="0" cellspacing="0" role="presentation" style="box-sizing: border-box; font-family: -apple-system, BlinkMacSystemFont, 'Segoe UI', Roboto, Helvetica, Arial, sans-serif, 'Apple Color Emoji', 'Segoe UI Emoji', 'Segoe UI Symbol'; position: relative; border-top: 1px solid #e8e5ef; margin-top: 25px; padding-top: 25px;">
<tr>
<td style="box-sizing: border-box; font-family: -apple-system, BlinkMacSystemFont, 'Segoe UI', Roboto, Helvetica, Arial, sans-serif, 'Apple Color Emoji', 'Segoe UI Emoji', 'Segoe UI Symbol'; position: relative;">
<p style="box-sizing: border-box; font-family: -apple-system, BlinkMacSystemFont, 'Segoe UI', Roboto, Helvetica, Arial, sans-serif, 'Apple Color Emoji', 'Segoe UI Emoji', 'Segoe UI Symbol'; position: relative; line-height: 1.5em; margin-top: 0; text-align: left; font-size: 14px;">If you're having trouble clicking the "Reset Password" button, copy and paste the URL below
into your web browser: <span class="break-all" style="box-sizing: border-box; font-family: -apple-system, BlinkMacSystemFont, 'Segoe UI', Roboto, Helvetica, Arial, sans-serif, 'Apple Color Emoji', 'Segoe UI Emoji', 'Segoe UI Symbol'; position: relative; word-break: break-all;"><a href="http://127.0.0.1:8000/reset-password/8783beaa89275d977d531fcaef854a382ee7780b31fe17b35d1c6b4f53eda22e?email=agullanaaaronjoshua%40gmail.com" style="box-sizing: border-box; font-family: -apple-system, BlinkMacSystemFont, 'Segoe UI', Roboto, Helvetica, Arial, sans-serif, 'Apple Color Emoji', 'Segoe UI Emoji', 'Segoe UI Symbol'; position: relative; color: #3869d4; word-break: break-all;">http://127.0.0.1:8000/reset-password/8783beaa89275d977d531fcaef854a382ee7780b31fe17b35d1c6b4f53eda22e?email=agullanaaaronjoshua%40gmail.com</a></span></p>

</td>
</tr>
</table>
</td>
</tr>
</table>
</td>
</tr>

<tr>
<td style="box-sizing: border-box; font-family: -apple-system, BlinkMacSystemFont, 'Segoe UI', Roboto, Helvetica, Arial, sans-serif, 'Apple Color Emoji', 'Segoe UI Emoji', 'Segoe UI Symbol'; position: relative;">
<table class="footer" align="center" width="570" cellpadding="0" cellspacing="0" role="presentation" style="box-sizing: border-box; font-family: -apple-system, BlinkMacSystemFont, 'Segoe UI', Roboto, Helvetica, Arial, sans-serif, 'Apple Color Emoji', 'Segoe UI Emoji', 'Segoe UI Symbol'; position: relative; -premailer-cellpadding: 0; -premailer-cellspacing: 0; -premailer-width: 570px; margin: 0 auto; padding: 0; text-align: center; width: 570px;">
<tr>
<td class="content-cell" align="center" style="box-sizing: border-box; font-family: -apple-system, BlinkMacSystemFont, 'Segoe UI', Roboto, Helvetica, Arial, sans-serif, 'Apple Color Emoji', 'Segoe UI Emoji', 'Segoe UI Symbol'; position: relative; max-width: 100vw; padding: 32px;">
<p style="box-sizing: border-box; font-family: -apple-system, BlinkMacSystemFont, 'Segoe UI', Roboto, Helvetica, Arial, sans-serif, 'Apple Color Emoji', 'Segoe UI Emoji', 'Segoe UI Symbol'; position: relative; line-height: 1.5em; margin-top: 0; color: #b0adc5; font-size: 12px; text-align: center;">© 2026 GIBLE. All rights reserved.</p>

</td>
</tr>
</table>
</td>
</tr>
</table>
</td>
</tr>
</table>
</body>
</html>
--4pvln7Kp--
  
[2026-05-03 01:55:26] local.DEBUG: From: GIBLE <hello@example.com>
To: agullanaaaronjoshua@gmail.com
Subject: Reset Password Notification
MIME-Version: 1.0
Date: Sun, 03 May 2026 01:55:26 +0000
Message-ID: <509c5a599233fb1b25e3679e41f98df8@example.com>
Content-Type: multipart/alternative; boundary=Y2pxskrr

--Y2pxskrr
Content-Type: text/plain; charset=utf-8
Content-Transfer-Encoding: quoted-printable

GIBLE: http://127.0.0.1:8000

# Hello!

You are receiving this email because we received a password reset request for your account.

Reset Password: http://127.0.0.1:8000/reset-password/f39161d0e546b61f4bc08cc1845d1bcf3eeec3ce6cd1452656d2355f4d750925?email=agullanaaaronjoshua%40gmail.com

This password reset link will expire in 60 minutes.

If you did not request a password reset, no further action is required.

Regards,
GIBLE

If you're having trouble clicking the "Reset Password" button, copy and paste the URL below
into your web browser: [http://127.0.0.1:8000/reset-password/f39161d0e546b61f4bc08cc1845d1bcf3eeec3ce6cd1452656d2355f4d750925?email=agullanaaaronjoshua%40gmail.com](http://127.0.0.1:8000/reset-password/f39161d0e546b61f4bc08cc1845d1bcf3eeec3ce6cd1452656d2355f4d750925?email=agullanaaaronjoshua%40gmail.com)

© 2026 GIBLE. All rights reserved.

--Y2pxskrr
Content-Type: text/html; charset=utf-8
Content-Transfer-Encoding: quoted-printable

<!DOCTYPE html PUBLIC "-//W3C//DTD XHTML 1.0 Transitional//EN" "http://www.w3.org/TR/xhtml1/DTD/xhtml1-transitional.dtd">
<html xmlns="http://www.w3.org/1999/xhtml">
<head>
<title>GIBLE</title>
<meta name="viewport" content="width=device-width, initial-scale=1.0">
<meta http-equiv="Content-Type" content="text/html; charset=UTF-8">
<meta name="color-scheme" content="light">
<meta name="supported-color-schemes" content="light">
<style>
@media only screen and (max-width: 600px) {
.inner-body {
width: 100% !important;
}

.footer {
width: 100% !important;
}
}

@media only screen and (max-width: 500px) {
.button {
width: 100% !important;
}
}
</style>

</head>
<body style="box-sizing: border-box; font-family: -apple-system, BlinkMacSystemFont, 'Segoe UI', Roboto, Helvetica, Arial, sans-serif, 'Apple Color Emoji', 'Segoe UI Emoji', 'Segoe UI Symbol'; position: relative; -webkit-text-size-adjust: none; background-color: #ffffff; color: #718096; height: 100%; line-height: 1.4; margin: 0; padding: 0; width: 100% !important;">

<table class="wrapper" width="100%" cellpadding="0" cellspacing="0" role="presentation" style="box-sizing: border-box; font-family: -apple-system, BlinkMacSystemFont, 'Segoe UI', Roboto, Helvetica, Arial, sans-serif, 'Apple Color Emoji', 'Segoe UI Emoji', 'Segoe UI Symbol'; position: relative; -premailer-cellpadding: 0; -premailer-cellspacing: 0; -premailer-width: 100%; background-color: #edf2f7; margin: 0; padding: 0; width: 100%;">
<tr>
<td align="center" style="box-sizing: border-box; font-family: -apple-system, BlinkMacSystemFont, 'Segoe UI', Roboto, Helvetica, Arial, sans-serif, 'Apple Color Emoji', 'Segoe UI Emoji', 'Segoe UI Symbol'; position: relative;">
<table class="content" width="100%" cellpadding="0" cellspacing="0" role="presentation" style="box-sizing: border-box; font-family: -apple-system, BlinkMacSystemFont, 'Segoe UI', Roboto, Helvetica, Arial, sans-serif, 'Apple Color Emoji', 'Segoe UI Emoji', 'Segoe UI Symbol'; position: relative; -premailer-cellpadding: 0; -premailer-cellspacing: 0; -premailer-width: 100%; margin: 0; padding: 0; width: 100%;">
<tr>
<td class="header" style="box-sizing: border-box; font-family: -apple-system, BlinkMacSystemFont, 'Segoe UI', Roboto, Helvetica, Arial, sans-serif, 'Apple Color Emoji', 'Segoe UI Emoji', 'Segoe UI Symbol'; position: relative; padding: 25px 0; text-align: center;">
<a href="http://127.0.0.1:8000" style="box-sizing: border-box; font-family: -apple-system, BlinkMacSystemFont, 'Segoe UI', Roboto, Helvetica, Arial, sans-serif, 'Apple Color Emoji', 'Segoe UI Emoji', 'Segoe UI Symbol'; position: relative; color: #3d4852; font-size: 19px; font-weight: bold; text-decoration: none; display: inline-block;">
GIBLE
</a>
</td>
</tr>

<!-- Email Body -->
<tr>
<td class="body" width="100%" cellpadding="0" cellspacing="0" style="box-sizing: border-box; font-family: -apple-system, BlinkMacSystemFont, 'Segoe UI', Roboto, Helvetica, Arial, sans-serif, 'Apple Color Emoji', 'Segoe UI Emoji', 'Segoe UI Symbol'; position: relative; -premailer-cellpadding: 0; -premailer-cellspacing: 0; -premailer-width: 100%; background-color: #edf2f7; border-bottom: 1px solid #edf2f7; border-top: 1px solid #edf2f7; margin: 0; padding: 0; width: 100%; border: hidden !important;">
<table class="inner-body" align="center" width="570" cellpadding="0" cellspacing="0" role="presentation" style="box-sizing: border-box; font-family: -apple-system, BlinkMacSystemFont, 'Segoe UI', Roboto, Helvetica, Arial, sans-serif, 'Apple Color Emoji', 'Segoe UI Emoji', 'Segoe UI Symbol'; position: relative; -premailer-cellpadding: 0; -premailer-cellspacing: 0; -premailer-width: 570px; background-color: #ffffff; border-color: #e8e5ef; border-radius: 2px; border-width: 1px; box-shadow: 0 2px 0 rgba(0, 0, 150, 0.025), 2px 4px 0 rgba(0, 0, 150, 0.015); margin: 0 auto; padding: 0; width: 570px;">
<!-- Body content -->
<tr>
<td class="content-cell" style="box-sizing: border-box; font-family: -apple-system, BlinkMacSystemFont, 'Segoe UI', Roboto, Helvetica, Arial, sans-serif, 'Apple Color Emoji', 'Segoe UI Emoji', 'Segoe UI Symbol'; position: relative; max-width: 100vw; padding: 32px;">
<h1 style="box-sizing: border-box; font-family: -apple-system, BlinkMacSystemFont, 'Segoe UI', Roboto, Helvetica, Arial, sans-serif, 'Apple Color Emoji', 'Segoe UI Emoji', 'Segoe UI Symbol'; position: relative; color: #3d4852; font-size: 18px; font-weight: bold; margin-top: 0; text-align: left;">Hello!</h1>
<p style="box-sizing: border-box; font-family: -apple-system, BlinkMacSystemFont, 'Segoe UI', Roboto, Helvetica, Arial, sans-serif, 'Apple Color Emoji', 'Segoe UI Emoji', 'Segoe UI Symbol'; position: relative; font-size: 16px; line-height: 1.5em; margin-top: 0; text-align: left;">You are receiving this email because we received a password reset request for your account.</p>
<table class="action" align="center" width="100%" cellpadding="0" cellspacing="0" role="presentation" style="box-sizing: border-box; font-family: -apple-system, BlinkMacSystemFont, 'Segoe UI', Roboto, Helvetica, Arial, sans-serif, 'Apple Color Emoji', 'Segoe UI Emoji', 'Segoe UI Symbol'; position: relative; -premailer-cellpadding: 0; -premailer-cellspacing: 0; -premailer-width: 100%; margin: 30px auto; padding: 0; text-align: center; width: 100%; float: unset;">
<tr>
<td align="center" style="box-sizing: border-box; font-family: -apple-system, BlinkMacSystemFont, 'Segoe UI', Roboto, Helvetica, Arial, sans-serif, 'Apple Color Emoji', 'Segoe UI Emoji', 'Segoe UI Symbol'; position: relative;">
<table width="100%" border="0" cellpadding="0" cellspacing="0" role="presentation" style="box-sizing: border-box; font-family: -apple-system, BlinkMacSystemFont, 'Segoe UI', Roboto, Helvetica, Arial, sans-serif, 'Apple Color Emoji', 'Segoe UI Emoji', 'Segoe UI Symbol'; position: relative;">
<tr>
<td align="center" style="box-sizing: border-box; font-family: -apple-system, BlinkMacSystemFont, 'Segoe UI', Roboto, Helvetica, Arial, sans-serif, 'Apple Color Emoji', 'Segoe UI Emoji', 'Segoe UI Symbol'; position: relative;">
<table border="0" cellpadding="0" cellspacing="0" role="presentation" style="box-sizing: border-box; font-family: -apple-system, BlinkMacSystemFont, 'Segoe UI', Roboto, Helvetica, Arial, sans-serif, 'Apple Color Emoji', 'Segoe UI Emoji', 'Segoe UI Symbol'; position: relative;">
<tr>
<td style="box-sizing: border-box; font-family: -apple-system, BlinkMacSystemFont, 'Segoe UI', Roboto, Helvetica, Arial, sans-serif, 'Apple Color Emoji', 'Segoe UI Emoji', 'Segoe UI Symbol'; position: relative;">
<a href="http://127.0.0.1:8000/reset-password/f39161d0e546b61f4bc08cc1845d1bcf3eeec3ce6cd1452656d2355f4d750925?email=agullanaaaronjoshua%40gmail.com" class="button button-primary" target="_blank" rel="noopener" style="box-sizing: border-box; font-family: -apple-system, BlinkMacSystemFont, 'Segoe UI', Roboto, Helvetica, Arial, sans-serif, 'Apple Color Emoji', 'Segoe UI Emoji', 'Segoe UI Symbol'; position: relative; -webkit-text-size-adjust: none; border-radius: 4px; color: #fff; display: inline-block; overflow: hidden; text-decoration: none; background-color: #2d3748; border-bottom: 8px solid #2d3748; border-left: 18px solid #2d3748; border-right: 18px solid #2d3748; border-top: 8px solid #2d3748; word-break: break-all;">Reset Password</a>
</td>
</tr>
</table>
</td>
</tr>
</table>
</td>
</tr>
</table>
<p style="box-sizing: border-box; font-family: -apple-system, BlinkMacSystemFont, 'Segoe UI', Roboto, Helvetica, Arial, sans-serif, 'Apple Color Emoji', 'Segoe UI Emoji', 'Segoe UI Symbol'; position: relative; font-size: 16px; line-height: 1.5em; margin-top: 0; text-align: left;">This password reset link will expire in 60 minutes.</p>
<p style="box-sizing: border-box; font-family: -apple-system, BlinkMacSystemFont, 'Segoe UI', Roboto, Helvetica, Arial, sans-serif, 'Apple Color Emoji', 'Segoe UI Emoji', 'Segoe UI Symbol'; position: relative; font-size: 16px; line-height: 1.5em; margin-top: 0; text-align: left;">If you did not request a password reset, no further action is required.</p>
<p style="box-sizing: border-box; font-family: -apple-system, BlinkMacSystemFont, 'Segoe UI', Roboto, Helvetica, Arial, sans-serif, 'Apple Color Emoji', 'Segoe UI Emoji', 'Segoe UI Symbol'; position: relative; font-size: 16px; line-height: 1.5em; margin-top: 0; text-align: left;">Regards,<br>
GIBLE</p>


<table class="subcopy" width="100%" cellpadding="0" cellspacing="0" role="presentation" style="box-sizing: border-box; font-family: -apple-system, BlinkMacSystemFont, 'Segoe UI', Roboto, Helvetica, Arial, sans-serif, 'Apple Color Emoji', 'Segoe UI Emoji', 'Segoe UI Symbol'; position: relative; border-top: 1px solid #e8e5ef; margin-top: 25px; padding-top: 25px;">
<tr>
<td style="box-sizing: border-box; font-family: -apple-system, BlinkMacSystemFont, 'Segoe UI', Roboto, Helvetica, Arial, sans-serif, 'Apple Color Emoji', 'Segoe UI Emoji', 'Segoe UI Symbol'; position: relative;">
<p style="box-sizing: border-box; font-family: -apple-system, BlinkMacSystemFont, 'Segoe UI', Roboto, Helvetica, Arial, sans-serif, 'Apple Color Emoji', 'Segoe UI Emoji', 'Segoe UI Symbol'; position: relative; line-height: 1.5em; margin-top: 0; text-align: left; font-size: 14px;">If you're having trouble clicking the "Reset Password" button, copy and paste the URL below
into your web browser: <span class="break-all" style="box-sizing: border-box; font-family: -apple-system, BlinkMacSystemFont, 'Segoe UI', Roboto, Helvetica, Arial, sans-serif, 'Apple Color Emoji', 'Segoe UI Emoji', 'Segoe UI Symbol'; position: relative; word-break: break-all;"><a href="http://127.0.0.1:8000/reset-password/f39161d0e546b61f4bc08cc1845d1bcf3eeec3ce6cd1452656d2355f4d750925?email=agullanaaaronjoshua%40gmail.com" style="box-sizing: border-box; font-family: -apple-system, BlinkMacSystemFont, 'Segoe UI', Roboto, Helvetica, Arial, sans-serif, 'Apple Color Emoji', 'Segoe UI Emoji', 'Segoe UI Symbol'; position: relative; color: #3869d4; word-break: break-all;">http://127.0.0.1:8000/reset-password/f39161d0e546b61f4bc08cc1845d1bcf3eeec3ce6cd1452656d2355f4d750925?email=agullanaaaronjoshua%40gmail.com</a></span></p>

</td>
</tr>
</table>
</td>
</tr>
</table>
</td>
</tr>

<tr>
<td style="box-sizing: border-box; font-family: -apple-system, BlinkMacSystemFont, 'Segoe UI', Roboto, Helvetica, Arial, sans-serif, 'Apple Color Emoji', 'Segoe UI Emoji', 'Segoe UI Symbol'; position: relative;">
<table class="footer" align="center" width="570" cellpadding="0" cellspacing="0" role="presentation" style="box-sizing: border-box; font-family: -apple-system, BlinkMacSystemFont, 'Segoe UI', Roboto, Helvetica, Arial, sans-serif, 'Apple Color Emoji', 'Segoe UI Emoji', 'Segoe UI Symbol'; position: relative; -premailer-cellpadding: 0; -premailer-cellspacing: 0; -premailer-width: 570px; margin: 0 auto; padding: 0; text-align: center; width: 570px;">
<tr>
<td class="content-cell" align="center" style="box-sizing: border-box; font-family: -apple-system, BlinkMacSystemFont, 'Segoe UI', Roboto, Helvetica, Arial, sans-serif, 'Apple Color Emoji', 'Segoe UI Emoji', 'Segoe UI Symbol'; position: relative; max-width: 100vw; padding: 32px;">
<p style="box-sizing: border-box; font-family: -apple-system, BlinkMacSystemFont, 'Segoe UI', Roboto, Helvetica, Arial, sans-serif, 'Apple Color Emoji', 'Segoe UI Emoji', 'Segoe UI Symbol'; position: relative; line-height: 1.5em; margin-top: 0; color: #b0adc5; font-size: 12px; text-align: center;">© 2026 GIBLE. All rights reserved.</p>

</td>
</tr>
</table>
</td>
</tr>
</table>
</td>
</tr>
</table>
</body>
</html>
--Y2pxskrr--
  
[2026-05-03 01:59:55] local.WARNING: Wikipedia summary unavailable for topic search. {"query_len":3,"internal_reason":"internal-detail-not-for-browser"} 
[2026-05-03 01:59:55] local.WARNING: Wikipedia summary unavailable for recommendation card. {"query_len":7,"internal_reason":"secret-wiki-reason"} 
[2026-05-03 02:19:49] local.WARNING: Wikipedia summary unavailable for topic search. {"query_len":3,"internal_reason":"internal-detail-not-for-browser"} 
[2026-05-03 02:19:49] local.WARNING: Wikipedia summary unavailable for recommendation card. {"query_len":7,"internal_reason":"secret-wiki-reason"} 
[2026-05-03 03:47:38] local.WARNING: Wikipedia summary unavailable for topic search. {"query_len":3,"internal_reason":"internal-detail-not-for-browser"} 
[2026-05-03 03:47:38] local.WARNING: Wikipedia summary unavailable for recommendation card. {"query_len":7,"internal_reason":"secret-wiki-reason"} 
[2026-05-03 10:53:57] local.WARNING: Wikipedia summary unavailable for topic search. {"query_len":3,"internal_reason":"internal-detail-not-for-browser"} 
[2026-05-03 10:53:57] local.WARNING: Wikipedia summary unavailable for recommendation card. {"query_len":7,"internal_reason":"secret-wiki-reason"} 
[2026-05-03 11:20:57] local.WARNING: Wikipedia summary unavailable for topic search. {"query_len":3,"internal_reason":"internal-detail-not-for-browser"} 
[2026-05-03 11:20:57] local.WARNING: Wikipedia summary unavailable for recommendation card. {"query_len":7,"internal_reason":"secret-wiki-reason"} 
[2026-05-03 13:55:58] local.WARNING: Wikipedia summary unavailable for topic search. {"query_len":3,"internal_reason":"internal-detail-not-for-browser"} 
[2026-05-03 13:55:58] local.WARNING: Wikipedia summary unavailable for recommendation card. {"query_len":7,"internal_reason":"secret-wiki-reason"} 
[2026-05-03 15:25:11] testing.WARNING: Wikipedia summary unavailable for topic search. {"query_len":3,"internal_reason":"internal-detail-not-for-browser"} 
[2026-05-03 15:25:11] testing.WARNING: Wikipedia summary unavailable for recommendation card. {"query_len":7,"internal_reason":"secret-wiki-reason"} 
[2026-05-03 15:29:23] local.ERROR: Maximum execution time of 60 seconds exceeded {"userId":5,"exception":"[object] (Symfony\\Component\\ErrorHandler\\Error\\FatalError(code: 0): Maximum execution time of 60 seconds exceeded at C:/Users/agull/OneDrive/Documents/Visual Studio/GIBLE/app/Services/QuizGenerator.php:128)
[stacktrace]
#0 {main}
"} 
[2026-05-03 15:30:42] local.ERROR: Maximum execution time of 60 seconds exceeded {"userId":5,"exception":"[object] (Symfony\\Component\\ErrorHandler\\Error\\FatalError(code: 0): Maximum execution time of 60 seconds exceeded at C:/Users/agull/OneDrive/Documents/Visual Studio/GIBLE/app/Services/QuizGenerator.php:53)
[stacktrace]
#0 {main}
"} 
[2026-05-03 18:37:30] testing.WARNING: Wikipedia summary unavailable for topic search. {"query_len":3,"internal_reason":"internal-detail-not-for-browser"} 
[2026-05-03 18:37:30] testing.WARNING: Wikipedia summary unavailable for recommendation card. {"query_len":7,"internal_reason":"secret-wiki-reason"} 
[2026-05-03 19:11:36] testing.WARNING: Wikipedia summary unavailable for topic search. {"query_len":3,"internal_reason":"internal-detail-not-for-browser"} 
[2026-05-03 19:11:36] testing.WARNING: Wikipedia summary unavailable for recommendation card. {"query_len":7,"internal_reason":"secret-wiki-reason"} 
[2026-05-05 02:24:27] testing.WARNING: Wikipedia summary unavailable for topic search. {"query_len":3,"internal_reason":"internal-detail-not-for-browser"} 
[2026-05-05 02:24:28] testing.WARNING: Wikipedia summary unavailable for recommendation card. {"query_len":7,"internal_reason":"secret-wiki-reason"} 
[2026-05-05 10:28:14] testing.WARNING: Wikipedia summary unavailable for topic search. {"query_len":3,"internal_reason":"internal-detail-not-for-browser"} 
[2026-05-05 10:28:14] testing.WARNING: Wikipedia summary unavailable for recommendation card. {"query_len":7,"internal_reason":"secret-wiki-reason"} 
[2026-05-05 10:55:36] local.ERROR: SQLSTATE[42S21]: Column already exists: 1060 Duplicate column name 'avatar_path' (Connection: mysql, SQL: alter table `users` add `avatar_path` varchar(512) null after `password`) {"exception":"[object] (Illuminate\\Database\\QueryException(code: 42S21): SQLSTATE[42S21]: Column already exists: 1060 Duplicate column name 'avatar_path' (Connection: mysql, SQL: alter table `users` add `avatar_path` varchar(512) null after `password`) at C:/Users/agull/OneDrive/Documents/Visual Studio/GIBLE/vendor/laravel/framework/src/Illuminate/Database/Connection.php:825)
[stacktrace]
#0 C:/Users/agull/OneDrive/Documents/Visual Studio/GIBLE/vendor/laravel/framework/src/Illuminate/Database/Connection.php(779): Illuminate/Database/Connection->runQueryCallback('alter table `us...', Array, Object(Closure))
#1 C:/Users/agull/OneDrive/Documents/Visual Studio/GIBLE/vendor/laravel/framework/src/Illuminate/Database/Connection.php(560): Illuminate/Database/Connection->run('alter table `us...', Array, Object(Closure))
#2 C:/Users/agull/OneDrive/Documents/Visual Studio/GIBLE/vendor/laravel/framework/src/Illuminate/Database/Schema/Blueprint.php(118): Illuminate/Database/Connection->statement('alter table `us...')
#3 C:/Users/agull/OneDrive/Documents/Visual Studio/GIBLE/vendor/laravel/framework/src/Illuminate/Database/Schema/Builder.php(564): Illuminate/Database/Schema/Blueprint->build(Object(Illuminate/Database/MySqlConnection), Object(Illuminate/Database/Schema/Grammars/MySqlGrammar))
#4 C:/Users/agull/OneDrive/Documents/Visual Studio/GIBLE/vendor/laravel/framework/src/Illuminate/Database/Schema/Builder.php(406): Illuminate/Database/Schema/Builder->build(Object(Illuminate/Database/Schema/Blueprint))
#5 C:/Users/agull/OneDrive/Documents/Visual Studio/GIBLE/vendor/laravel/framework/src/Illuminate/Support/Facades/Facade.php(361): Illuminate/Database/Schema/Builder->table('users', Object(Closure))
#6 C:/Users/agull/OneDrive/Documents/Visual Studio/GIBLE/database/migrations/2026_05_03_100000_add_avatar_path_to_users_table.php(11): Illuminate/Support/Facades/Facade::__callStatic('table', Array)
#7 C:/Users/agull/OneDrive/Documents/Visual Studio/GIBLE/vendor/laravel/framework/src/Illuminate/Database/Migrations/Migrator.php(507): Illuminate/Database/Migrations/Migration@anonymous->up()
#8 C:/Users/agull/OneDrive/Documents/Visual Studio/GIBLE/vendor/laravel/framework/src/Illuminate/Database/Migrations/Migrator.php(432): Illuminate/Database/Migrations/Migrator->runMethod(Object(Illuminate/Database/MySqlConnection), Object(Illuminate/Database/Migrations/Migration@anonymous), 'up')
#9 C:/Users/agull/OneDrive/Documents/Visual Studio/GIBLE/vendor/laravel/framework/src/Illuminate/Database/Migrations/Migrator.php(441): Illuminate/Database/Migrations/Migrator->Illuminate/Database/Migrations/{closure}()
#10 C:/Users/agull/OneDrive/Documents/Visual Studio/GIBLE/vendor/laravel/framework/src/Illuminate/Database/Migrations/Migrator.php(244): Illuminate/Database/Migrations/Migrator->runMigration(Object(Illuminate/Database/Migrations/Migration@anonymous), 'up')
#11 C:/Users/agull/OneDrive/Documents/Visual Studio/GIBLE/vendor/laravel/framework/src/Illuminate/Console/View/Components/Task.php(40): Illuminate/Database/Migrations/Migrator->Illuminate/Database/Migrations/{closure}()
#12 C:/Users/agull/OneDrive/Documents/Visual Studio/GIBLE/vendor/laravel/framework/src/Illuminate/Database/Migrations/Migrator.php(798): Illuminate/Console/View/Components/Task->render('2026_05_03_1000...', Object(Closure))
#13 C:/Users/agull/OneDrive/Documents/Visual Studio/GIBLE/vendor/laravel/framework/src/Illuminate/Database/Migrations/Migrator.php(244): Illuminate/Database/Migrations/Migrator->write('Illuminate//Cons...', '2026_05_03_1000...', Object(Closure))
#14 C:/Users/agull/OneDrive/Documents/Visual Studio/GIBLE/vendor/laravel/framework/src/Illuminate/Database/Migrations/Migrator.php(211): Illuminate/Database/Migrations/Migrator->runUp('C://Users//agull//...', 3, false)
#15 C:/Users/agull/OneDrive/Documents/Visual Studio/GIBLE/vendor/laravel/framework/src/Illuminate/Database/Migrations/Migrator.php(138): Illuminate/Database/Migrations/Migrator->runPending(Array, Array)
#16 C:/Users/agull/OneDrive/Documents/Visual Studio/GIBLE/vendor/laravel/framework/src/Illuminate/Database/Console/Migrations/MigrateCommand.php(117): Illuminate/Database/Migrations/Migrator->run(Array, Array)
#17 C:/Users/agull/OneDrive/Documents/Visual Studio/GIBLE/vendor/laravel/framework/src/Illuminate/Database/Migrations/Migrator.php(658): Illuminate/Database/Console/Migrations/MigrateCommand->Illuminate/Database/Console/Migrations/{closure}()
#18 C:/Users/agull/OneDrive/Documents/Visual Studio/GIBLE/vendor/laravel/framework/src/Illuminate/Database/Console/Migrations/MigrateCommand.php(110): Illuminate/Database/Migrations/Migrator->usingConnection(NULL, Object(Closure))
#19 C:/Users/agull/OneDrive/Documents/Visual Studio/GIBLE/vendor/laravel/framework/src/Illuminate/Database/Console/Migrations/MigrateCommand.php(89): Illuminate/Database/Console/Migrations/MigrateCommand->runMigrations()
#20 C:/Users/agull/OneDrive/Documents/Visual Studio/GIBLE/vendor/laravel/framework/src/Illuminate/Container/BoundMethod.php(36): Illuminate/Database/Console/Migrations/MigrateCommand->handle()
#21 C:/Users/agull/OneDrive/Documents/Visual Studio/GIBLE/vendor/laravel/framework/src/Illuminate/Container/Util.php(43): Illuminate/Container/BoundMethod::Illuminate/Container/{closure}()
#22 C:/Users/agull/OneDrive/Documents/Visual Studio/GIBLE/vendor/laravel/framework/src/Illuminate/Container/BoundMethod.php(95): Illuminate/Container/Util::unwrapIfClosure(Object(Closure))
#23 C:/Users/agull/OneDrive/Documents/Visual Studio/GIBLE/vendor/laravel/framework/src/Illuminate/Container/BoundMethod.php(35): Illuminate/Container/BoundMethod::callBoundMethod(Object(Illuminate/Foundation/Application), Array, Object(Closure))
#24 C:/Users/agull/OneDrive/Documents/Visual Studio/GIBLE/vendor/laravel/framework/src/Illuminate/Container/Container.php(696): Illuminate/Container/BoundMethod::call(Object(Illuminate/Foundation/Application), Array, Array, NULL)
#25 C:/Users/agull/OneDrive/Documents/Visual Studio/GIBLE/vendor/laravel/framework/src/Illuminate/Console/Command.php(213): Illuminate/Container/Container->call(Array)
#26 C:/Users/agull/OneDrive/Documents/Visual Studio/GIBLE/vendor/symfony/console/Command/Command.php(341): Illuminate/Console/Command->execute(Object(Symfony/Component/Console/Input/ArgvInput), Object(Illuminate/Console/OutputStyle))
#27 C:/Users/agull/OneDrive/Documents/Visual Studio/GIBLE/vendor/laravel/framework/src/Illuminate/Console/Command.php(182): Symfony/Component/Console/Command/Command->run(Object(Symfony/Component/Console/Input/ArgvInput), Object(Illuminate/Console/OutputStyle))
#28 C:/Users/agull/OneDrive/Documents/Visual Studio/GIBLE/vendor/symfony/console/Application.php(1117): Illuminate/Console/Command->run(Object(Symfony/Component/Console/Input/ArgvInput), Object(Symfony/Component/Console/Output/ConsoleOutput))
#29 C:/Users/agull/OneDrive/Documents/Visual Studio/GIBLE/vendor/symfony/console/Application.php(356): Symfony/Component/Console/Application->doRunCommand(Object(Illuminate/Database/Console/Migrations/MigrateCommand), Object(Symfony/Component/Console/Input/ArgvInput), Object(Symfony/Component/Console/Output/ConsoleOutput))
#30 C:/Users/agull/OneDrive/Documents/Visual Studio/GIBLE/vendor/symfony/console/Application.php(195): Symfony/Component/Console/Application->doRun(Object(Symfony/Component/Console/Input/ArgvInput), Object(Symfony/Component/Console/Output/ConsoleOutput))
#31 C:/Users/agull/OneDrive/Documents/Visual Studio/GIBLE/vendor/laravel/framework/src/Illuminate/Foundation/Console/Kernel.php(198): Symfony/Component/Console/Application->run(Object(Symfony/Component/Console/Input/ArgvInput), Object(Symfony/Component/Console/Output/ConsoleOutput))
#32 C:/Users/agull/OneDrive/Documents/Visual Studio/GIBLE/vendor/laravel/framework/src/Illuminate/Foundation/Application.php(1235): Illuminate/Foundation/Console/Kernel->handle(Object(Symfony/Component/Console/Input/ArgvInput), Object(Symfony/Component/Console/Output/ConsoleOutput))
#33 C:/Users/agull/OneDrive/Documents/Visual Studio/GIBLE/artisan(16): Illuminate/Foundation/Application->handleCommand(Object(Symfony/Component/Console/Input/ArgvInput))
#34 {main}

[previous exception] [object] (PDOException(code: 42S21): SQLSTATE[42S21]: Column already exists: 1060 Duplicate column name 'avatar_path' at C:/Users/agull/OneDrive/Documents/Visual Studio/GIBLE/vendor/laravel/framework/src/Illuminate/Database/Connection.php:571)
[stacktrace]
#0 C:/Users/agull/OneDrive/Documents/Visual Studio/GIBLE/vendor/laravel/framework/src/Illuminate/Database/Connection.php(571): PDOStatement->execute()
#1 C:/Users/agull/OneDrive/Documents/Visual Studio/GIBLE/vendor/laravel/framework/src/Illuminate/Database/Connection.php(812): Illuminate/Database/Connection->Illuminate/Database/{closure}('alter table `us...', Array)
#2 C:/Users/agull/OneDrive/Documents/Visual Studio/GIBLE/vendor/laravel/framework/src/Illuminate/Database/Connection.php(779): Illuminate/Database/Connection->runQueryCallback('alter table `us...', Array, Object(Closure))
#3 C:/Users/agull/OneDrive/Documents/Visual Studio/GIBLE/vendor/laravel/framework/src/Illuminate/Database/Connection.php(560): Illuminate/Database/Connection->run('alter table `us...', Array, Object(Closure))
#4 C:/Users/agull/OneDrive/Documents/Visual Studio/GIBLE/vendor/laravel/framework/src/Illuminate/Database/Schema/Blueprint.php(118): Illuminate/Database/Connection->statement('alter table `us...')
#5 C:/Users/agull/OneDrive/Documents/Visual Studio/GIBLE/vendor/laravel/framework/src/Illuminate/Database/Schema/Builder.php(564): Illuminate/Database/Schema/Blueprint->build(Object(Illuminate/Database/MySqlConnection), Object(Illuminate/Database/Schema/Grammars/MySqlGrammar))
#6 C:/Users/agull/OneDrive/Documents/Visual Studio/GIBLE/vendor/laravel/framework/src/Illuminate/Database/Schema/Builder.php(406): Illuminate/Database/Schema/Builder->build(Object(Illuminate/Database/Schema/Blueprint))
#7 C:/Users/agull/OneDrive/Documents/Visual Studio/GIBLE/vendor/laravel/framework/src/Illuminate/Support/Facades/Facade.php(361): Illuminate/Database/Schema/Builder->table('users', Object(Closure))
#8 C:/Users/agull/OneDrive/Documents/Visual Studio/GIBLE/database/migrations/2026_05_03_100000_add_avatar_path_to_users_table.php(11): Illuminate/Support/Facades/Facade::__callStatic('table', Array)
#9 C:/Users/agull/OneDrive/Documents/Visual Studio/GIBLE/vendor/laravel/framework/src/Illuminate/Database/Migrations/Migrator.php(507): Illuminate/Database/Migrations/Migration@anonymous->up()
#10 C:/Users/agull/OneDrive/Documents/Visual Studio/GIBLE/vendor/laravel/framework/src/Illuminate/Database/Migrations/Migrator.php(432): Illuminate/Database/Migrations/Migrator->runMethod(Object(Illuminate/Database/MySqlConnection), Object(Illuminate/Database/Migrations/Migration@anonymous), 'up')
#11 C:/Users/agull/OneDrive/Documents/Visual Studio/GIBLE/vendor/laravel/framework/src/Illuminate/Database/Migrations/Migrator.php(441): Illuminate/Database/Migrations/Migrator->Illuminate/Database/Migrations/{closure}()
#12 C:/Users/agull/OneDrive/Documents/Visual Studio/GIBLE/vendor/laravel/framework/src/Illuminate/Database/Migrations/Migrator.php(244): Illuminate/Database/Migrations/Migrator->runMigration(Object(Illuminate/Database/Migrations/Migration@anonymous), 'up')
#13 C:/Users/agull/OneDrive/Documents/Visual Studio/GIBLE/vendor/laravel/framework/src/Illuminate/Console/View/Components/Task.php(40): Illuminate/Database/Migrations/Migrator->Illuminate/Database/Migrations/{closure}()
#14 C:/Users/agull/OneDrive/Documents/Visual Studio/GIBLE/vendor/laravel/framework/src/Illuminate/Database/Migrations/Migrator.php(798): Illuminate/Console/View/Components/Task->render('2026_05_03_1000...', Object(Closure))
#15 C:/Users/agull/OneDrive/Documents/Visual Studio/GIBLE/vendor/laravel/framework/src/Illuminate/Database/Migrations/Migrator.php(244): Illuminate/Database/Migrations/Migrator->write('Illuminate//Cons...', '2026_05_03_1000...', Object(Closure))
#16 C:/Users/agull/OneDrive/Documents/Visual Studio/GIBLE/vendor/laravel/framework/src/Illuminate/Database/Migrations/Migrator.php(211): Illuminate/Database/Migrations/Migrator->runUp('C://Users//agull//...', 3, false)
#17 C:/Users/agull/OneDrive/Documents/Visual Studio/GIBLE/vendor/laravel/framework/src/Illuminate/Database/Migrations/Migrator.php(138): Illuminate/Database/Migrations/Migrator->runPending(Array, Array)
#18 C:/Users/agull/OneDrive/Documents/Visual Studio/GIBLE/vendor/laravel/framework/src/Illuminate/Database/Console/Migrations/MigrateCommand.php(117): Illuminate/Database/Migrations/Migrator->run(Array, Array)
#19 C:/Users/agull/OneDrive/Documents/Visual Studio/GIBLE/vendor/laravel/framework/src/Illuminate/Database/Migrations/Migrator.php(658): Illuminate/Database/Console/Migrations/MigrateCommand->Illuminate/Database/Console/Migrations/{closure}()
#20 C:/Users/agull/OneDrive/Documents/Visual Studio/GIBLE/vendor/laravel/framework/src/Illuminate/Database/Console/Migrations/MigrateCommand.php(110): Illuminate/Database/Migrations/Migrator->usingConnection(NULL, Object(Closure))
#21 C:/Users/agull/OneDrive/Documents/Visual Studio/GIBLE/vendor/laravel/framework/src/Illuminate/Database/Console/Migrations/MigrateCommand.php(89): Illuminate/Database/Console/Migrations/MigrateCommand->runMigrations()
#22 C:/Users/agull/OneDrive/Documents/Visual Studio/GIBLE/vendor/laravel/framework/src/Illuminate/Container/BoundMethod.php(36): Illuminate/Database/Console/Migrations/MigrateCommand->handle()
#23 C:/Users/agull/OneDrive/Documents/Visual Studio/GIBLE/vendor/laravel/framework/src/Illuminate/Container/Util.php(43): Illuminate/Container/BoundMethod::Illuminate/Container/{closure}()
#24 C:/Users/agull/OneDrive/Documents/Visual Studio/GIBLE/vendor/laravel/framework/src/Illuminate/Container/BoundMethod.php(95): Illuminate/Container/Util::unwrapIfClosure(Object(Closure))
#25 C:/Users/agull/OneDrive/Documents/Visual Studio/GIBLE/vendor/laravel/framework/src/Illuminate/Container/BoundMethod.php(35): Illuminate/Container/BoundMethod::callBoundMethod(Object(Illuminate/Foundation/Application), Array, Object(Closure))
#26 C:/Users/agull/OneDrive/Documents/Visual Studio/GIBLE/vendor/laravel/framework/src/Illuminate/Container/Container.php(696): Illuminate/Container/BoundMethod::call(Object(Illuminate/Foundation/Application), Array, Array, NULL)
#27 C:/Users/agull/OneDrive/Documents/Visual Studio/GIBLE/vendor/laravel/framework/src/Illuminate/Console/Command.php(213): Illuminate/Container/Container->call(Array)
#28 C:/Users/agull/OneDrive/Documents/Visual Studio/GIBLE/vendor/symfony/console/Command/Command.php(341): Illuminate/Console/Command->execute(Object(Symfony/Component/Console/Input/ArgvInput), Object(Illuminate/Console/OutputStyle))
#29 C:/Users/agull/OneDrive/Documents/Visual Studio/GIBLE/vendor/laravel/framework/src/Illuminate/Console/Command.php(182): Symfony/Component/Console/Command/Command->run(Object(Symfony/Component/Console/Input/ArgvInput), Object(Illuminate/Console/OutputStyle))
#30 C:/Users/agull/OneDrive/Documents/Visual Studio/GIBLE/vendor/symfony/console/Application.php(1117): Illuminate/Console/Command->run(Object(Symfony/Component/Console/Input/ArgvInput), Object(Symfony/Component/Console/Output/ConsoleOutput))
#31 C:/Users/agull/OneDrive/Documents/Visual Studio/GIBLE/vendor/symfony/console/Application.php(356): Symfony/Component/Console/Application->doRunCommand(Object(Illuminate/Database/Console/Migrations/MigrateCommand), Object(Symfony/Component/Console/Input/ArgvInput), Object(Symfony/Component/Console/Output/ConsoleOutput))
#32 C:/Users/agull/OneDrive/Documents/Visual Studio/GIBLE/vendor/symfony/console/Application.php(195): Symfony/Component/Console/Application->doRun(Object(Symfony/Component/Console/Input/ArgvInput), Object(Symfony/Component/Console/Output/ConsoleOutput))
#33 C:/Users/agull/OneDrive/Documents/Visual Studio/GIBLE/vendor/laravel/framework/src/Illuminate/Foundation/Console/Kernel.php(198): Symfony/Component/Console/Application->run(Object(Symfony/Component/Console/Input/ArgvInput), Object(Symfony/Component/Console/Output/ConsoleOutput))
#34 C:/Users/agull/OneDrive/Documents/Visual Studio/GIBLE/vendor/laravel/framework/src/Illuminate/Foundation/Application.php(1235): Illuminate/Foundation/Console/Kernel->handle(Object(Symfony/Component/Console/Input/ArgvInput), Object(Symfony/Component/Console/Output/ConsoleOutput))
#35 C:/Users/agull/OneDrive/Documents/Visual Studio/GIBLE/artisan(16): Illuminate/Foundation/Application->handleCommand(Object(Symfony/Component/Console/Input/ArgvInput))
#36 {main}
"} 
[2026-05-05 10:56:06] testing.WARNING: Wikipedia summary unavailable for topic search. {"query_len":3,"internal_reason":"internal-detail-not-for-browser"} 
[2026-05-05 10:56:06] testing.WARNING: Wikipedia summary unavailable for recommendation card. {"query_len":7,"internal_reason":"secret-wiki-reason"} 
[2026-05-05 11:23:42] local.ERROR: SQLSTATE[42S02]: Base table or view not found: 1146 Table 'gible.study_reminder_in_app_notifications' doesn't exist (Connection: mysql, SQL: select `id`, `stage`, `title`, `body`, `created_at` from `study_reminder_in_app_notifications` where `user_id` = 7 and `seen_at` is null order by `id` asc limit 25) {"userId":7,"exception":"[object] (Illuminate\\Database\\QueryException(code: 42S02): SQLSTATE[42S02]: Base table or view not found: 1146 Table 'gible.study_reminder_in_app_notifications' doesn't exist (Connection: mysql, SQL: select `id`, `stage`, `title`, `body`, `created_at` from `study_reminder_in_app_notifications` where `user_id` = 7 and `seen_at` is null order by `id` asc limit 25) at C:/Users/agull/OneDrive/Documents/Visual Studio/GIBLE/vendor/laravel/framework/src/Illuminate/Database/Connection.php:825)
[stacktrace]
#0 C:/Users/agull/OneDrive/Documents/Visual Studio/GIBLE/vendor/laravel/framework/src/Illuminate/Database/Connection.php(779): Illuminate/Database/Connection->runQueryCallback('select `id`, `s...', Array, Object(Closure))
#1 C:/Users/agull/OneDrive/Documents/Visual Studio/GIBLE/vendor/laravel/framework/src/Illuminate/Database/Connection.php(398): Illuminate/Database/Connection->run('select `id`, `s...', Array, Object(Closure))
#2 C:/Users/agull/OneDrive/Documents/Visual Studio/GIBLE/vendor/laravel/framework/src/Illuminate/Database/Query/Builder.php(3106): Illuminate/Database/Connection->select('select `id`, `s...', Array, true)
#3 C:/Users/agull/OneDrive/Documents/Visual Studio/GIBLE/vendor/laravel/framework/src/Illuminate/Database/Query/Builder.php(3091): Illuminate/Database/Query/Builder->runSelect()
#4 C:/Users/agull/OneDrive/Documents/Visual Studio/GIBLE/vendor/laravel/framework/src/Illuminate/Database/Query/Builder.php(3676): Illuminate/Database/Query/Builder->Illuminate/Database/Query/{closure}()
#5 C:/Users/agull/OneDrive/Documents/Visual Studio/GIBLE/vendor/laravel/framework/src/Illuminate/Database/Query/Builder.php(3090): Illuminate/Database/Query/Builder->onceWithColumns(Array, Object(Closure))
#6 C:/Users/agull/OneDrive/Documents/Visual Studio/GIBLE/vendor/laravel/framework/src/Illuminate/Database/Eloquent/Builder.php(811): Illuminate/Database/Query/Builder->get(Array)
#7 C:/Users/agull/OneDrive/Documents/Visual Studio/GIBLE/vendor/laravel/framework/src/Illuminate/Database/Eloquent/Builder.php(793): Illuminate/Database/Eloquent/Builder->getModels(Array)
#8 C:/Users/agull/OneDrive/Documents/Visual Studio/GIBLE/app/Http/Controllers/Api/ReminderNotificationsController.php(19): Illuminate/Database/Eloquent/Builder->get(Array)
#9 C:/Users/agull/OneDrive/Documents/Visual Studio/GIBLE/vendor/laravel/framework/src/Illuminate/Routing/ControllerDispatcher.php(47): App/Http/Controllers/Api/ReminderNotificationsController->index(Object(Illuminate/Http/Request))
#10 C:/Users/agull/OneDrive/Documents/Visual Studio/GIBLE/vendor/laravel/framework/src/Illuminate/Routing/Route.php(266): Illuminate/Routing/ControllerDispatcher->dispatch(Object(Illuminate/Routing/Route), Object(App/Http/Controllers/Api/ReminderNotificationsController), 'index')
#11 C:/Users/agull/OneDrive/Documents/Visual Studio/GIBLE/vendor/laravel/framework/src/Illuminate/Routing/Route.php(212): Illuminate/Routing/Route->runController()
#12 C:/Users/agull/OneDrive/Documents/Visual Studio/GIBLE/vendor/laravel/framework/src/Illuminate/Routing/Router.php(808): Illuminate/Routing/Route->run()
#13 C:/Users/agull/OneDrive/Documents/Visual Studio/GIBLE/vendor/laravel/framework/src/Illuminate/Pipeline/Pipeline.php(170): Illuminate/Routing/Router->Illuminate/Routing/{closure}(Object(Illuminate/Http/Request))
#14 C:/Users/agull/OneDrive/Documents/Visual Studio/GIBLE/vendor/laravel/framework/src/Illuminate/Routing/Middleware/SubstituteBindings.php(51): Illuminate/Pipeline/Pipeline->Illuminate/Pipeline/{closure}(Object(Illuminate/Http/Request))
#15 C:/Users/agull/OneDrive/Documents/Visual Studio/GIBLE/vendor/laravel/framework/src/Illuminate/Pipeline/Pipeline.php(209): Illuminate/Routing/Middleware/SubstituteBindings->handle(Object(Illuminate/Http/Request), Object(Closure))
#16 C:/Users/agull/OneDrive/Documents/Visual Studio/GIBLE/vendor/laravel/framework/src/Illuminate/Routing/Middleware/ThrottleRequests.php(161): Illuminate/Pipeline/Pipeline->Illuminate/Pipeline/{closure}(Object(Illuminate/Http/Request))
#17 C:/Users/agull/OneDrive/Documents/Visual Studio/GIBLE/vendor/laravel/framework/src/Illuminate/Routing/Middleware/ThrottleRequests.php(92): Illuminate/Routing/Middleware/ThrottleRequests->handleRequest(Object(Illuminate/Http/Request), Object(Closure), Array)
#18 C:/Users/agull/OneDrive/Documents/Visual Studio/GIBLE/vendor/laravel/framework/src/Illuminate/Pipeline/Pipeline.php(209): Illuminate/Routing/Middleware/ThrottleRequests->handle(Object(Illuminate/Http/Request), Object(Closure), '120', '1')
#19 C:/Users/agull/OneDrive/Documents/Visual Studio/GIBLE/vendor/laravel/framework/src/Illuminate/Auth/Middleware/Authenticate.php(64): Illuminate/Pipeline/Pipeline->Illuminate/Pipeline/{closure}(Object(Illuminate/Http/Request))
#20 C:/Users/agull/OneDrive/Documents/Visual Studio/GIBLE/vendor/laravel/framework/src/Illuminate/Pipeline/Pipeline.php(209): Illuminate/Auth/Middleware/Authenticate->handle(Object(Illuminate/Http/Request), Object(Closure))
#21 C:/Users/agull/OneDrive/Documents/Visual Studio/GIBLE/vendor/laravel/framework/src/Illuminate/Foundation/Http/Middleware/VerifyCsrfToken.php(88): Illuminate/Pipeline/Pipeline->Illuminate/Pipeline/{closure}(Object(Illuminate/Http/Request))
#22 C:/Users/agull/OneDrive/Documents/Visual Studio/GIBLE/vendor/laravel/framework/src/Illuminate/Pipeline/Pipeline.php(209): Illuminate/Foundation/Http/Middleware/VerifyCsrfToken->handle(Object(Illuminate/Http/Request), Object(Closure))
#23 C:/Users/agull/OneDrive/Documents/Visual Studio/GIBLE/vendor/laravel/framework/src/Illuminate/View/Middleware/ShareErrorsFromSession.php(49): Illuminate/Pipeline/Pipeline->Illuminate/Pipeline/{closure}(Object(Illuminate/Http/Request))
#24 C:/Users/agull/OneDrive/Documents/Visual Studio/GIBLE/vendor/laravel/framework/src/Illuminate/Pipeline/Pipeline.php(209): Illuminate/View/Middleware/ShareErrorsFromSession->handle(Object(Illuminate/Http/Request), Object(Closure))
#25 C:/Users/agull/OneDrive/Documents/Visual Studio/GIBLE/vendor/laravel/framework/src/Illuminate/Session/Middleware/StartSession.php(121): Illuminate/Pipeline/Pipeline->Illuminate/Pipeline/{closure}(Object(Illuminate/Http/Request))
#26 C:/Users/agull/OneDrive/Documents/Visual Studio/GIBLE/vendor/laravel/framework/src/Illuminate/Session/Middleware/StartSession.php(64): Illuminate/Session/Middleware/StartSession->handleStatefulRequest(Object(Illuminate/Http/Request), Object(Illuminate/Session/Store), Object(Closure))
#27 C:/Users/agull/OneDrive/Documents/Visual Studio/GIBLE/vendor/laravel/framework/src/Illuminate/Pipeline/Pipeline.php(209): Illuminate/Session/Middleware/StartSession->handle(Object(Illuminate/Http/Request), Object(Closure))
#28 C:/Users/agull/OneDrive/Documents/Visual Studio/GIBLE/vendor/laravel/framework/src/Illuminate/Cookie/Middleware/AddQueuedCookiesToResponse.php(37): Illuminate/Pipeline/Pipeline->Illuminate/Pipeline/{closure}(Object(Illuminate/Http/Request))
#29 C:/Users/agull/OneDrive/Documents/Visual Studio/GIBLE/vendor/laravel/framework/src/Illuminate/Pipeline/Pipeline.php(209): Illuminate/Cookie/Middleware/AddQueuedCookiesToResponse->handle(Object(Illuminate/Http/Request), Object(Closure))
#30 C:/Users/agull/OneDrive/Documents/Visual Studio/GIBLE/vendor/laravel/framework/src/Illuminate/Cookie/Middleware/EncryptCookies.php(75): Illuminate/Pipeline/Pipeline->Illuminate/Pipeline/{closure}(Object(Illuminate/Http/Request))
#31 C:/Users/agull/OneDrive/Documents/Visual Studio/GIBLE/vendor/laravel/framework/src/Illuminate/Pipeline/Pipeline.php(209): Illuminate/Cookie/Middleware/EncryptCookies->handle(Object(Illuminate/Http/Request), Object(Closure))
#32 C:/Users/agull/OneDrive/Documents/Visual Studio/GIBLE/vendor/laravel/framework/src/Illuminate/Pipeline/Pipeline.php(127): Illuminate/Pipeline/Pipeline->Illuminate/Pipeline/{closure}(Object(Illuminate/Http/Request))
#33 C:/Users/agull/OneDrive/Documents/Visual Studio/GIBLE/vendor/laravel/framework/src/Illuminate/Routing/Router.php(807): Illuminate/Pipeline/Pipeline->then(Object(Closure))
#34 C:/Users/agull/OneDrive/Documents/Visual Studio/GIBLE/vendor/laravel/framework/src/Illuminate/Routing/Router.php(786): Illuminate/Routing/Router->runRouteWithinStack(Object(Illuminate/Routing/Route), Object(Illuminate/Http/Request))
#35 C:/Users/agull/OneDrive/Documents/Visual Studio/GIBLE/vendor/laravel/framework/src/Illuminate/Routing/Router.php(750): Illuminate/Routing/Router->runRoute(Object(Illuminate/Http/Request), Object(Illuminate/Routing/Route))
#36 C:/Users/agull/OneDrive/Documents/Visual Studio/GIBLE/vendor/laravel/framework/src/Illuminate/Routing/Router.php(739): Illuminate/Routing/Router->dispatchToRoute(Object(Illuminate/Http/Request))
#37 C:/Users/agull/OneDrive/Documents/Visual Studio/GIBLE/vendor/laravel/framework/src/Illuminate/Foundation/Http/Kernel.php(201): Illuminate/Routing/Router->dispatch(Object(Illuminate/Http/Request))
#38 C:/Users/agull/OneDrive/Documents/Visual Studio/GIBLE/vendor/laravel/framework/src/Illuminate/Pipeline/Pipeline.php(170): Illuminate/Foundation/Http/Kernel->Illuminate/Foundation/Http/{closure}(Object(Illuminate/Http/Request))
#39 C:/Users/agull/OneDrive/Documents/Visual Studio/GIBLE/vendor/laravel/framework/src/Illuminate/Foundation/Http/Middleware/TransformsRequest.php(21): Illuminate/Pipeline/Pipeline->Illuminate/Pipeline/{closure}(Object(Illuminate/Http/Request))
#40 C:/Users/agull/OneDrive/Documents/Visual Studio/GIBLE/vendor/laravel/framework/src/Illuminate/Foundation/Http/Middleware/ConvertEmptyStringsToNull.php(31): Illuminate/Foundation/Http/Middleware/TransformsRequest->handle(Object(Illuminate/Http/Request), Object(Closure))
#41 C:/Users/agull/OneDrive/Documents/Visual Studio/GIBLE/vendor/laravel/framework/src/Illuminate/Pipeline/Pipeline.php(209): Illuminate/Foundation/Http/Middleware/ConvertEmptyStringsToNull->handle(Object(Illuminate/Http/Request), Object(Closure))
#42 C:/Users/agull/OneDrive/Documents/Visual Studio/GIBLE/vendor/laravel/framework/src/Illuminate/Foundation/Http/Middleware/TransformsRequest.php(21): Illuminate/Pipeline/Pipeline->Illuminate/Pipeline/{closure}(Object(Illuminate/Http/Request))
#43 C:/Users/agull/OneDrive/Documents/Visual Studio/GIBLE/vendor/laravel/framework/src/Illuminate/Foundation/Http/Middleware/TrimStrings.php(51): Illuminate/Foundation/Http/Middleware/TransformsRequest->handle(Object(Illuminate/Http/Request), Object(Closure))
#44 C:/Users/agull/OneDrive/Documents/Visual Studio/GIBLE/vendor/laravel/framework/src/Illuminate/Pipeline/Pipeline.php(209): Illuminate/Foundation/Http/Middleware/TrimStrings->handle(Object(Illuminate/Http/Request), Object(Closure))
#45 C:/Users/agull/OneDrive/Documents/Visual Studio/GIBLE/vendor/laravel/framework/src/Illuminate/Http/Middleware/ValidatePostSize.php(27): Illuminate/Pipeline/Pipeline->Illuminate/Pipeline/{closure}(Object(Illuminate/Http/Request))
#46 C:/Users/agull/OneDrive/Documents/Visual Studio/GIBLE/vendor/laravel/framework/src/Illuminate/Pipeline/Pipeline.php(209): Illuminate/Http/Middleware/ValidatePostSize->handle(Object(Illuminate/Http/Request), Object(Closure))
#47 C:/Users/agull/OneDrive/Documents/Visual Studio/GIBLE/vendor/laravel/framework/src/Illuminate/Foundation/Http/Middleware/PreventRequestsDuringMaintenance.php(110): Illuminate/Pipeline/Pipeline->Illuminate/Pipeline/{closure}(Object(Illuminate/Http/Request))
#48 C:/Users/agull/OneDrive/Documents/Visual Studio/GIBLE/vendor/laravel/framework/src/Illuminate/Pipeline/Pipeline.php(209): Illuminate/Foundation/Http/Middleware/PreventRequestsDuringMaintenance->handle(Object(Illuminate/Http/Request), Object(Closure))
#49 C:/Users/agull/OneDrive/Documents/Visual Studio/GIBLE/vendor/laravel/framework/src/Illuminate/Http/Middleware/HandleCors.php(62): Illuminate/Pipeline/Pipeline->Illuminate/Pipeline/{closure}(Object(Illuminate/Http/Request))
#50 C:/Users/agull/OneDrive/Documents/Visual Studio/GIBLE/vendor/laravel/framework/src/Illuminate/Pipeline/Pipeline.php(209): Illuminate/Http/Middleware/HandleCors->handle(Object(Illuminate/Http/Request), Object(Closure))
#51 C:/Users/agull/OneDrive/Documents/Visual Studio/GIBLE/vendor/laravel/framework/src/Illuminate/Http/Middleware/TrustProxies.php(58): Illuminate/Pipeline/Pipeline->Illuminate/Pipeline/{closure}(Object(Illuminate/Http/Request))
#52 C:/Users/agull/OneDrive/Documents/Visual Studio/GIBLE/vendor/laravel/framework/src/Illuminate/Pipeline/Pipeline.php(209): Illuminate/Http/Middleware/TrustProxies->handle(Object(Illuminate/Http/Request), Object(Closure))
#53 C:/Users/agull/OneDrive/Documents/Visual Studio/GIBLE/vendor/laravel/framework/src/Illuminate/Foundation/Http/Middleware/InvokeDeferredCallbacks.php(22): Illuminate/Pipeline/Pipeline->Illuminate/Pipeline/{closure}(Object(Illuminate/Http/Request))
#54 C:/Users/agull/OneDrive/Documents/Visual Studio/GIBLE/vendor/laravel/framework/src/Illuminate/Pipeline/Pipeline.php(209): Illuminate/Foundation/Http/Middleware/InvokeDeferredCallbacks->handle(Object(Illuminate/Http/Request), Object(Closure))
#55 C:/Users/agull/OneDrive/Documents/Visual Studio/GIBLE/vendor/laravel/framework/src/Illuminate/Pipeline/Pipeline.php(127): Illuminate/Pipeline/Pipeline->Illuminate/Pipeline/{closure}(Object(Illuminate/Http/Request))
#56 C:/Users/agull/OneDrive/Documents/Visual Studio/GIBLE/vendor/laravel/framework/src/Illuminate/Foundation/Http/Kernel.php(176): Illuminate/Pipeline/Pipeline->then(Object(Closure))
#57 C:/Users/agull/OneDrive/Documents/Visual Studio/GIBLE/vendor/laravel/framework/src/Illuminate/Foundation/Http/Kernel.php(145): Illuminate/Foundation/Http/Kernel->sendRequestThroughRouter(Object(Illuminate/Http/Request))
#58 C:/Users/agull/OneDrive/Documents/Visual Studio/GIBLE/vendor/laravel/framework/src/Illuminate/Foundation/Application.php(1220): Illuminate/Foundation/Http/Kernel->handle(Object(Illuminate/Http/Request))
#59 C:/Users/agull/OneDrive/Documents/Visual Studio/GIBLE/public/index.php(20): Illuminate/Foundation/Application->handleRequest(Object(Illuminate/Http/Request))
#60 C:/Users/agull/OneDrive/Documents/Visual Studio/GIBLE/vendor/laravel/framework/src/Illuminate/Foundation/resources/server.php(23): require_once('C://Users//agull//...')
#61 {main}

[previous exception] [object] (PDOException(code: 42S02): SQLSTATE[42S02]: Base table or view not found: 1146 Table 'gible.study_reminder_in_app_notifications' doesn't exist at C:/Users/agull/OneDrive/Documents/Visual Studio/GIBLE/vendor/laravel/framework/src/Illuminate/Database/Connection.php:407)
[stacktrace]
#0 C:/Users/agull/OneDrive/Documents/Visual Studio/GIBLE/vendor/laravel/framework/src/Illuminate/Database/Connection.php(407): PDO->prepare('select `id`, `s...')
#1 C:/Users/agull/OneDrive/Documents/Visual Studio/GIBLE/vendor/laravel/framework/src/Illuminate/Database/Connection.php(812): Illuminate/Database/Connection->Illuminate/Database/{closure}('select `id`, `s...', Array)
#2 C:/Users/agull/OneDrive/Documents/Visual Studio/GIBLE/vendor/laravel/framework/src/Illuminate/Database/Connection.php(779): Illuminate/Database/Connection->runQueryCallback('select `id`, `s...', Array, Object(Closure))
#3 C:/Users/agull/OneDrive/Documents/Visual Studio/GIBLE/vendor/laravel/framework/src/Illuminate/Database/Connection.php(398): Illuminate/Database/Connection->run('select `id`, `s...', Array, Object(Closure))
#4 C:/Users/agull/OneDrive/Documents/Visual Studio/GIBLE/vendor/laravel/framework/src/Illuminate/Database/Query/Builder.php(3106): Illuminate/Database/Connection->select('select `id`, `s...', Array, true)
#5 C:/Users/agull/OneDrive/Documents/Visual Studio/GIBLE/vendor/laravel/framework/src/Illuminate/Database/Query/Builder.php(3091): Illuminate/Database/Query/Builder->runSelect()
#6 C:/Users/agull/OneDrive/Documents/Visual Studio/GIBLE/vendor/laravel/framework/src/Illuminate/Database/Query/Builder.php(3676): Illuminate/Database/Query/Builder->Illuminate/Database/Query/{closure}()
#7 C:/Users/agull/OneDrive/Documents/Visual Studio/GIBLE/vendor/laravel/framework/src/Illuminate/Database/Query/Builder.php(3090): Illuminate/Database/Query/Builder->onceWithColumns(Array, Object(Closure))
#8 C:/Users/agull/OneDrive/Documents/Visual Studio/GIBLE/vendor/laravel/framework/src/Illuminate/Database/Eloquent/Builder.php(811): Illuminate/Database/Query/Builder->get(Array)
#9 C:/Users/agull/OneDrive/Documents/Visual Studio/GIBLE/vendor/laravel/framework/src/Illuminate/Database/Eloquent/Builder.php(793): Illuminate/Database/Eloquent/Builder->getModels(Array)
#10 C:/Users/agull/OneDrive/Documents/Visual Studio/GIBLE/app/Http/Controllers/Api/ReminderNotificationsController.php(19): Illuminate/Database/Eloquent/Builder->get(Array)
#11 C:/Users/agull/OneDrive/Documents/Visual Studio/GIBLE/vendor/laravel/framework/src/Illuminate/Routing/ControllerDispatcher.php(47): App/Http/Controllers/Api/ReminderNotificationsController->index(Object(Illuminate/Http/Request))
#12 C:/Users/agull/OneDrive/Documents/Visual Studio/GIBLE/vendor/laravel/framework/src/Illuminate/Routing/Route.php(266): Illuminate/Routing/ControllerDispatcher->dispatch(Object(Illuminate/Routing/Route), Object(App/Http/Controllers/Api/ReminderNotificationsController), 'index')
#13 C:/Users/agull/OneDrive/Documents/Visual Studio/GIBLE/vendor/laravel/framework/src/Illuminate/Routing/Route.php(212): Illuminate/Routing/Route->runController()
#14 C:/Users/agull/OneDrive/Documents/Visual Studio/GIBLE/vendor/laravel/framework/src/Illuminate/Routing/Router.php(808): Illuminate/Routing/Route->run()
#15 C:/Users/agull/OneDrive/Documents/Visual Studio/GIBLE/vendor/laravel/framework/src/Illuminate/Pipeline/Pipeline.php(170): Illuminate/Routing/Router->Illuminate/Routing/{closure}(Object(Illuminate/Http/Request))
#16 C:/Users/agull/OneDrive/Documents/Visual Studio/GIBLE/vendor/laravel/framework/src/Illuminate/Routing/Middleware/SubstituteBindings.php(51): Illuminate/Pipeline/Pipeline->Illuminate/Pipeline/{closure}(Object(Illuminate/Http/Request))
#17 C:/Users/agull/OneDrive/Documents/Visual Studio/GIBLE/vendor/laravel/framework/src/Illuminate/Pipeline/Pipeline.php(209): Illuminate/Routing/Middleware/SubstituteBindings->handle(Object(Illuminate/Http/Request), Object(Closure))
#18 C:/Users/agull/OneDrive/Documents/Visual Studio/GIBLE/vendor/laravel/framework/src/Illuminate/Routing/Middleware/ThrottleRequests.php(161): Illuminate/Pipeline/Pipeline->Illuminate/Pipeline/{closure}(Object(Illuminate/Http/Request))
#19 C:/Users/agull/OneDrive/Documents/Visual Studio/GIBLE/vendor/laravel/framework/src/Illuminate/Routing/Middleware/ThrottleRequests.php(92): Illuminate/Routing/Middleware/ThrottleRequests->handleRequest(Object(Illuminate/Http/Request), Object(Closure), Array)
#20 C:/Users/agull/OneDrive/Documents/Visual Studio/GIBLE/vendor/laravel/framework/src/Illuminate/Pipeline/Pipeline.php(209): Illuminate/Routing/Middleware/ThrottleRequests->handle(Object(Illuminate/Http/Request), Object(Closure), '120', '1')
#21 C:/Users/agull/OneDrive/Documents/Visual Studio/GIBLE/vendor/laravel/framework/src/Illuminate/Auth/Middleware/Authenticate.php(64): Illuminate/Pipeline/Pipeline->Illuminate/Pipeline/{closure}(Object(Illuminate/Http/Request))
#22 C:/Users/agull/OneDrive/Documents/Visual Studio/GIBLE/vendor/laravel/framework/src/Illuminate/Pipeline/Pipeline.php(209): Illuminate/Auth/Middleware/Authenticate->handle(Object(Illuminate/Http/Request), Object(Closure))
#23 C:/Users/agull/OneDrive/Documents/Visual Studio/GIBLE/vendor/laravel/framework/src/Illuminate/Foundation/Http/Middleware/VerifyCsrfToken.php(88): Illuminate/Pipeline/Pipeline->Illuminate/Pipeline/{closure}(Object(Illuminate/Http/Request))
#24 C:/Users/agull/OneDrive/Documents/Visual Studio/GIBLE/vendor/laravel/framework/src/Illuminate/Pipeline/Pipeline.php(209): Illuminate/Foundation/Http/Middleware/VerifyCsrfToken->handle(Object(Illuminate/Http/Request), Object(Closure))
#25 C:/Users/agull/OneDrive/Documents/Visual Studio/GIBLE/vendor/laravel/framework/src/Illuminate/View/Middleware/ShareErrorsFromSession.php(49): Illuminate/Pipeline/Pipeline->Illuminate/Pipeline/{closure}(Object(Illuminate/Http/Request))
#26 C:/Users/agull/OneDrive/Documents/Visual Studio/GIBLE/vendor/laravel/framework/src/Illuminate/Pipeline/Pipeline.php(209): Illuminate/View/Middleware/ShareErrorsFromSession->handle(Object(Illuminate/Http/Request), Object(Closure))
#27 C:/Users/agull/OneDrive/Documents/Visual Studio/GIBLE/vendor/laravel/framework/src/Illuminate/Session/Middleware/StartSession.php(121): Illuminate/Pipeline/Pipeline->Illuminate/Pipeline/{closure}(Object(Illuminate/Http/Request))
#28 C:/Users/agull/OneDrive/Documents/Visual Studio/GIBLE/vendor/laravel/framework/src/Illuminate/Session/Middleware/StartSession.php(64): Illuminate/Session/Middleware/StartSession->handleStatefulRequest(Object(Illuminate/Http/Request), Object(Illuminate/Session/Store), Object(Closure))
#29 C:/Users/agull/OneDrive/Documents/Visual Studio/GIBLE/vendor/laravel/framework/src/Illuminate/Pipeline/Pipeline.php(209): Illuminate/Session/Middleware/StartSession->handle(Object(Illuminate/Http/Request), Object(Closure))
#30 C:/Users/agull/OneDrive/Documents/Visual Studio/GIBLE/vendor/laravel/framework/src/Illuminate/Cookie/Middleware/AddQueuedCookiesToResponse.php(37): Illuminate/Pipeline/Pipeline->Illuminate/Pipeline/{closure}(Object(Illuminate/Http/Request))
#31 C:/Users/agull/OneDrive/Documents/Visual Studio/GIBLE/vendor/laravel/framework/src/Illuminate/Pipeline/Pipeline.php(209): Illuminate/Cookie/Middleware/AddQueuedCookiesToResponse->handle(Object(Illuminate/Http/Request), Object(Closure))
#32 C:/Users/agull/OneDrive/Documents/Visual Studio/GIBLE/vendor/laravel/framework/src/Illuminate/Cookie/Middleware/EncryptCookies.php(75): Illuminate/Pipeline/Pipeline->Illuminate/Pipeline/{closure}(Object(Illuminate/Http/Request))
#33 C:/Users/agull/OneDrive/Documents/Visual Studio/GIBLE/vendor/laravel/framework/src/Illuminate/Pipeline/Pipeline.php(209): Illuminate/Cookie/Middleware/EncryptCookies->handle(Object(Illuminate/Http/Request), Object(Closure))
#34 C:/Users/agull/OneDrive/Documents/Visual Studio/GIBLE/vendor/laravel/framework/src/Illuminate/Pipeline/Pipeline.php(127): Illuminate/Pipeline/Pipeline->Illuminate/Pipeline/{closure}(Object(Illuminate/Http/Request))
#35 C:/Users/agull/OneDrive/Documents/Visual Studio/GIBLE/vendor/laravel/framework/src/Illuminate/Routing/Router.php(807): Illuminate/Pipeline/Pipeline->then(Object(Closure))
#36 C:/Users/agull/OneDrive/Documents/Visual Studio/GIBLE/vendor/laravel/framework/src/Illuminate/Routing/Router.php(786): Illuminate/Routing/Router->runRouteWithinStack(Object(Illuminate/Routing/Route), Object(Illuminate/Http/Request))
#37 C:/Users/agull/OneDrive/Documents/Visual Studio/GIBLE/vendor/laravel/framework/src/Illuminate/Routing/Router.php(750): Illuminate/Routing/Router->runRoute(Object(Illuminate/Http/Request), Object(Illuminate/Routing/Route))
#38 C:/Users/agull/OneDrive/Documents/Visual Studio/GIBLE/vendor/laravel/framework/src/Illuminate/Routing/Router.php(739): Illuminate/Routing/Router->dispatchToRoute(Object(Illuminate/Http/Request))
#39 C:/Users/agull/OneDrive/Documents/Visual Studio/GIBLE/vendor/laravel/framework/src/Illuminate/Foundation/Http/Kernel.php(201): Illuminate/Routing/Router->dispatch(Object(Illuminate/Http/Request))
#40 C:/Users/agull/OneDrive/Documents/Visual Studio/GIBLE/vendor/laravel/framework/src/Illuminate/Pipeline/Pipeline.php(170): Illuminate/Foundation/Http/Kernel->Illuminate/Foundation/Http/{closure}(Object(Illuminate/Http/Request))
#41 C:/Users/agull/OneDrive/Documents/Visual Studio/GIBLE/vendor/laravel/framework/src/Illuminate/Foundation/Http/Middleware/TransformsRequest.php(21): Illuminate/Pipeline/Pipeline->Illuminate/Pipeline/{closure}(Object(Illuminate/Http/Request))
#42 C:/Users/agull/OneDrive/Documents/Visual Studio/GIBLE/vendor/laravel/framework/src/Illuminate/Foundation/Http/Middleware/ConvertEmptyStringsToNull.php(31): Illuminate/Foundation/Http/Middleware/TransformsRequest->handle(Object(Illuminate/Http/Request), Object(Closure))
#43 C:/Users/agull/OneDrive/Documents/Visual Studio/GIBLE/vendor/laravel/framework/src/Illuminate/Pipeline/Pipeline.php(209): Illuminate/Foundation/Http/Middleware/ConvertEmptyStringsToNull->handle(Object(Illuminate/Http/Request), Object(Closure))
#44 C:/Users/agull/OneDrive/Documents/Visual Studio/GIBLE/vendor/laravel/framework/src/Illuminate/Foundation/Http/Middleware/TransformsRequest.php(21): Illuminate/Pipeline/Pipeline->Illuminate/Pipeline/{closure}(Object(Illuminate/Http/Request))
#45 C:/Users/agull/OneDrive/Documents/Visual Studio/GIBLE/vendor/laravel/framework/src/Illuminate/Foundation/Http/Middleware/TrimStrings.php(51): Illuminate/Foundation/Http/Middleware/TransformsRequest->handle(Object(Illuminate/Http/Request), Object(Closure))
#46 C:/Users/agull/OneDrive/Documents/Visual Studio/GIBLE/vendor/laravel/framework/src/Illuminate/Pipeline/Pipeline.php(209): Illuminate/Foundation/Http/Middleware/TrimStrings->handle(Object(Illuminate/Http/Request), Object(Closure))
#47 C:/Users/agull/OneDrive/Documents/Visual Studio/GIBLE/vendor/laravel/framework/src/Illuminate/Http/Middleware/ValidatePostSize.php(27): Illuminate/Pipeline/Pipeline->Illuminate/Pipeline/{closure}(Object(Illuminate/Http/Request))
#48 C:/Users/agull/OneDrive/Documents/Visual Studio/GIBLE/vendor/laravel/framework/src/Illuminate/Pipeline/Pipeline.php(209): Illuminate/Http/Middleware/ValidatePostSize->handle(Object(Illuminate/Http/Request), Object(Closure))
#49 C:/Users/agull/OneDrive/Documents/Visual Studio/GIBLE/vendor/laravel/framework/src/Illuminate/Foundation/Http/Middleware/PreventRequestsDuringMaintenance.php(110): Illuminate/Pipeline/Pipeline->Illuminate/Pipeline/{closure}(Object(Illuminate/Http/Request))
#50 C:/Users/agull/OneDrive/Documents/Visual Studio/GIBLE/vendor/laravel/framework/src/Illuminate/Pipeline/Pipeline.php(209): Illuminate/Foundation/Http/Middleware/PreventRequestsDuringMaintenance->handle(Object(Illuminate/Http/Request), Object(Closure))
#51 C:/Users/agull/OneDrive/Documents/Visual Studio/GIBLE/vendor/laravel/framework/src/Illuminate/Http/Middleware/HandleCors.php(62): Illuminate/Pipeline/Pipeline->Illuminate/Pipeline/{closure}(Object(Illuminate/Http/Request))
#52 C:/Users/agull/OneDrive/Documents/Visual Studio/GIBLE/vendor/laravel/framework/src/Illuminate/Pipeline/Pipeline.php(209): Illuminate/Http/Middleware/HandleCors->handle(Object(Illuminate/Http/Request), Object(Closure))
#53 C:/Users/agull/OneDrive/Documents/Visual Studio/GIBLE/vendor/laravel/framework/src/Illuminate/Http/Middleware/TrustProxies.php(58): Illuminate/Pipeline/Pipeline->Illuminate/Pipeline/{closure}(Object(Illuminate/Http/Request))
#54 C:/Users/agull/OneDrive/Documents/Visual Studio/GIBLE/vendor/laravel/framework/src/Illuminate/Pipeline/Pipeline.php(209): Illuminate/Http/Middleware/TrustProxies->handle(Object(Illuminate/Http/Request), Object(Closure))
#55 C:/Users/agull/OneDrive/Documents/Visual Studio/GIBLE/vendor/laravel/framework/src/Illuminate/Foundation/Http/Middleware/InvokeDeferredCallbacks.php(22): Illuminate/Pipeline/Pipeline->Illuminate/Pipeline/{closure}(Object(Illuminate/Http/Request))
#56 C:/Users/agull/OneDrive/Documents/Visual Studio/GIBLE/vendor/laravel/framework/src/Illuminate/Pipeline/Pipeline.php(209): Illuminate/Foundation/Http/Middleware/InvokeDeferredCallbacks->handle(Object(Illuminate/Http/Request), Object(Closure))
#57 C:/Users/agull/OneDrive/Documents/Visual Studio/GIBLE/vendor/laravel/framework/src/Illuminate/Pipeline/Pipeline.php(127): Illuminate/Pipeline/Pipeline->Illuminate/Pipeline/{closure}(Object(Illuminate/Http/Request))
#58 C:/Users/agull/OneDrive/Documents/Visual Studio/GIBLE/vendor/laravel/framework/src/Illuminate/Foundation/Http/Kernel.php(176): Illuminate/Pipeline/Pipeline->then(Object(Closure))
#59 C:/Users/agull/OneDrive/Documents/Visual Studio/GIBLE/vendor/laravel/framework/src/Illuminate/Foundation/Http/Kernel.php(145): Illuminate/Foundation/Http/Kernel->sendRequestThroughRouter(Object(Illuminate/Http/Request))
#60 C:/Users/agull/OneDrive/Documents/Visual Studio/GIBLE/vendor/laravel/framework/src/Illuminate/Foundation/Application.php(1220): Illuminate/Foundation/Http/Kernel->handle(Object(Illuminate/Http/Request))
#61 C:/Users/agull/OneDrive/Documents/Visual Studio/GIBLE/public/index.php(20): Illuminate/Foundation/Application->handleRequest(Object(Illuminate/Http/Request))
#62 C:/Users/agull/OneDrive/Documents/Visual Studio/GIBLE/vendor/laravel/framework/src/Illuminate/Foundation/resources/server.php(23): require_once('C://Users//agull//...')
#63 {main}
"} 
[2026-05-05 11:23:43] local.ERROR: SQLSTATE[42S21]: Column already exists: 1060 Duplicate column name 'avatar_path' (Connection: mysql, SQL: alter table `users` add `avatar_path` varchar(512) null after `password`) {"exception":"[object] (Illuminate\\Database\\QueryException(code: 42S21): SQLSTATE[42S21]: Column already exists: 1060 Duplicate column name 'avatar_path' (Connection: mysql, SQL: alter table `users` add `avatar_path` varchar(512) null after `password`) at C:/Users/agull/OneDrive/Documents/Visual Studio/GIBLE/vendor/laravel/framework/src/Illuminate/Database/Connection.php:825)
[stacktrace]
#0 C:/Users/agull/OneDrive/Documents/Visual Studio/GIBLE/vendor/laravel/framework/src/Illuminate/Database/Connection.php(779): Illuminate/Database/Connection->runQueryCallback('alter table `us...', Array, Object(Closure))
#1 C:/Users/agull/OneDrive/Documents/Visual Studio/GIBLE/vendor/laravel/framework/src/Illuminate/Database/Connection.php(560): Illuminate/Database/Connection->run('alter table `us...', Array, Object(Closure))
#2 C:/Users/agull/OneDrive/Documents/Visual Studio/GIBLE/vendor/laravel/framework/src/Illuminate/Database/Schema/Blueprint.php(118): Illuminate/Database/Connection->statement('alter table `us...')
#3 C:/Users/agull/OneDrive/Documents/Visual Studio/GIBLE/vendor/laravel/framework/src/Illuminate/Database/Schema/Builder.php(564): Illuminate/Database/Schema/Blueprint->build(Object(Illuminate/Database/MySqlConnection), Object(Illuminate/Database/Schema/Grammars/MySqlGrammar))
#4 C:/Users/agull/OneDrive/Documents/Visual Studio/GIBLE/vendor/laravel/framework/src/Illuminate/Database/Schema/Builder.php(406): Illuminate/Database/Schema/Builder->build(Object(Illuminate/Database/Schema/Blueprint))
#5 C:/Users/agull/OneDrive/Documents/Visual Studio/GIBLE/vendor/laravel/framework/src/Illuminate/Support/Facades/Facade.php(361): Illuminate/Database/Schema/Builder->table('users', Object(Closure))
#6 C:/Users/agull/OneDrive/Documents/Visual Studio/GIBLE/database/migrations/2026_05_03_100000_add_avatar_path_to_users_table.php(11): Illuminate/Support/Facades/Facade::__callStatic('table', Array)
#7 C:/Users/agull/OneDrive/Documents/Visual Studio/GIBLE/vendor/laravel/framework/src/Illuminate/Database/Migrations/Migrator.php(507): Illuminate/Database/Migrations/Migration@anonymous->up()
#8 C:/Users/agull/OneDrive/Documents/Visual Studio/GIBLE/vendor/laravel/framework/src/Illuminate/Database/Migrations/Migrator.php(432): Illuminate/Database/Migrations/Migrator->runMethod(Object(Illuminate/Database/MySqlConnection), Object(Illuminate/Database/Migrations/Migration@anonymous), 'up')
#9 C:/Users/agull/OneDrive/Documents/Visual Studio/GIBLE/vendor/laravel/framework/src/Illuminate/Database/Migrations/Migrator.php(441): Illuminate/Database/Migrations/Migrator->Illuminate/Database/Migrations/{closure}()
#10 C:/Users/agull/OneDrive/Documents/Visual Studio/GIBLE/vendor/laravel/framework/src/Illuminate/Database/Migrations/Migrator.php(244): Illuminate/Database/Migrations/Migrator->runMigration(Object(Illuminate/Database/Migrations/Migration@anonymous), 'up')
#11 C:/Users/agull/OneDrive/Documents/Visual Studio/GIBLE/vendor/laravel/framework/src/Illuminate/Console/View/Components/Task.php(40): Illuminate/Database/Migrations/Migrator->Illuminate/Database/Migrations/{closure}()
#12 C:/Users/agull/OneDrive/Documents/Visual Studio/GIBLE/vendor/laravel/framework/src/Illuminate/Database/Migrations/Migrator.php(798): Illuminate/Console/View/Components/Task->render('2026_05_03_1000...', Object(Closure))
#13 C:/Users/agull/OneDrive/Documents/Visual Studio/GIBLE/vendor/laravel/framework/src/Illuminate/Database/Migrations/Migrator.php(244): Illuminate/Database/Migrations/Migrator->write('Illuminate//Cons...', '2026_05_03_1000...', Object(Closure))
#14 C:/Users/agull/OneDrive/Documents/Visual Studio/GIBLE/vendor/laravel/framework/src/Illuminate/Database/Migrations/Migrator.php(211): Illuminate/Database/Migrations/Migrator->runUp('C://Users//agull//...', 4, false)
#15 C:/Users/agull/OneDrive/Documents/Visual Studio/GIBLE/vendor/laravel/framework/src/Illuminate/Database/Migrations/Migrator.php(138): Illuminate/Database/Migrations/Migrator->runPending(Array, Array)
#16 C:/Users/agull/OneDrive/Documents/Visual Studio/GIBLE/vendor/laravel/framework/src/Illuminate/Database/Console/Migrations/MigrateCommand.php(117): Illuminate/Database/Migrations/Migrator->run(Array, Array)
#17 C:/Users/agull/OneDrive/Documents/Visual Studio/GIBLE/vendor/laravel/framework/src/Illuminate/Database/Migrations/Migrator.php(658): Illuminate/Database/Console/Migrations/MigrateCommand->Illuminate/Database/Console/Migrations/{closure}()
#18 C:/Users/agull/OneDrive/Documents/Visual Studio/GIBLE/vendor/laravel/framework/src/Illuminate/Database/Console/Migrations/MigrateCommand.php(110): Illuminate/Database/Migrations/Migrator->usingConnection(NULL, Object(Closure))
#19 C:/Users/agull/OneDrive/Documents/Visual Studio/GIBLE/vendor/laravel/framework/src/Illuminate/Database/Console/Migrations/MigrateCommand.php(89): Illuminate/Database/Console/Migrations/MigrateCommand->runMigrations()
#20 C:/Users/agull/OneDrive/Documents/Visual Studio/GIBLE/vendor/laravel/framework/src/Illuminate/Container/BoundMethod.php(36): Illuminate/Database/Console/Migrations/MigrateCommand->handle()
#21 C:/Users/agull/OneDrive/Documents/Visual Studio/GIBLE/vendor/laravel/framework/src/Illuminate/Container/Util.php(43): Illuminate/Container/BoundMethod::Illuminate/Container/{closure}()
#22 C:/Users/agull/OneDrive/Documents/Visual Studio/GIBLE/vendor/laravel/framework/src/Illuminate/Container/BoundMethod.php(95): Illuminate/Container/Util::unwrapIfClosure(Object(Closure))
#23 C:/Users/agull/OneDrive/Documents/Visual Studio/GIBLE/vendor/laravel/framework/src/Illuminate/Container/BoundMethod.php(35): Illuminate/Container/BoundMethod::callBoundMethod(Object(Illuminate/Foundation/Application), Array, Object(Closure))
#24 C:/Users/agull/OneDrive/Documents/Visual Studio/GIBLE/vendor/laravel/framework/src/Illuminate/Container/Container.php(696): Illuminate/Container/BoundMethod::call(Object(Illuminate/Foundation/Application), Array, Array, NULL)
#25 C:/Users/agull/OneDrive/Documents/Visual Studio/GIBLE/vendor/laravel/framework/src/Illuminate/Console/Command.php(213): Illuminate/Container/Container->call(Array)
#26 C:/Users/agull/OneDrive/Documents/Visual Studio/GIBLE/vendor/symfony/console/Command/Command.php(341): Illuminate/Console/Command->execute(Object(Symfony/Component/Console/Input/ArgvInput), Object(Illuminate/Console/OutputStyle))
#27 C:/Users/agull/OneDrive/Documents/Visual Studio/GIBLE/vendor/laravel/framework/src/Illuminate/Console/Command.php(182): Symfony/Component/Console/Command/Command->run(Object(Symfony/Component/Console/Input/ArgvInput), Object(Illuminate/Console/OutputStyle))
#28 C:/Users/agull/OneDrive/Documents/Visual Studio/GIBLE/vendor/symfony/console/Application.php(1117): Illuminate/Console/Command->run(Object(Symfony/Component/Console/Input/ArgvInput), Object(Symfony/Component/Console/Output/ConsoleOutput))
#29 C:/Users/agull/OneDrive/Documents/Visual Studio/GIBLE/vendor/symfony/console/Application.php(356): Symfony/Component/Console/Application->doRunCommand(Object(Illuminate/Database/Console/Migrations/MigrateCommand), Object(Symfony/Component/Console/Input/ArgvInput), Object(Symfony/Component/Console/Output/ConsoleOutput))
#30 C:/Users/agull/OneDrive/Documents/Visual Studio/GIBLE/vendor/symfony/console/Application.php(195): Symfony/Component/Console/Application->doRun(Object(Symfony/Component/Console/Input/ArgvInput), Object(Symfony/Component/Console/Output/ConsoleOutput))
#31 C:/Users/agull/OneDrive/Documents/Visual Studio/GIBLE/vendor/laravel/framework/src/Illuminate/Foundation/Console/Kernel.php(198): Symfony/Component/Console/Application->run(Object(Symfony/Component/Console/Input/ArgvInput), Object(Symfony/Component/Console/Output/ConsoleOutput))
#32 C:/Users/agull/OneDrive/Documents/Visual Studio/GIBLE/vendor/laravel/framework/src/Illuminate/Foundation/Application.php(1235): Illuminate/Foundation/Console/Kernel->handle(Object(Symfony/Component/Console/Input/ArgvInput), Object(Symfony/Component/Console/Output/ConsoleOutput))
#33 C:/Users/agull/OneDrive/Documents/Visual Studio/GIBLE/artisan(16): Illuminate/Foundation/Application->handleCommand(Object(Symfony/Component/Console/Input/ArgvInput))
#34 {main}

[previous exception] [object] (PDOException(code: 42S21): SQLSTATE[42S21]: Column already exists: 1060 Duplicate column name 'avatar_path' at C:/Users/agull/OneDrive/Documents/Visual Studio/GIBLE/vendor/laravel/framework/src/Illuminate/Database/Connection.php:571)
[stacktrace]
#0 C:/Users/agull/OneDrive/Documents/Visual Studio/GIBLE/vendor/laravel/framework/src/Illuminate/Database/Connection.php(571): PDOStatement->execute()
#1 C:/Users/agull/OneDrive/Documents/Visual Studio/GIBLE/vendor/laravel/framework/src/Illuminate/Database/Connection.php(812): Illuminate/Database/Connection->Illuminate/Database/{closure}('alter table `us...', Array)
#2 C:/Users/agull/OneDrive/Documents/Visual Studio/GIBLE/vendor/laravel/framework/src/Illuminate/Database/Connection.php(779): Illuminate/Database/Connection->runQueryCallback('alter table `us...', Array, Object(Closure))
#3 C:/Users/agull/OneDrive/Documents/Visual Studio/GIBLE/vendor/laravel/framework/src/Illuminate/Database/Connection.php(560): Illuminate/Database/Connection->run('alter table `us...', Array, Object(Closure))
#4 C:/Users/agull/OneDrive/Documents/Visual Studio/GIBLE/vendor/laravel/framework/src/Illuminate/Database/Schema/Blueprint.php(118): Illuminate/Database/Connection->statement('alter table `us...')
#5 C:/Users/agull/OneDrive/Documents/Visual Studio/GIBLE/vendor/laravel/framework/src/Illuminate/Database/Schema/Builder.php(564): Illuminate/Database/Schema/Blueprint->build(Object(Illuminate/Database/MySqlConnection), Object(Illuminate/Database/Schema/Grammars/MySqlGrammar))
#6 C:/Users/agull/OneDrive/Documents/Visual Studio/GIBLE/vendor/laravel/framework/src/Illuminate/Database/Schema/Builder.php(406): Illuminate/Database/Schema/Builder->build(Object(Illuminate/Database/Schema/Blueprint))
#7 C:/Users/agull/OneDrive/Documents/Visual Studio/GIBLE/vendor/laravel/framework/src/Illuminate/Support/Facades/Facade.php(361): Illuminate/Database/Schema/Builder->table('users', Object(Closure))
#8 C:/Users/agull/OneDrive/Documents/Visual Studio/GIBLE/database/migrations/2026_05_03_100000_add_avatar_path_to_users_table.php(11): Illuminate/Support/Facades/Facade::__callStatic('table', Array)
#9 C:/Users/agull/OneDrive/Documents/Visual Studio/GIBLE/vendor/laravel/framework/src/Illuminate/Database/Migrations/Migrator.php(507): Illuminate/Database/Migrations/Migration@anonymous->up()
#10 C:/Users/agull/OneDrive/Documents/Visual Studio/GIBLE/vendor/laravel/framework/src/Illuminate/Database/Migrations/Migrator.php(432): Illuminate/Database/Migrations/Migrator->runMethod(Object(Illuminate/Database/MySqlConnection), Object(Illuminate/Database/Migrations/Migration@anonymous), 'up')
#11 C:/Users/agull/OneDrive/Documents/Visual Studio/GIBLE/vendor/laravel/framework/src/Illuminate/Database/Migrations/Migrator.php(441): Illuminate/Database/Migrations/Migrator->Illuminate/Database/Migrations/{closure}()
#12 C:/Users/agull/OneDrive/Documents/Visual Studio/GIBLE/vendor/laravel/framework/src/Illuminate/Database/Migrations/Migrator.php(244): Illuminate/Database/Migrations/Migrator->runMigration(Object(Illuminate/Database/Migrations/Migration@anonymous), 'up')
#13 C:/Users/agull/OneDrive/Documents/Visual Studio/GIBLE/vendor/laravel/framework/src/Illuminate/Console/View/Components/Task.php(40): Illuminate/Database/Migrations/Migrator->Illuminate/Database/Migrations/{closure}()
#14 C:/Users/agull/OneDrive/Documents/Visual Studio/GIBLE/vendor/laravel/framework/src/Illuminate/Database/Migrations/Migrator.php(798): Illuminate/Console/View/Components/Task->render('2026_05_03_1000...', Object(Closure))
#15 C:/Users/agull/OneDrive/Documents/Visual Studio/GIBLE/vendor/laravel/framework/src/Illuminate/Database/Migrations/Migrator.php(244): Illuminate/Database/Migrations/Migrator->write('Illuminate//Cons...', '2026_05_03_1000...', Object(Closure))
#16 C:/Users/agull/OneDrive/Documents/Visual Studio/GIBLE/vendor/laravel/framework/src/Illuminate/Database/Migrations/Migrator.php(211): Illuminate/Database/Migrations/Migrator->runUp('C://Users//agull//...', 4, false)
#17 C:/Users/agull/OneDrive/Documents/Visual Studio/GIBLE/vendor/laravel/framework/src/Illuminate/Database/Migrations/Migrator.php(138): Illuminate/Database/Migrations/Migrator->runPending(Array, Array)
#18 C:/Users/agull/OneDrive/Documents/Visual Studio/GIBLE/vendor/laravel/framework/src/Illuminate/Database/Console/Migrations/MigrateCommand.php(117): Illuminate/Database/Migrations/Migrator->run(Array, Array)
#19 C:/Users/agull/OneDrive/Documents/Visual Studio/GIBLE/vendor/laravel/framework/src/Illuminate/Database/Migrations/Migrator.php(658): Illuminate/Database/Console/Migrations/MigrateCommand->Illuminate/Database/Console/Migrations/{closure}()
#20 C:/Users/agull/OneDrive/Documents/Visual Studio/GIBLE/vendor/laravel/framework/src/Illuminate/Database/Console/Migrations/MigrateCommand.php(110): Illuminate/Database/Migrations/Migrator->usingConnection(NULL, Object(Closure))
#21 C:/Users/agull/OneDrive/Documents/Visual Studio/GIBLE/vendor/laravel/framework/src/Illuminate/Database/Console/Migrations/MigrateCommand.php(89): Illuminate/Database/Console/Migrations/MigrateCommand->runMigrations()
#22 C:/Users/agull/OneDrive/Documents/Visual Studio/GIBLE/vendor/laravel/framework/src/Illuminate/Container/BoundMethod.php(36): Illuminate/Database/Console/Migrations/MigrateCommand->handle()
#23 C:/Users/agull/OneDrive/Documents/Visual Studio/GIBLE/vendor/laravel/framework/src/Illuminate/Container/Util.php(43): Illuminate/Container/BoundMethod::Illuminate/Container/{closure}()
#24 C:/Users/agull/OneDrive/Documents/Visual Studio/GIBLE/vendor/laravel/framework/src/Illuminate/Container/BoundMethod.php(95): Illuminate/Container/Util::unwrapIfClosure(Object(Closure))
#25 C:/Users/agull/OneDrive/Documents/Visual Studio/GIBLE/vendor/laravel/framework/src/Illuminate/Container/BoundMethod.php(35): Illuminate/Container/BoundMethod::callBoundMethod(Object(Illuminate/Foundation/Application), Array, Object(Closure))
#26 C:/Users/agull/OneDrive/Documents/Visual Studio/GIBLE/vendor/laravel/framework/src/Illuminate/Container/Container.php(696): Illuminate/Container/BoundMethod::call(Object(Illuminate/Foundation/Application), Array, Array, NULL)
#27 C:/Users/agull/OneDrive/Documents/Visual Studio/GIBLE/vendor/laravel/framework/src/Illuminate/Console/Command.php(213): Illuminate/Container/Container->call(Array)
#28 C:/Users/agull/OneDrive/Documents/Visual Studio/GIBLE/vendor/symfony/console/Command/Command.php(341): Illuminate/Console/Command->execute(Object(Symfony/Component/Console/Input/ArgvInput), Object(Illuminate/Console/OutputStyle))
#29 C:/Users/agull/OneDrive/Documents/Visual Studio/GIBLE/vendor/laravel/framework/src/Illuminate/Console/Command.php(182): Symfony/Component/Console/Command/Command->run(Object(Symfony/Component/Console/Input/ArgvInput), Object(Illuminate/Console/OutputStyle))
#30 C:/Users/agull/OneDrive/Documents/Visual Studio/GIBLE/vendor/symfony/console/Application.php(1117): Illuminate/Console/Command->run(Object(Symfony/Component/Console/Input/ArgvInput), Object(Symfony/Component/Console/Output/ConsoleOutput))
#31 C:/Users/agull/OneDrive/Documents/Visual Studio/GIBLE/vendor/symfony/console/Application.php(356): Symfony/Component/Console/Application->doRunCommand(Object(Illuminate/Database/Console/Migrations/MigrateCommand), Object(Symfony/Component/Console/Input/ArgvInput), Object(Symfony/Component/Console/Output/ConsoleOutput))
#32 C:/Users/agull/OneDrive/Documents/Visual Studio/GIBLE/vendor/symfony/console/Application.php(195): Symfony/Component/Console/Application->doRun(Object(Symfony/Component/Console/Input/ArgvInput), Object(Symfony/Component/Console/Output/ConsoleOutput))
#33 C:/Users/agull/OneDrive/Documents/Visual Studio/GIBLE/vendor/laravel/framework/src/Illuminate/Foundation/Console/Kernel.php(198): Symfony/Component/Console/Application->run(Object(Symfony/Component/Console/Input/ArgvInput), Object(Symfony/Component/Console/Output/ConsoleOutput))
#34 C:/Users/agull/OneDrive/Documents/Visual Studio/GIBLE/vendor/laravel/framework/src/Illuminate/Foundation/Application.php(1235): Illuminate/Foundation/Console/Kernel->handle(Object(Symfony/Component/Console/Input/ArgvInput), Object(Symfony/Component/Console/Output/ConsoleOutput))
#35 C:/Users/agull/OneDrive/Documents/Visual Studio/GIBLE/artisan(16): Illuminate/Foundation/Application->handleCommand(Object(Symfony/Component/Console/Input/ArgvInput))
#36 {main}
"} 
[2026-05-05 11:23:50] local.ERROR: SQLSTATE[42S21]: Column already exists: 1060 Duplicate column name 'notified_day_before_at' (Connection: mysql, SQL: alter table `study_reminders` add `notified_day_before_at` datetime null after `notified_at`) {"exception":"[object] (Illuminate\\Database\\QueryException(code: 42S21): SQLSTATE[42S21]: Column already exists: 1060 Duplicate column name 'notified_day_before_at' (Connection: mysql, SQL: alter table `study_reminders` add `notified_day_before_at` datetime null after `notified_at`) at C:/Users/agull/OneDrive/Documents/Visual Studio/GIBLE/vendor/laravel/framework/src/Illuminate/Database/Connection.php:825)
[stacktrace]
#0 C:/Users/agull/OneDrive/Documents/Visual Studio/GIBLE/vendor/laravel/framework/src/Illuminate/Database/Connection.php(779): Illuminate/Database/Connection->runQueryCallback('alter table `st...', Array, Object(Closure))
#1 C:/Users/agull/OneDrive/Documents/Visual Studio/GIBLE/vendor/laravel/framework/src/Illuminate/Database/Connection.php(560): Illuminate/Database/Connection->run('alter table `st...', Array, Object(Closure))
#2 C:/Users/agull/OneDrive/Documents/Visual Studio/GIBLE/vendor/laravel/framework/src/Illuminate/Database/Schema/Blueprint.php(118): Illuminate/Database/Connection->statement('alter table `st...')
#3 C:/Users/agull/OneDrive/Documents/Visual Studio/GIBLE/vendor/laravel/framework/src/Illuminate/Database/Schema/Builder.php(564): Illuminate/Database/Schema/Blueprint->build(Object(Illuminate/Database/MySqlConnection), Object(Illuminate/Database/Schema/Grammars/MySqlGrammar))
#4 C:/Users/agull/OneDrive/Documents/Visual Studio/GIBLE/vendor/laravel/framework/src/Illuminate/Database/Schema/Builder.php(406): Illuminate/Database/Schema/Builder->build(Object(Illuminate/Database/Schema/Blueprint))
#5 C:/Users/agull/OneDrive/Documents/Visual Studio/GIBLE/vendor/laravel/framework/src/Illuminate/Support/Facades/Facade.php(361): Illuminate/Database/Schema/Builder->table('study_reminders', Object(Closure))
#6 C:/Users/agull/OneDrive/Documents/Visual Studio/GIBLE/database/migrations/2026_05_04_000100_add_study_reminder_stage_timestamps.php(11): Illuminate/Support/Facades/Facade::__callStatic('table', Array)
#7 C:/Users/agull/OneDrive/Documents/Visual Studio/GIBLE/vendor/laravel/framework/src/Illuminate/Database/Migrations/Migrator.php(507): Illuminate/Database/Migrations/Migration@anonymous->up()
#8 C:/Users/agull/OneDrive/Documents/Visual Studio/GIBLE/vendor/laravel/framework/src/Illuminate/Database/Migrations/Migrator.php(432): Illuminate/Database/Migrations/Migrator->runMethod(Object(Illuminate/Database/MySqlConnection), Object(Illuminate/Database/Migrations/Migration@anonymous), 'up')
#9 C:/Users/agull/OneDrive/Documents/Visual Studio/GIBLE/vendor/laravel/framework/src/Illuminate/Database/Migrations/Migrator.php(441): Illuminate/Database/Migrations/Migrator->Illuminate/Database/Migrations/{closure}()
#10 C:/Users/agull/OneDrive/Documents/Visual Studio/GIBLE/vendor/laravel/framework/src/Illuminate/Database/Migrations/Migrator.php(244): Illuminate/Database/Migrations/Migrator->runMigration(Object(Illuminate/Database/Migrations/Migration@anonymous), 'up')
#11 C:/Users/agull/OneDrive/Documents/Visual Studio/GIBLE/vendor/laravel/framework/src/Illuminate/Console/View/Components/Task.php(40): Illuminate/Database/Migrations/Migrator->Illuminate/Database/Migrations/{closure}()
#12 C:/Users/agull/OneDrive/Documents/Visual Studio/GIBLE/vendor/laravel/framework/src/Illuminate/Database/Migrations/Migrator.php(798): Illuminate/Console/View/Components/Task->render('2026_05_04_0001...', Object(Closure))
#13 C:/Users/agull/OneDrive/Documents/Visual Studio/GIBLE/vendor/laravel/framework/src/Illuminate/Database/Migrations/Migrator.php(244): Illuminate/Database/Migrations/Migrator->write('Illuminate//Cons...', '2026_05_04_0001...', Object(Closure))
#14 C:/Users/agull/OneDrive/Documents/Visual Studio/GIBLE/vendor/laravel/framework/src/Illuminate/Database/Migrations/Migrator.php(211): Illuminate/Database/Migrations/Migrator->runUp('C://Users//agull//...', 4, false)
#15 C:/Users/agull/OneDrive/Documents/Visual Studio/GIBLE/vendor/laravel/framework/src/Illuminate/Database/Migrations/Migrator.php(138): Illuminate/Database/Migrations/Migrator->runPending(Array, Array)
#16 C:/Users/agull/OneDrive/Documents/Visual Studio/GIBLE/vendor/laravel/framework/src/Illuminate/Database/Console/Migrations/MigrateCommand.php(117): Illuminate/Database/Migrations/Migrator->run(Array, Array)
#17 C:/Users/agull/OneDrive/Documents/Visual Studio/GIBLE/vendor/laravel/framework/src/Illuminate/Database/Migrations/Migrator.php(658): Illuminate/Database/Console/Migrations/MigrateCommand->Illuminate/Database/Console/Migrations/{closure}()
#18 C:/Users/agull/OneDrive/Documents/Visual Studio/GIBLE/vendor/laravel/framework/src/Illuminate/Database/Console/Migrations/MigrateCommand.php(110): Illuminate/Database/Migrations/Migrator->usingConnection(NULL, Object(Closure))
#19 C:/Users/agull/OneDrive/Documents/Visual Studio/GIBLE/vendor/laravel/framework/src/Illuminate/Database/Console/Migrations/MigrateCommand.php(89): Illuminate/Database/Console/Migrations/MigrateCommand->runMigrations()
#20 C:/Users/agull/OneDrive/Documents/Visual Studio/GIBLE/vendor/laravel/framework/src/Illuminate/Container/BoundMethod.php(36): Illuminate/Database/Console/Migrations/MigrateCommand->handle()
#21 C:/Users/agull/OneDrive/Documents/Visual Studio/GIBLE/vendor/laravel/framework/src/Illuminate/Container/Util.php(43): Illuminate/Container/BoundMethod::Illuminate/Container/{closure}()
#22 C:/Users/agull/OneDrive/Documents/Visual Studio/GIBLE/vendor/laravel/framework/src/Illuminate/Container/BoundMethod.php(95): Illuminate/Container/Util::unwrapIfClosure(Object(Closure))
#23 C:/Users/agull/OneDrive/Documents/Visual Studio/GIBLE/vendor/laravel/framework/src/Illuminate/Container/BoundMethod.php(35): Illuminate/Container/BoundMethod::callBoundMethod(Object(Illuminate/Foundation/Application), Array, Object(Closure))
#24 C:/Users/agull/OneDrive/Documents/Visual Studio/GIBLE/vendor/laravel/framework/src/Illuminate/Container/Container.php(696): Illuminate/Container/BoundMethod::call(Object(Illuminate/Foundation/Application), Array, Array, NULL)
#25 C:/Users/agull/OneDrive/Documents/Visual Studio/GIBLE/vendor/laravel/framework/src/Illuminate/Console/Command.php(213): Illuminate/Container/Container->call(Array)
#26 C:/Users/agull/OneDrive/Documents/Visual Studio/GIBLE/vendor/symfony/console/Command/Command.php(341): Illuminate/Console/Command->execute(Object(Symfony/Component/Console/Input/ArgvInput), Object(Illuminate/Console/OutputStyle))
#27 C:/Users/agull/OneDrive/Documents/Visual Studio/GIBLE/vendor/laravel/framework/src/Illuminate/Console/Command.php(182): Symfony/Component/Console/Command/Command->run(Object(Symfony/Component/Console/Input/ArgvInput), Object(Illuminate/Console/OutputStyle))
#28 C:/Users/agull/OneDrive/Documents/Visual Studio/GIBLE/vendor/symfony/console/Application.php(1117): Illuminate/Console/Command->run(Object(Symfony/Component/Console/Input/ArgvInput), Object(Symfony/Component/Console/Output/ConsoleOutput))
#29 C:/Users/agull/OneDrive/Documents/Visual Studio/GIBLE/vendor/symfony/console/Application.php(356): Symfony/Component/Console/Application->doRunCommand(Object(Illuminate/Database/Console/Migrations/MigrateCommand), Object(Symfony/Component/Console/Input/ArgvInput), Object(Symfony/Component/Console/Output/ConsoleOutput))
#30 C:/Users/agull/OneDrive/Documents/Visual Studio/GIBLE/vendor/symfony/console/Application.php(195): Symfony/Component/Console/Application->doRun(Object(Symfony/Component/Console/Input/ArgvInput), Object(Symfony/Component/Console/Output/ConsoleOutput))
#31 C:/Users/agull/OneDrive/Documents/Visual Studio/GIBLE/vendor/laravel/framework/src/Illuminate/Foundation/Console/Kernel.php(198): Symfony/Component/Console/Application->run(Object(Symfony/Component/Console/Input/ArgvInput), Object(Symfony/Component/Console/Output/ConsoleOutput))
#32 C:/Users/agull/OneDrive/Documents/Visual Studio/GIBLE/vendor/laravel/framework/src/Illuminate/Foundation/Application.php(1235): Illuminate/Foundation/Console/Kernel->handle(Object(Symfony/Component/Console/Input/ArgvInput), Object(Symfony/Component/Console/Output/ConsoleOutput))
#33 C:/Users/agull/OneDrive/Documents/Visual Studio/GIBLE/artisan(16): Illuminate/Foundation/Application->handleCommand(Object(Symfony/Component/Console/Input/ArgvInput))
#34 {main}

[previous exception] [object] (PDOException(code: 42S21): SQLSTATE[42S21]: Column already exists: 1060 Duplicate column name 'notified_day_before_at' at C:/Users/agull/OneDrive/Documents/Visual Studio/GIBLE/vendor/laravel/framework/src/Illuminate/Database/Connection.php:571)
[stacktrace]
#0 C:/Users/agull/OneDrive/Documents/Visual Studio/GIBLE/vendor/laravel/framework/src/Illuminate/Database/Connection.php(571): PDOStatement->execute()
#1 C:/Users/agull/OneDrive/Documents/Visual Studio/GIBLE/vendor/laravel/framework/src/Illuminate/Database/Connection.php(812): Illuminate/Database/Connection->Illuminate/Database/{closure}('alter table `st...', Array)
#2 C:/Users/agull/OneDrive/Documents/Visual Studio/GIBLE/vendor/laravel/framework/src/Illuminate/Database/Connection.php(779): Illuminate/Database/Connection->runQueryCallback('alter table `st...', Array, Object(Closure))
#3 C:/Users/agull/OneDrive/Documents/Visual Studio/GIBLE/vendor/laravel/framework/src/Illuminate/Database/Connection.php(560): Illuminate/Database/Connection->run('alter table `st...', Array, Object(Closure))
#4 C:/Users/agull/OneDrive/Documents/Visual Studio/GIBLE/vendor/laravel/framework/src/Illuminate/Database/Schema/Blueprint.php(118): Illuminate/Database/Connection->statement('alter table `st...')
#5 C:/Users/agull/OneDrive/Documents/Visual Studio/GIBLE/vendor/laravel/framework/src/Illuminate/Database/Schema/Builder.php(564): Illuminate/Database/Schema/Blueprint->build(Object(Illuminate/Database/MySqlConnection), Object(Illuminate/Database/Schema/Grammars/MySqlGrammar))
#6 C:/Users/agull/OneDrive/Documents/Visual Studio/GIBLE/vendor/laravel/framework/src/Illuminate/Database/Schema/Builder.php(406): Illuminate/Database/Schema/Builder->build(Object(Illuminate/Database/Schema/Blueprint))
#7 C:/Users/agull/OneDrive/Documents/Visual Studio/GIBLE/vendor/laravel/framework/src/Illuminate/Support/Facades/Facade.php(361): Illuminate/Database/Schema/Builder->table('study_reminders', Object(Closure))
#8 C:/Users/agull/OneDrive/Documents/Visual Studio/GIBLE/database/migrations/2026_05_04_000100_add_study_reminder_stage_timestamps.php(11): Illuminate/Support/Facades/Facade::__callStatic('table', Array)
#9 C:/Users/agull/OneDrive/Documents/Visual Studio/GIBLE/vendor/laravel/framework/src/Illuminate/Database/Migrations/Migrator.php(507): Illuminate/Database/Migrations/Migration@anonymous->up()
#10 C:/Users/agull/OneDrive/Documents/Visual Studio/GIBLE/vendor/laravel/framework/src/Illuminate/Database/Migrations/Migrator.php(432): Illuminate/Database/Migrations/Migrator->runMethod(Object(Illuminate/Database/MySqlConnection), Object(Illuminate/Database/Migrations/Migration@anonymous), 'up')
#11 C:/Users/agull/OneDrive/Documents/Visual Studio/GIBLE/vendor/laravel/framework/src/Illuminate/Database/Migrations/Migrator.php(441): Illuminate/Database/Migrations/Migrator->Illuminate/Database/Migrations/{closure}()
#12 C:/Users/agull/OneDrive/Documents/Visual Studio/GIBLE/vendor/laravel/framework/src/Illuminate/Database/Migrations/Migrator.php(244): Illuminate/Database/Migrations/Migrator->runMigration(Object(Illuminate/Database/Migrations/Migration@anonymous), 'up')
#13 C:/Users/agull/OneDrive/Documents/Visual Studio/GIBLE/vendor/laravel/framework/src/Illuminate/Console/View/Components/Task.php(40): Illuminate/Database/Migrations/Migrator->Illuminate/Database/Migrations/{closure}()
#14 C:/Users/agull/OneDrive/Documents/Visual Studio/GIBLE/vendor/laravel/framework/src/Illuminate/Database/Migrations/Migrator.php(798): Illuminate/Console/View/Components/Task->render('2026_05_04_0001...', Object(Closure))
#15 C:/Users/agull/OneDrive/Documents/Visual Studio/GIBLE/vendor/laravel/framework/src/Illuminate/Database/Migrations/Migrator.php(244): Illuminate/Database/Migrations/Migrator->write('Illuminate//Cons...', '2026_05_04_0001...', Object(Closure))
#16 C:/Users/agull/OneDrive/Documents/Visual Studio/GIBLE/vendor/laravel/framework/src/Illuminate/Database/Migrations/Migrator.php(211): Illuminate/Database/Migrations/Migrator->runUp('C://Users//agull//...', 4, false)
#17 C:/Users/agull/OneDrive/Documents/Visual Studio/GIBLE/vendor/laravel/framework/src/Illuminate/Database/Migrations/Migrator.php(138): Illuminate/Database/Migrations/Migrator->runPending(Array, Array)
#18 C:/Users/agull/OneDrive/Documents/Visual Studio/GIBLE/vendor/laravel/framework/src/Illuminate/Database/Console/Migrations/MigrateCommand.php(117): Illuminate/Database/Migrations/Migrator->run(Array, Array)
#19 C:/Users/agull/OneDrive/Documents/Visual Studio/GIBLE/vendor/laravel/framework/src/Illuminate/Database/Migrations/Migrator.php(658): Illuminate/Database/Console/Migrations/MigrateCommand->Illuminate/Database/Console/Migrations/{closure}()
#20 C:/Users/agull/OneDrive/Documents/Visual Studio/GIBLE/vendor/laravel/framework/src/Illuminate/Database/Console/Migrations/MigrateCommand.php(110): Illuminate/Database/Migrations/Migrator->usingConnection(NULL, Object(Closure))
#21 C:/Users/agull/OneDrive/Documents/Visual Studio/GIBLE/vendor/laravel/framework/src/Illuminate/Database/Console/Migrations/MigrateCommand.php(89): Illuminate/Database/Console/Migrations/MigrateCommand->runMigrations()
#22 C:/Users/agull/OneDrive/Documents/Visual Studio/GIBLE/vendor/laravel/framework/src/Illuminate/Container/BoundMethod.php(36): Illuminate/Database/Console/Migrations/MigrateCommand->handle()
#23 C:/Users/agull/OneDrive/Documents/Visual Studio/GIBLE/vendor/laravel/framework/src/Illuminate/Container/Util.php(43): Illuminate/Container/BoundMethod::Illuminate/Container/{closure}()
#24 C:/Users/agull/OneDrive/Documents/Visual Studio/GIBLE/vendor/laravel/framework/src/Illuminate/Container/BoundMethod.php(95): Illuminate/Container/Util::unwrapIfClosure(Object(Closure))
#25 C:/Users/agull/OneDrive/Documents/Visual Studio/GIBLE/vendor/laravel/framework/src/Illuminate/Container/BoundMethod.php(35): Illuminate/Container/BoundMethod::callBoundMethod(Object(Illuminate/Foundation/Application), Array, Object(Closure))
#26 C:/Users/agull/OneDrive/Documents/Visual Studio/GIBLE/vendor/laravel/framework/src/Illuminate/Container/Container.php(696): Illuminate/Container/BoundMethod::call(Object(Illuminate/Foundation/Application), Array, Array, NULL)
#27 C:/Users/agull/OneDrive/Documents/Visual Studio/GIBLE/vendor/laravel/framework/src/Illuminate/Console/Command.php(213): Illuminate/Container/Container->call(Array)
#28 C:/Users/agull/OneDrive/Documents/Visual Studio/GIBLE/vendor/symfony/console/Command/Command.php(341): Illuminate/Console/Command->execute(Object(Symfony/Component/Console/Input/ArgvInput), Object(Illuminate/Console/OutputStyle))
#29 C:/Users/agull/OneDrive/Documents/Visual Studio/GIBLE/vendor/laravel/framework/src/Illuminate/Console/Command.php(182): Symfony/Component/Console/Command/Command->run(Object(Symfony/Component/Console/Input/ArgvInput), Object(Illuminate/Console/OutputStyle))
#30 C:/Users/agull/OneDrive/Documents/Visual Studio/GIBLE/vendor/symfony/console/Application.php(1117): Illuminate/Console/Command->run(Object(Symfony/Component/Console/Input/ArgvInput), Object(Symfony/Component/Console/Output/ConsoleOutput))
#31 C:/Users/agull/OneDrive/Documents/Visual Studio/GIBLE/vendor/symfony/console/Application.php(356): Symfony/Component/Console/Application->doRunCommand(Object(Illuminate/Database/Console/Migrations/MigrateCommand), Object(Symfony/Component/Console/Input/ArgvInput), Object(Symfony/Component/Console/Output/ConsoleOutput))
#32 C:/Users/agull/OneDrive/Documents/Visual Studio/GIBLE/vendor/symfony/console/Application.php(195): Symfony/Component/Console/Application->doRun(Object(Symfony/Component/Console/Input/ArgvInput), Object(Symfony/Component/Console/Output/ConsoleOutput))
#33 C:/Users/agull/OneDrive/Documents/Visual Studio/GIBLE/vendor/laravel/framework/src/Illuminate/Foundation/Console/Kernel.php(198): Symfony/Component/Console/Application->run(Object(Symfony/Component/Console/Input/ArgvInput), Object(Symfony/Component/Console/Output/ConsoleOutput))
#34 C:/Users/agull/OneDrive/Documents/Visual Studio/GIBLE/vendor/laravel/framework/src/Illuminate/Foundation/Application.php(1235): Illuminate/Foundation/Console/Kernel->handle(Object(Symfony/Component/Console/Input/ArgvInput), Object(Symfony/Component/Console/Output/ConsoleOutput))
#35 C:/Users/agull/OneDrive/Documents/Visual Studio/GIBLE/artisan(16): Illuminate/Foundation/Application->handleCommand(Object(Symfony/Component/Console/Input/ArgvInput))
#36 {main}
"} 
[2026-05-05 11:23:51] local.ERROR: SQLSTATE[42000]: Syntax error or access violation: 1059 Identifier name 'study_reminder_in_app_notifications_study_reminder_id_stage_index' is too long (Connection: mysql, SQL: alter table `study_reminder_in_app_notifications` add index `study_reminder_in_app_notifications_study_reminder_id_stage_index`(`study_reminder_id`, `stage`)) {"exception":"[object] (Illuminate\\Database\\QueryException(code: 42000): SQLSTATE[42000]: Syntax error or access violation: 1059 Identifier name 'study_reminder_in_app_notifications_study_reminder_id_stage_index' is too long (Connection: mysql, SQL: alter table `study_reminder_in_app_notifications` add index `study_reminder_in_app_notifications_study_reminder_id_stage_index`(`study_reminder_id`, `stage`)) at C:/Users/agull/OneDrive/Documents/Visual Studio/GIBLE/vendor/laravel/framework/src/Illuminate/Database/Connection.php:825)
[stacktrace]
#0 C:/Users/agull/OneDrive/Documents/Visual Studio/GIBLE/vendor/laravel/framework/src/Illuminate/Database/Connection.php(779): Illuminate/Database/Connection->runQueryCallback('alter table `st...', Array, Object(Closure))
#1 C:/Users/agull/OneDrive/Documents/Visual Studio/GIBLE/vendor/laravel/framework/src/Illuminate/Database/Connection.php(560): Illuminate/Database/Connection->run('alter table `st...', Array, Object(Closure))
#2 C:/Users/agull/OneDrive/Documents/Visual Studio/GIBLE/vendor/laravel/framework/src/Illuminate/Database/Schema/Blueprint.php(118): Illuminate/Database/Connection->statement('alter table `st...')
#3 C:/Users/agull/OneDrive/Documents/Visual Studio/GIBLE/vendor/laravel/framework/src/Illuminate/Database/Schema/Builder.php(564): Illuminate/Database/Schema/Blueprint->build(Object(Illuminate/Database/MySqlConnection), Object(Illuminate/Database/Schema/Grammars/MySqlGrammar))
#4 C:/Users/agull/OneDrive/Documents/Visual Studio/GIBLE/vendor/laravel/framework/src/Illuminate/Database/Schema/Builder.php(418): Illuminate/Database/Schema/Builder->build(Object(Illuminate/Database/Schema/Blueprint))
#5 C:/Users/agull/OneDrive/Documents/Visual Studio/GIBLE/vendor/laravel/framework/src/Illuminate/Support/Facades/Facade.php(361): Illuminate/Database/Schema/Builder->create('study_reminder_...', Object(Closure))
#6 C:/Users/agull/OneDrive/Documents/Visual Studio/GIBLE/database/migrations/2026_05_04_000200_create_study_reminder_in_app_notifications_table.php(11): Illuminate/Support/Facades/Facade::__callStatic('create', Array)
#7 C:/Users/agull/OneDrive/Documents/Visual Studio/GIBLE/vendor/laravel/framework/src/Illuminate/Database/Migrations/Migrator.php(507): Illuminate/Database/Migrations/Migration@anonymous->up()
#8 C:/Users/agull/OneDrive/Documents/Visual Studio/GIBLE/vendor/laravel/framework/src/Illuminate/Database/Migrations/Migrator.php(432): Illuminate/Database/Migrations/Migrator->runMethod(Object(Illuminate/Database/MySqlConnection), Object(Illuminate/Database/Migrations/Migration@anonymous), 'up')
#9 C:/Users/agull/OneDrive/Documents/Visual Studio/GIBLE/vendor/laravel/framework/src/Illuminate/Database/Migrations/Migrator.php(441): Illuminate/Database/Migrations/Migrator->Illuminate/Database/Migrations/{closure}()
#10 C:/Users/agull/OneDrive/Documents/Visual Studio/GIBLE/vendor/laravel/framework/src/Illuminate/Database/Migrations/Migrator.php(244): Illuminate/Database/Migrations/Migrator->runMigration(Object(Illuminate/Database/Migrations/Migration@anonymous), 'up')
#11 C:/Users/agull/OneDrive/Documents/Visual Studio/GIBLE/vendor/laravel/framework/src/Illuminate/Console/View/Components/Task.php(40): Illuminate/Database/Migrations/Migrator->Illuminate/Database/Migrations/{closure}()
#12 C:/Users/agull/OneDrive/Documents/Visual Studio/GIBLE/vendor/laravel/framework/src/Illuminate/Database/Migrations/Migrator.php(798): Illuminate/Console/View/Components/Task->render('2026_05_04_0002...', Object(Closure))
#13 C:/Users/agull/OneDrive/Documents/Visual Studio/GIBLE/vendor/laravel/framework/src/Illuminate/Database/Migrations/Migrator.php(244): Illuminate/Database/Migrations/Migrator->write('Illuminate//Cons...', '2026_05_04_0002...', Object(Closure))
#14 C:/Users/agull/OneDrive/Documents/Visual Studio/GIBLE/vendor/laravel/framework/src/Illuminate/Database/Migrations/Migrator.php(211): Illuminate/Database/Migrations/Migrator->runUp('C://Users//agull//...', 4, false)
#15 C:/Users/agull/OneDrive/Documents/Visual Studio/GIBLE/vendor/laravel/framework/src/Illuminate/Database/Migrations/Migrator.php(138): Illuminate/Database/Migrations/Migrator->runPending(Array, Array)
#16 C:/Users/agull/OneDrive/Documents/Visual Studio/GIBLE/vendor/laravel/framework/src/Illuminate/Database/Console/Migrations/MigrateCommand.php(117): Illuminate/Database/Migrations/Migrator->run(Array, Array)
#17 C:/Users/agull/OneDrive/Documents/Visual Studio/GIBLE/vendor/laravel/framework/src/Illuminate/Database/Migrations/Migrator.php(658): Illuminate/Database/Console/Migrations/MigrateCommand->Illuminate/Database/Console/Migrations/{closure}()
#18 C:/Users/agull/OneDrive/Documents/Visual Studio/GIBLE/vendor/laravel/framework/src/Illuminate/Database/Console/Migrations/MigrateCommand.php(110): Illuminate/Database/Migrations/Migrator->usingConnection(NULL, Object(Closure))
#19 C:/Users/agull/OneDrive/Documents/Visual Studio/GIBLE/vendor/laravel/framework/src/Illuminate/Database/Console/Migrations/MigrateCommand.php(89): Illuminate/Database/Console/Migrations/MigrateCommand->runMigrations()
#20 C:/Users/agull/OneDrive/Documents/Visual Studio/GIBLE/vendor/laravel/framework/src/Illuminate/Container/BoundMethod.php(36): Illuminate/Database/Console/Migrations/MigrateCommand->handle()
#21 C:/Users/agull/OneDrive/Documents/Visual Studio/GIBLE/vendor/laravel/framework/src/Illuminate/Container/Util.php(43): Illuminate/Container/BoundMethod::Illuminate/Container/{closure}()
#22 C:/Users/agull/OneDrive/Documents/Visual Studio/GIBLE/vendor/laravel/framework/src/Illuminate/Container/BoundMethod.php(95): Illuminate/Container/Util::unwrapIfClosure(Object(Closure))
#23 C:/Users/agull/OneDrive/Documents/Visual Studio/GIBLE/vendor/laravel/framework/src/Illuminate/Container/BoundMethod.php(35): Illuminate/Container/BoundMethod::callBoundMethod(Object(Illuminate/Foundation/Application), Array, Object(Closure))
#24 C:/Users/agull/OneDrive/Documents/Visual Studio/GIBLE/vendor/laravel/framework/src/Illuminate/Container/Container.php(696): Illuminate/Container/BoundMethod::call(Object(Illuminate/Foundation/Application), Array, Array, NULL)
#25 C:/Users/agull/OneDrive/Documents/Visual Studio/GIBLE/vendor/laravel/framework/src/Illuminate/Console/Command.php(213): Illuminate/Container/Container->call(Array)
#26 C:/Users/agull/OneDrive/Documents/Visual Studio/GIBLE/vendor/symfony/console/Command/Command.php(341): Illuminate/Console/Command->execute(Object(Symfony/Component/Console/Input/ArgvInput), Object(Illuminate/Console/OutputStyle))
#27 C:/Users/agull/OneDrive/Documents/Visual Studio/GIBLE/vendor/laravel/framework/src/Illuminate/Console/Command.php(182): Symfony/Component/Console/Command/Command->run(Object(Symfony/Component/Console/Input/ArgvInput), Object(Illuminate/Console/OutputStyle))
#28 C:/Users/agull/OneDrive/Documents/Visual Studio/GIBLE/vendor/symfony/console/Application.php(1117): Illuminate/Console/Command->run(Object(Symfony/Component/Console/Input/ArgvInput), Object(Symfony/Component/Console/Output/ConsoleOutput))
#29 C:/Users/agull/OneDrive/Documents/Visual Studio/GIBLE/vendor/symfony/console/Application.php(356): Symfony/Component/Console/Application->doRunCommand(Object(Illuminate/Database/Console/Migrations/MigrateCommand), Object(Symfony/Component/Console/Input/ArgvInput), Object(Symfony/Component/Console/Output/ConsoleOutput))
#30 C:/Users/agull/OneDrive/Documents/Visual Studio/GIBLE/vendor/symfony/console/Application.php(195): Symfony/Component/Console/Application->doRun(Object(Symfony/Component/Console/Input/ArgvInput), Object(Symfony/Component/Console/Output/ConsoleOutput))
#31 C:/Users/agull/OneDrive/Documents/Visual Studio/GIBLE/vendor/laravel/framework/src/Illuminate/Foundation/Console/Kernel.php(198): Symfony/Component/Console/Application->run(Object(Symfony/Component/Console/Input/ArgvInput), Object(Symfony/Component/Console/Output/ConsoleOutput))
#32 C:/Users/agull/OneDrive/Documents/Visual Studio/GIBLE/vendor/laravel/framework/src/Illuminate/Foundation/Application.php(1235): Illuminate/Foundation/Console/Kernel->handle(Object(Symfony/Component/Console/Input/ArgvInput), Object(Symfony/Component/Console/Output/ConsoleOutput))
#33 C:/Users/agull/OneDrive/Documents/Visual Studio/GIBLE/artisan(16): Illuminate/Foundation/Application->handleCommand(Object(Symfony/Component/Console/Input/ArgvInput))
#34 {main}

[previous exception] [object] (PDOException(code: 42000): SQLSTATE[42000]: Syntax error or access violation: 1059 Identifier name 'study_reminder_in_app_notifications_study_reminder_id_stage_index' is too long at C:/Users/agull/OneDrive/Documents/Visual Studio/GIBLE/vendor/laravel/framework/src/Illuminate/Database/Connection.php:571)
[stacktrace]
#0 C:/Users/agull/OneDrive/Documents/Visual Studio/GIBLE/vendor/laravel/framework/src/Illuminate/Database/Connection.php(571): PDOStatement->execute()
#1 C:/Users/agull/OneDrive/Documents/Visual Studio/GIBLE/vendor/laravel/framework/src/Illuminate/Database/Connection.php(812): Illuminate/Database/Connection->Illuminate/Database/{closure}('alter table `st...', Array)
#2 C:/Users/agull/OneDrive/Documents/Visual Studio/GIBLE/vendor/laravel/framework/src/Illuminate/Database/Connection.php(779): Illuminate/Database/Connection->runQueryCallback('alter table `st...', Array, Object(Closure))
#3 C:/Users/agull/OneDrive/Documents/Visual Studio/GIBLE/vendor/laravel/framework/src/Illuminate/Database/Connection.php(560): Illuminate/Database/Connection->run('alter table `st...', Array, Object(Closure))
#4 C:/Users/agull/OneDrive/Documents/Visual Studio/GIBLE/vendor/laravel/framework/src/Illuminate/Database/Schema/Blueprint.php(118): Illuminate/Database/Connection->statement('alter table `st...')
#5 C:/Users/agull/OneDrive/Documents/Visual Studio/GIBLE/vendor/laravel/framework/src/Illuminate/Database/Schema/Builder.php(564): Illuminate/Database/Schema/Blueprint->build(Object(Illuminate/Database/MySqlConnection), Object(Illuminate/Database/Schema/Grammars/MySqlGrammar))
#6 C:/Users/agull/OneDrive/Documents/Visual Studio/GIBLE/vendor/laravel/framework/src/Illuminate/Database/Schema/Builder.php(418): Illuminate/Database/Schema/Builder->build(Object(Illuminate/Database/Schema/Blueprint))
#7 C:/Users/agull/OneDrive/Documents/Visual Studio/GIBLE/vendor/laravel/framework/src/Illuminate/Support/Facades/Facade.php(361): Illuminate/Database/Schema/Builder->create('study_reminder_...', Object(Closure))
#8 C:/Users/agull/OneDrive/Documents/Visual Studio/GIBLE/database/migrations/2026_05_04_000200_create_study_reminder_in_app_notifications_table.php(11): Illuminate/Support/Facades/Facade::__callStatic('create', Array)
#9 C:/Users/agull/OneDrive/Documents/Visual Studio/GIBLE/vendor/laravel/framework/src/Illuminate/Database/Migrations/Migrator.php(507): Illuminate/Database/Migrations/Migration@anonymous->up()
#10 C:/Users/agull/OneDrive/Documents/Visual Studio/GIBLE/vendor/laravel/framework/src/Illuminate/Database/Migrations/Migrator.php(432): Illuminate/Database/Migrations/Migrator->runMethod(Object(Illuminate/Database/MySqlConnection), Object(Illuminate/Database/Migrations/Migration@anonymous), 'up')
#11 C:/Users/agull/OneDrive/Documents/Visual Studio/GIBLE/vendor/laravel/framework/src/Illuminate/Database/Migrations/Migrator.php(441): Illuminate/Database/Migrations/Migrator->Illuminate/Database/Migrations/{closure}()
#12 C:/Users/agull/OneDrive/Documents/Visual Studio/GIBLE/vendor/laravel/framework/src/Illuminate/Database/Migrations/Migrator.php(244): Illuminate/Database/Migrations/Migrator->runMigration(Object(Illuminate/Database/Migrations/Migration@anonymous), 'up')
#13 C:/Users/agull/OneDrive/Documents/Visual Studio/GIBLE/vendor/laravel/framework/src/Illuminate/Console/View/Components/Task.php(40): Illuminate/Database/Migrations/Migrator->Illuminate/Database/Migrations/{closure}()
#14 C:/Users/agull/OneDrive/Documents/Visual Studio/GIBLE/vendor/laravel/framework/src/Illuminate/Database/Migrations/Migrator.php(798): Illuminate/Console/View/Components/Task->render('2026_05_04_0002...', Object(Closure))
#15 C:/Users/agull/OneDrive/Documents/Visual Studio/GIBLE/vendor/laravel/framework/src/Illuminate/Database/Migrations/Migrator.php(244): Illuminate/Database/Migrations/Migrator->write('Illuminate//Cons...', '2026_05_04_0002...', Object(Closure))
#16 C:/Users/agull/OneDrive/Documents/Visual Studio/GIBLE/vendor/laravel/framework/src/Illuminate/Database/Migrations/Migrator.php(211): Illuminate/Database/Migrations/Migrator->runUp('C://Users//agull//...', 4, false)
#17 C:/Users/agull/OneDrive/Documents/Visual Studio/GIBLE/vendor/laravel/framework/src/Illuminate/Database/Migrations/Migrator.php(138): Illuminate/Database/Migrations/Migrator->runPending(Array, Array)
#18 C:/Users/agull/OneDrive/Documents/Visual Studio/GIBLE/vendor/laravel/framework/src/Illuminate/Database/Console/Migrations/MigrateCommand.php(117): Illuminate/Database/Migrations/Migrator->run(Array, Array)
#19 C:/Users/agull/OneDrive/Documents/Visual Studio/GIBLE/vendor/laravel/framework/src/Illuminate/Database/Migrations/Migrator.php(658): Illuminate/Database/Console/Migrations/MigrateCommand->Illuminate/Database/Console/Migrations/{closure}()
#20 C:/Users/agull/OneDrive/Documents/Visual Studio/GIBLE/vendor/laravel/framework/src/Illuminate/Database/Console/Migrations/MigrateCommand.php(110): Illuminate/Database/Migrations/Migrator->usingConnection(NULL, Object(Closure))
#21 C:/Users/agull/OneDrive/Documents/Visual Studio/GIBLE/vendor/laravel/framework/src/Illuminate/Database/Console/Migrations/MigrateCommand.php(89): Illuminate/Database/Console/Migrations/MigrateCommand->runMigrations()
#22 C:/Users/agull/OneDrive/Documents/Visual Studio/GIBLE/vendor/laravel/framework/src/Illuminate/Container/BoundMethod.php(36): Illuminate/Database/Console/Migrations/MigrateCommand->handle()
#23 C:/Users/agull/OneDrive/Documents/Visual Studio/GIBLE/vendor/laravel/framework/src/Illuminate/Container/Util.php(43): Illuminate/Container/BoundMethod::Illuminate/Container/{closure}()
#24 C:/Users/agull/OneDrive/Documents/Visual Studio/GIBLE/vendor/laravel/framework/src/Illuminate/Container/BoundMethod.php(95): Illuminate/Container/Util::unwrapIfClosure(Object(Closure))
#25 C:/Users/agull/OneDrive/Documents/Visual Studio/GIBLE/vendor/laravel/framework/src/Illuminate/Container/BoundMethod.php(35): Illuminate/Container/BoundMethod::callBoundMethod(Object(Illuminate/Foundation/Application), Array, Object(Closure))
#26 C:/Users/agull/OneDrive/Documents/Visual Studio/GIBLE/vendor/laravel/framework/src/Illuminate/Container/Container.php(696): Illuminate/Container/BoundMethod::call(Object(Illuminate/Foundation/Application), Array, Array, NULL)
#27 C:/Users/agull/OneDrive/Documents/Visual Studio/GIBLE/vendor/laravel/framework/src/Illuminate/Console/Command.php(213): Illuminate/Container/Container->call(Array)
#28 C:/Users/agull/OneDrive/Documents/Visual Studio/GIBLE/vendor/symfony/console/Command/Command.php(341): Illuminate/Console/Command->execute(Object(Symfony/Component/Console/Input/ArgvInput), Object(Illuminate/Console/OutputStyle))
#29 C:/Users/agull/OneDrive/Documents/Visual Studio/GIBLE/vendor/laravel/framework/src/Illuminate/Console/Command.php(182): Symfony/Component/Console/Command/Command->run(Object(Symfony/Component/Console/Input/ArgvInput), Object(Illuminate/Console/OutputStyle))
#30 C:/Users/agull/OneDrive/Documents/Visual Studio/GIBLE/vendor/symfony/console/Application.php(1117): Illuminate/Console/Command->run(Object(Symfony/Component/Console/Input/ArgvInput), Object(Symfony/Component/Console/Output/ConsoleOutput))
#31 C:/Users/agull/OneDrive/Documents/Visual Studio/GIBLE/vendor/symfony/console/Application.php(356): Symfony/Component/Console/Application->doRunCommand(Object(Illuminate/Database/Console/Migrations/MigrateCommand), Object(Symfony/Component/Console/Input/ArgvInput), Object(Symfony/Component/Console/Output/ConsoleOutput))
#32 C:/Users/agull/OneDrive/Documents/Visual Studio/GIBLE/vendor/symfony/console/Application.php(195): Symfony/Component/Console/Application->doRun(Object(Symfony/Component/Console/Input/ArgvInput), Object(Symfony/Component/Console/Output/ConsoleOutput))
#33 C:/Users/agull/OneDrive/Documents/Visual Studio/GIBLE/vendor/laravel/framework/src/Illuminate/Foundation/Console/Kernel.php(198): Symfony/Component/Console/Application->run(Object(Symfony/Component/Console/Input/ArgvInput), Object(Symfony/Component/Console/Output/ConsoleOutput))
#34 C:/Users/agull/OneDrive/Documents/Visual Studio/GIBLE/vendor/laravel/framework/src/Illuminate/Foundation/Application.php(1235): Illuminate/Foundation/Console/Kernel->handle(Object(Symfony/Component/Console/Input/ArgvInput), Object(Symfony/Component/Console/Output/ConsoleOutput))
#35 C:/Users/agull/OneDrive/Documents/Visual Studio/GIBLE/artisan(16): Illuminate/Foundation/Application->handleCommand(Object(Symfony/Component/Console/Input/ArgvInput))
#36 {main}
"} 
[2026-05-05 11:25:46] testing.WARNING: Wikipedia summary unavailable for topic search. {"query_len":3,"internal_reason":"internal-detail-not-for-browser"} 
[2026-05-05 11:25:46] testing.WARNING: Wikipedia summary unavailable for recommendation card. {"query_len":7,"internal_reason":"secret-wiki-reason"} 
[2026-05-05 12:14:36] testing.WARNING: Wikipedia summary unavailable for topic search. {"query_len":3,"internal_reason":"internal-detail-not-for-browser"} 
[2026-05-05 12:14:36] testing.WARNING: Wikipedia summary unavailable for recommendation card. {"query_len":7,"internal_reason":"secret-wiki-reason"} 
[2026-05-05 12:15:15] local.WARNING: Wikipedia summary unavailable for recommendation card. {"query_len":10,"internal_reason":"Wikipedia lookup did not succeed. Try adjusting the wording."} 
[2026-05-05 12:19:01] testing.WARNING: Wikipedia summary unavailable for topic search. {"query_len":3,"internal_reason":"internal-detail-not-for-browser"} 
[2026-05-05 12:19:01] testing.WARNING: Wikipedia summary unavailable for recommendation card. {"query_len":7,"internal_reason":"secret-wiki-reason"} 
[2026-05-05 12:21:27] testing.WARNING: Wikipedia summary unavailable for topic search. {"query_len":3,"internal_reason":"internal-detail-not-for-browser"} 
[2026-05-05 12:21:27] testing.WARNING: Wikipedia summary unavailable for recommendation card. {"query_len":7,"internal_reason":"secret-wiki-reason"} 
[2026-05-05 12:38:13] local.WARNING: Wikipedia summary unavailable for recommendation card. {"query_len":22,"internal_reason":"Wikipedia lookup did not succeed. Try adjusting the wording."} 
[2026-05-05 12:38:17] local.WARNING: Wikipedia summary unavailable for recommendation card. {"query_len":8,"internal_reason":"Wikipedia lookup did not succeed. Try adjusting the wording."} 
[2026-05-05 12:38:20] local.WARNING: Wikipedia summary unavailable for recommendation card. {"query_len":12,"internal_reason":"Wikipedia lookup did not succeed. Try adjusting the wording."} 
[2026-05-05 12:38:46] local.WARNING: Wikipedia summary unavailable for recommendation card. {"query_len":15,"internal_reason":"Wikipedia lookup did not succeed. Try adjusting the wording."} 
[2026-05-05 12:38:49] local.WARNING: Wikipedia summary unavailable for recommendation card. {"query_len":10,"internal_reason":"Wikipedia lookup did not succeed. Try adjusting the wording."} 
[2026-05-05 12:38:50] local.WARNING: Wikipedia summary unavailable for recommendation card. {"query_len":17,"internal_reason":"Wikipedia lookup did not succeed. Try adjusting the wording."} 
[2026-05-05 12:38:51] local.WARNING: Wikipedia summary unavailable for recommendation card. {"query_len":15,"internal_reason":"Wikipedia lookup did not succeed. Try adjusting the wording."} 
[2026-05-05 12:38:53] local.WARNING: Wikipedia summary unavailable for recommendation card. {"query_len":10,"internal_reason":"Wikipedia lookup did not succeed. Try adjusting the wording."} 
[2026-05-05 12:38:56] local.WARNING: Wikipedia summary unavailable for recommendation card. {"query_len":17,"internal_reason":"Wikipedia lookup did not succeed. Try adjusting the wording."} 
[2026-05-05 12:39:21] local.WARNING: Wikipedia summary unavailable for topic search. {"query_len":11,"internal_reason":"Wikipedia lookup did not succeed. Try adjusting the wording."} 
[2026-05-05 12:40:58] local.WARNING: YouTube Data API search failed. {"http_status":403,"hint":"youtube_quota"} 
[2026-05-05 12:40:58] local.WARNING: Wikipedia summary unavailable for recommendation card. {"query_len":15,"internal_reason":"Wikipedia lookup did not succeed. Try adjusting the wording."} 
[2026-05-05 12:41:00] local.WARNING: YouTube Data API search failed. {"http_status":403,"hint":"youtube_quota"} 
[2026-05-05 12:41:00] local.WARNING: Wikipedia summary unavailable for recommendation card. {"query_len":10,"internal_reason":"Wikipedia lookup did not succeed. Try adjusting the wording."} 
[2026-05-05 12:41:01] local.WARNING: YouTube Data API search failed. {"http_status":403,"hint":"youtube_quota"} 
[2026-05-05 12:41:01] local.WARNING: Wikipedia summary unavailable for recommendation card. {"query_len":17,"internal_reason":"Wikipedia lookup did not succeed. Try adjusting the wording."} 
[2026-05-05 12:41:40] local.WARNING: YouTube Data API search failed. {"http_status":403,"hint":"youtube_quota"} 
[2026-05-05 12:41:40] local.WARNING: Wikipedia summary unavailable for recommendation card. {"query_len":15,"internal_reason":"Wikipedia lookup did not succeed. Try adjusting the wording."} 
[2026-05-05 12:41:41] local.WARNING: YouTube Data API search failed. {"http_status":403,"hint":"youtube_quota"} 
[2026-05-05 12:41:41] local.WARNING: Wikipedia summary unavailable for recommendation card. {"query_len":10,"internal_reason":"Wikipedia lookup did not succeed. Try adjusting the wording."} 
[2026-05-05 12:41:43] local.WARNING: YouTube Data API search failed. {"http_status":403,"hint":"youtube_quota"} 
[2026-05-05 12:41:43] local.WARNING: Wikipedia summary unavailable for recommendation card. {"query_len":17,"internal_reason":"Wikipedia lookup did not succeed. Try adjusting the wording."} 
[2026-05-05 12:42:25] local.WARNING: YouTube Data API search failed. {"http_status":403,"hint":"youtube_quota"} 
[2026-05-05 12:42:25] local.WARNING: Wikipedia summary unavailable for recommendation card. {"query_len":15,"internal_reason":"Wikipedia lookup did not succeed. Try adjusting the wording."} 
[2026-05-05 12:42:28] local.WARNING: YouTube Data API search failed. {"http_status":403,"hint":"youtube_quota"} 
[2026-05-05 12:42:28] local.WARNING: Wikipedia summary unavailable for recommendation card. {"query_len":10,"internal_reason":"Wikipedia lookup did not succeed. Try adjusting the wording."} 
[2026-05-05 12:42:31] local.WARNING: YouTube Data API search failed. {"http_status":403,"hint":"youtube_quota"} 
[2026-05-05 12:42:31] local.WARNING: Wikipedia summary unavailable for recommendation card. {"query_len":17,"internal_reason":"Wikipedia lookup did not succeed. Try adjusting the wording."} 
[2026-05-05 12:42:33] local.WARNING: YouTube Data API search failed. {"http_status":403,"hint":"youtube_quota"} 
[2026-05-05 12:42:33] local.WARNING: Wikipedia summary unavailable for recommendation card. {"query_len":15,"internal_reason":"Wikipedia lookup did not succeed. Try adjusting the wording."} 
[2026-05-05 12:42:35] local.WARNING: YouTube Data API search failed. {"http_status":403,"hint":"youtube_quota"} 
[2026-05-05 12:42:35] local.WARNING: Wikipedia summary unavailable for recommendation card. {"query_len":10,"internal_reason":"Wikipedia lookup did not succeed. Try adjusting the wording."} 
[2026-05-05 12:42:38] local.WARNING: YouTube Data API search failed. {"http_status":403,"hint":"youtube_quota"} 
[2026-05-05 12:42:38] local.WARNING: Wikipedia summary unavailable for recommendation card. {"query_len":17,"internal_reason":"Wikipedia lookup did not succeed. Try adjusting the wording."} 
[2026-05-05 12:42:40] local.WARNING: YouTube Data API search failed. {"http_status":403,"hint":"youtube_quota"} 
[2026-05-05 12:42:40] local.WARNING: Wikipedia summary unavailable for recommendation card. {"query_len":15,"internal_reason":"Wikipedia lookup did not succeed. Try adjusting the wording."} 
[2026-05-05 12:42:42] local.WARNING: YouTube Data API search failed. {"http_status":403,"hint":"youtube_quota"} 
[2026-05-05 12:42:42] local.WARNING: Wikipedia summary unavailable for recommendation card. {"query_len":10,"internal_reason":"Wikipedia lookup did not succeed. Try adjusting the wording."} 
[2026-05-05 12:42:43] local.WARNING: YouTube Data API search failed. {"http_status":403,"hint":"youtube_quota"} 
[2026-05-05 12:42:43] local.WARNING: Wikipedia summary unavailable for recommendation card. {"query_len":17,"internal_reason":"Wikipedia lookup did not succeed. Try adjusting the wording."} 
[2026-05-05 12:43:26] testing.WARNING: Wikipedia summary unavailable for topic search. {"query_len":3,"internal_reason":"internal-detail-not-for-browser"} 
[2026-05-05 12:43:27] testing.WARNING: Wikipedia summary unavailable for recommendation card. {"query_len":7,"internal_reason":"secret-wiki-reason"} 
[2026-05-05 12:44:48] local.WARNING: YouTube Data API search failed. {"http_status":403,"hint":"youtube_quota"} 
[2026-05-05 12:44:48] local.WARNING: Wikipedia summary unavailable for topic search. {"query_len":19,"internal_reason":"Wikipedia lookup did not succeed. Try adjusting the wording."} 
[2026-05-05 12:44:59] local.WARNING: YouTube Data API search failed. {"http_status":403,"hint":"youtube_quota"} 
[2026-05-05 12:44:59] local.WARNING: Wikipedia summary unavailable for topic search. {"query_len":19,"internal_reason":"Wikipedia lookup did not succeed. Try adjusting the wording."} 
[2026-05-05 12:45:12] local.WARNING: YouTube Data API search failed. {"http_status":403,"hint":"youtube_quota"} 
[2026-05-05 12:45:12] local.WARNING: Wikipedia summary unavailable for topic search. {"query_len":19,"internal_reason":"Wikipedia lookup did not succeed. Try adjusting the wording."} 
[2026-05-05 12:45:28] local.WARNING: YouTube Data API search failed. {"http_status":403,"hint":"youtube_quota"} 
[2026-05-05 12:45:28] local.WARNING: Wikipedia summary unavailable for recommendation card. {"query_len":15,"internal_reason":"Wikipedia lookup did not succeed. Try adjusting the wording."} 
[2026-05-05 12:45:29] local.WARNING: YouTube Data API search failed. {"http_status":403,"hint":"youtube_quota"} 
[2026-05-05 12:45:29] local.WARNING: Wikipedia summary unavailable for recommendation card. {"query_len":10,"internal_reason":"Wikipedia lookup did not succeed. Try adjusting the wording."} 
[2026-05-05 12:45:31] local.WARNING: YouTube Data API search failed. {"http_status":403,"hint":"youtube_quota"} 
[2026-05-05 12:45:31] local.WARNING: Wikipedia summary unavailable for recommendation card. {"query_len":17,"internal_reason":"Wikipedia lookup did not succeed. Try adjusting the wording."} 
[2026-05-05 12:45:45] local.WARNING: YouTube Data API search failed. {"http_status":403,"hint":"youtube_quota"} 
[2026-05-05 12:45:45] local.WARNING: Wikipedia summary unavailable for topic search. {"query_len":6,"internal_reason":"Wikipedia lookup did not succeed. Try adjusting the wording."} 
[2026-05-05 12:46:05] local.WARNING: YouTube Data API search failed. {"http_status":403,"hint":"youtube_quota"} 
[2026-05-05 12:46:05] local.WARNING: Wikipedia summary unavailable for topic search. {"query_len":8,"internal_reason":"Wikipedia lookup did not succeed. Try adjusting the wording."} 
[2026-05-05 12:46:18] local.WARNING: YouTube Data API search failed. {"http_status":403,"hint":"youtube_quota"} 
[2026-05-05 12:46:18] local.WARNING: Wikipedia summary unavailable for topic search. {"query_len":8,"internal_reason":"Wikipedia lookup did not succeed. Try adjusting the wording."} 
[2026-05-05 12:46:52] local.WARNING: YouTube Data API search failed. {"http_status":403,"hint":"youtube_quota"} 
[2026-05-05 12:46:52] local.WARNING: Wikipedia summary unavailable for topic search. {"query_len":14,"internal_reason":"Wikipedia lookup did not succeed. Try adjusting the wording."} 
[2026-05-05 12:47:59] local.WARNING: Wikipedia summary unavailable for recommendation card. {"query_len":22,"internal_reason":"Wikipedia lookup did not succeed. Try adjusting the wording."} 
[2026-05-05 12:48:01] local.WARNING: Wikipedia summary unavailable for recommendation card. {"query_len":8,"internal_reason":"Wikipedia lookup did not succeed. Try adjusting the wording."} 
[2026-05-05 12:48:04] local.WARNING: Wikipedia summary unavailable for recommendation card. {"query_len":12,"internal_reason":"Wikipedia lookup did not succeed. Try adjusting the wording."} 
[2026-05-05 12:48:22] local.WARNING: Wikipedia summary unavailable for recommendation card. {"query_len":15,"internal_reason":"Wikipedia lookup did not succeed. Try adjusting the wording."} 
[2026-05-05 12:48:24] local.WARNING: Wikipedia summary unavailable for recommendation card. {"query_len":10,"internal_reason":"Wikipedia lookup did not succeed. Try adjusting the wording."} 
[2026-05-05 12:48:28] local.WARNING: Wikipedia summary unavailable for recommendation card. {"query_len":17,"internal_reason":"Wikipedia lookup did not succeed. Try adjusting the wording."} 
[2026-05-05 12:48:54] local.WARNING: Wikipedia summary unavailable for topic search. {"query_len":6,"internal_reason":"Wikipedia lookup did not succeed. Try adjusting the wording."} 
[2026-05-05 12:49:20] local.WARNING: Wikipedia summary unavailable for topic search. {"query_len":12,"internal_reason":"Wikipedia lookup did not succeed. Try adjusting the wording."} 
[2026-05-05 12:49:39] local.WARNING: Wikipedia summary unavailable for topic search. {"query_len":41,"internal_reason":"Wikipedia lookup did not succeed. Try adjusting the wording."} 
[2026-05-05 12:50:00] local.WARNING: Wikipedia summary unavailable for topic search. {"query_len":7,"internal_reason":"Wikipedia lookup did not succeed. Try adjusting the wording."} 
[2026-05-05 12:50:04] testing.WARNING: Wikipedia summary unavailable for topic search. {"query_len":3,"internal_reason":"internal-detail-not-for-browser"} 
[2026-05-05 12:50:04] testing.WARNING: Wikipedia summary unavailable for recommendation card. {"query_len":7,"internal_reason":"secret-wiki-reason"} 
[2026-05-05 12:50:53] local.WARNING: Wikipedia summary unavailable for topic search. {"query_len":4,"internal_reason":"Wikipedia lookup did not succeed. Try adjusting the wording."} 
[2026-05-05 12:52:21] local.WARNING: Wikipedia summary unavailable for recommendation card. {"query_len":14,"internal_reason":"Wikipedia lookup did not succeed. Try adjusting the wording."} 
[2026-05-05 12:52:23] local.WARNING: Wikipedia summary unavailable for recommendation card. {"query_len":8,"internal_reason":"Wikipedia lookup did not succeed. Try adjusting the wording."} 
[2026-05-05 12:52:25] local.WARNING: Wikipedia summary unavailable for recommendation card. {"query_len":15,"internal_reason":"Wikipedia lookup did not succeed. Try adjusting the wording."} 
[2026-05-05 12:53:31] local.WARNING: Wikipedia summary unavailable for topic search. {"query_len":4,"internal_reason":"Wikipedia lookup did not succeed. Try adjusting the wording."} 
[2026-05-05 12:54:49] local.WARNING: Wikipedia summary unavailable for topic search. {"query_len":4,"internal_reason":"Wikipedia lookup did not succeed. Try adjusting the wording."} 
[2026-05-05 12:55:02] local.WARNING: Wikipedia summary unavailable for topic search. {"query_len":4,"internal_reason":"Wikipedia lookup did not succeed. Try adjusting the wording."} 
[2026-05-05 12:57:41] local.WARNING: Wikipedia summary unavailable for recommendation card. {"query_len":15,"internal_reason":"Wikipedia lookup did not succeed. Try adjusting the wording."} 
[2026-05-05 12:57:43] local.WARNING: Wikipedia summary unavailable for recommendation card. {"query_len":10,"internal_reason":"Wikipedia lookup did not succeed. Try adjusting the wording."} 
[2026-05-05 12:57:46] local.WARNING: Wikipedia summary unavailable for recommendation card. {"query_len":17,"internal_reason":"Wikipedia lookup did not succeed. Try adjusting the wording."} 
[2026-05-05 12:58:29] local.WARNING: Wikipedia summary unavailable for topic search. {"query_len":18,"internal_reason":"Wikipedia lookup did not succeed. Try adjusting the wording."} 
[2026-05-05 12:58:48] local.WARNING: Wikipedia summary unavailable for recommendation card. {"query_len":14,"internal_reason":"Wikipedia lookup did not succeed. Try adjusting the wording."} 
[2026-05-05 12:58:50] local.WARNING: Wikipedia summary unavailable for recommendation card. {"query_len":8,"internal_reason":"Wikipedia lookup did not succeed. Try adjusting the wording."} 
[2026-05-05 12:58:52] local.WARNING: Wikipedia summary unavailable for recommendation card. {"query_len":15,"internal_reason":"Wikipedia lookup did not succeed. Try adjusting the wording."} 
[2026-05-05 12:58:55] local.WARNING: Wikipedia summary unavailable for recommendation card. {"query_len":14,"internal_reason":"Wikipedia lookup did not succeed. Try adjusting the wording."} 
[2026-05-05 12:58:56] local.WARNING: Wikipedia summary unavailable for recommendation card. {"query_len":8,"internal_reason":"Wikipedia lookup did not succeed. Try adjusting the wording."} 
[2026-05-05 12:58:59] local.WARNING: Wikipedia summary unavailable for recommendation card. {"query_len":15,"internal_reason":"Wikipedia lookup did not succeed. Try adjusting the wording."} 
[2026-05-05 12:59:02] local.WARNING: Wikipedia summary unavailable for topic search. {"query_len":19,"internal_reason":"Wikipedia lookup did not succeed. Try adjusting the wording."} 
[2026-05-05 12:59:31] local.WARNING: YouTube Data API search failed. {"http_status":403,"hint":"youtube_quota"} 
[2026-05-05 12:59:31] local.WARNING: Wikipedia summary unavailable for recommendation card. {"query_len":14,"internal_reason":"Wikipedia lookup did not succeed. Try adjusting the wording."} 
[2026-05-05 12:59:32] local.WARNING: YouTube Data API search failed. {"http_status":403,"hint":"youtube_quota"} 
[2026-05-05 12:59:32] local.WARNING: Wikipedia summary unavailable for recommendation card. {"query_len":8,"internal_reason":"Wikipedia lookup did not succeed. Try adjusting the wording."} 
[2026-05-05 12:59:34] local.WARNING: YouTube Data API search failed. {"http_status":403,"hint":"youtube_quota"} 
[2026-05-05 12:59:34] local.WARNING: Wikipedia summary unavailable for recommendation card. {"query_len":15,"internal_reason":"Wikipedia lookup did not succeed. Try adjusting the wording."} 
[2026-05-05 12:59:48] local.WARNING: YouTube Data API search failed. {"http_status":403,"hint":"youtube_quota"} 
[2026-05-05 12:59:48] local.WARNING: Wikipedia summary unavailable for recommendation card. {"query_len":14,"internal_reason":"Wikipedia lookup did not succeed. Try adjusting the wording."} 
[2026-05-05 12:59:50] local.WARNING: YouTube Data API search failed. {"http_status":403,"hint":"youtube_quota"} 
[2026-05-05 12:59:50] local.WARNING: Wikipedia summary unavailable for recommendation card. {"query_len":8,"internal_reason":"Wikipedia lookup did not succeed. Try adjusting the wording."} 
[2026-05-05 12:59:52] local.WARNING: YouTube Data API search failed. {"http_status":403,"hint":"youtube_quota"} 
[2026-05-05 12:59:52] local.WARNING: Wikipedia summary unavailable for recommendation card. {"query_len":15,"internal_reason":"Wikipedia lookup did not succeed. Try adjusting the wording."} 
[2026-05-05 12:59:54] local.WARNING: YouTube Data API search failed. {"http_status":403,"hint":"youtube_quota"} 
[2026-05-05 12:59:54] local.WARNING: Wikipedia summary unavailable for topic search. {"query_len":6,"internal_reason":"Wikipedia lookup did not succeed. Try adjusting the wording."} 
[2026-05-05 13:00:14] local.WARNING: YouTube Data API search failed. {"http_status":403,"hint":"youtube_quota"} 
[2026-05-05 13:00:14] local.WARNING: Wikipedia summary unavailable for topic search. {"query_len":4,"internal_reason":"Wikipedia lookup did not succeed. Try adjusting the wording."} 
[2026-05-05 13:01:29] local.WARNING: Wikipedia summary unavailable for recommendation card. {"query_len":15,"internal_reason":"Wikipedia lookup did not succeed. Try adjusting the wording."} 
[2026-05-05 13:01:31] local.WARNING: Wikipedia summary unavailable for recommendation card. {"query_len":10,"internal_reason":"Wikipedia lookup did not succeed. Try adjusting the wording."} 
[2026-05-05 13:01:33] local.WARNING: Wikipedia summary unavailable for recommendation card. {"query_len":17,"internal_reason":"Wikipedia lookup did not succeed. Try adjusting the wording."} 
[2026-05-05 13:02:09] local.WARNING: Wikipedia summary unavailable for topic search. {"query_len":6,"internal_reason":"Wikipedia lookup did not succeed. Try adjusting the wording."} 
[2026-05-05 13:02:51] testing.WARNING: Wikipedia summary unavailable for topic search. {"query_len":3,"internal_reason":"internal-detail-not-for-browser"} 
[2026-05-05 13:02:51] testing.WARNING: Wikipedia summary unavailable for recommendation card. {"query_len":7,"internal_reason":"secret-wiki-reason"} 
[2026-05-05 13:03:20] testing.WARNING: Wikipedia summary unavailable for topic search. {"query_len":3,"internal_reason":"internal-detail-not-for-browser"} 
[2026-05-05 13:03:20] testing.WARNING: Wikipedia summary unavailable for recommendation card. {"query_len":7,"internal_reason":"secret-wiki-reason"} 
[2026-05-05 13:03:35] local.WARNING: Wikipedia summary unavailable for topic search. {"query_len":6,"internal_reason":"Wikipedia is temporarily rate-limited. Please try again shortly."} 
[2026-05-05 13:04:08] local.WARNING: Wikipedia summary unavailable for topic search. {"query_len":4,"internal_reason":"Wikipedia is temporarily rate-limited. Please try again shortly."} 
[2026-05-05 13:04:18] local.WARNING: Wikipedia summary unavailable for topic search. {"query_len":11,"internal_reason":"Wikipedia is temporarily rate-limited. Please try again shortly."} 
[2026-05-05 13:07:32] testing.WARNING: Wikipedia summary unavailable for topic search. {"query_len":3,"internal_reason":"internal-detail-not-for-browser"} 
[2026-05-05 13:07:33] testing.WARNING: Wikipedia summary unavailable for recommendation card. {"query_len":7,"internal_reason":"secret-wiki-reason"} 
[2026-05-05 13:08:23] local.WARNING: Wikipedia summary unavailable for topic search. {"query_len":7,"internal_reason":"Wikipedia rate limit reached. Please wait a moment and try again."} 
[2026-05-05 13:20:43] testing.WARNING: Wikipedia summary unavailable for topic search. {"query_len":3,"internal_reason":"internal-detail-not-for-browser"} 
[2026-05-05 13:20:43] testing.WARNING: Wikipedia summary unavailable for recommendation card. {"query_len":7,"internal_reason":"secret-wiki-reason"} 
[2026-05-05 13:21:30] local.WARNING: Wikipedia summary unavailable for topic search. {"query_len":7,"internal_reason":"Wikipedia rate limit reached. Please wait a moment and try again."} 
[2026-05-05 13:22:20] local.WARNING: Wikipedia summary unavailable for recommendation card. {"query_len":15,"internal_reason":"Wikipedia rate limit reached. Please wait a moment and try again."} 
[2026-05-05 13:22:24] local.WARNING: Wikipedia summary unavailable for recommendation card. {"query_len":10,"internal_reason":"Wikipedia rate limit reached. Please wait a moment and try again."} 
[2026-05-05 13:22:28] local.WARNING: Wikipedia summary unavailable for recommendation card. {"query_len":17,"internal_reason":"Wikipedia rate limit reached. Please wait a moment and try again."} 
[2026-05-05 13:22:47] local.WARNING: Wikipedia summary unavailable for recommendation card. {"query_len":15,"internal_reason":"Wikipedia rate limit reached. Please wait a moment and try again."} 
[2026-05-05 13:22:50] local.WARNING: Wikipedia summary unavailable for recommendation card. {"query_len":10,"internal_reason":"Wikipedia rate limit reached. Please wait a moment and try again."} 
[2026-05-05 13:22:54] local.WARNING: Wikipedia summary unavailable for recommendation card. {"query_len":17,"internal_reason":"Wikipedia rate limit reached. Please wait a moment and try again."} 
[2026-05-05 13:23:56] local.WARNING: Wikipedia summary unavailable for recommendation card. {"query_len":15,"internal_reason":"Wikipedia rate limit reached. Please wait a moment and try again."} 
[2026-05-05 13:24:03] local.WARNING: Wikipedia summary unavailable for recommendation card. {"query_len":10,"internal_reason":"Wikipedia rate limit reached. Please wait a moment and try again."} 
[2026-05-05 13:24:07] local.WARNING: Wikipedia summary unavailable for recommendation card. {"query_len":17,"internal_reason":"Wikipedia rate limit reached. Please wait a moment and try again."} 
[2026-05-05 13:24:30] local.WARNING: Wikipedia summary unavailable for topic search. {"query_len":6,"internal_reason":"Wikipedia rate limit reached. Please wait a moment and try again."} 
[2026-05-05 13:24:41] local.WARNING: Wikipedia summary unavailable for recommendation card. {"query_len":14,"internal_reason":"Wikipedia rate limit reached. Please wait a moment and try again."} 
[2026-05-05 13:24:47] local.WARNING: Wikipedia summary unavailable for recommendation card. {"query_len":8,"internal_reason":"Wikipedia rate limit reached. Please wait a moment and try again."} 
[2026-05-05 13:24:56] local.WARNING: Wikipedia summary unavailable for recommendation card. {"query_len":15,"internal_reason":"Wikipedia rate limit reached. Please wait a moment and try again."} 
[2026-05-05 13:25:03] local.WARNING: Wikipedia summary unavailable for recommendation card. {"query_len":15,"internal_reason":"Wikipedia rate limit reached. Please wait a moment and try again."} 
[2026-05-05 13:25:08] local.WARNING: Wikipedia summary unavailable for recommendation card. {"query_len":10,"internal_reason":"Wikipedia rate limit reached. Please wait a moment and try again."} 
[2026-05-05 13:25:16] local.WARNING: Wikipedia summary unavailable for recommendation card. {"query_len":17,"internal_reason":"Wikipedia rate limit reached. Please wait a moment and try again."} 
[2026-05-05 13:25:26] local.WARNING: Wikipedia summary unavailable for recommendation card. {"query_len":15,"internal_reason":"Wikipedia rate limit reached. Please wait a moment and try again."} 
[2026-05-05 13:25:30] local.WARNING: Wikipedia summary unavailable for recommendation card. {"query_len":10,"internal_reason":"Wikipedia rate limit reached. Please wait a moment and try again."} 
[2026-05-05 13:25:35] local.WARNING: Wikipedia summary unavailable for recommendation card. {"query_len":17,"internal_reason":"Wikipedia rate limit reached. Please wait a moment and try again."} 
[2026-05-05 13:25:39] local.WARNING: Wikipedia summary unavailable for recommendation card. {"query_len":15,"internal_reason":"Wikipedia rate limit reached. Please wait a moment and try again."} 
[2026-05-05 13:25:42] local.WARNING: Wikipedia summary unavailable for recommendation card. {"query_len":10,"internal_reason":"Wikipedia rate limit reached. Please wait a moment and try again."} 
[2026-05-05 13:25:46] local.WARNING: Wikipedia summary unavailable for recommendation card. {"query_len":17,"internal_reason":"Wikipedia rate limit reached. Please wait a moment and try again."} 
[2026-05-05 13:25:50] local.WARNING: Wikipedia summary unavailable for recommendation card. {"query_len":15,"internal_reason":"Wikipedia rate limit reached. Please wait a moment and try again."} 
[2026-05-05 13:25:54] local.WARNING: Wikipedia summary unavailable for recommendation card. {"query_len":10,"internal_reason":"Wikipedia rate limit reached. Please wait a moment and try again."} 
[2026-05-05 13:26:01] local.WARNING: Wikipedia summary unavailable for recommendation card. {"query_len":17,"internal_reason":"Wikipedia rate limit reached. Please wait a moment and try again."} 
[2026-05-05 13:26:06] local.WARNING: Wikipedia summary unavailable for recommendation card. {"query_len":15,"internal_reason":"Wikipedia rate limit reached. Please wait a moment and try again."} 
[2026-05-05 13:26:11] local.WARNING: Wikipedia summary unavailable for recommendation card. {"query_len":10,"internal_reason":"Wikipedia rate limit reached. Please wait a moment and try again."} 
[2026-05-05 13:26:15] local.WARNING: Wikipedia summary unavailable for recommendation card. {"query_len":17,"internal_reason":"Wikipedia rate limit reached. Please wait a moment and try again."} 
[2026-05-05 13:26:22] local.WARNING: Wikipedia summary unavailable for recommendation card. {"query_len":14,"internal_reason":"Wikipedia rate limit reached. Please wait a moment and try again."} 
[2026-05-05 13:26:28] local.WARNING: Wikipedia summary unavailable for recommendation card. {"query_len":8,"internal_reason":"Wikipedia rate limit reached. Please wait a moment and try again."} 
[2026-05-05 13:26:38] local.WARNING: Wikipedia summary unavailable for recommendation card. {"query_len":15,"internal_reason":"Wikipedia rate limit reached. Please wait a moment and try again."} 
[2026-05-05 13:26:48] local.WARNING: YouTube Data API search exception. {"message":"cURL error 56: Recv failure: Connection was reset (see https://curl.haxx.se/libcurl/c/libcurl-errors.html) for https://www.googleapis.com/youtube/v3/search?part=snippet&type=video&maxResults=1&q=Data%20structures%20tutorial%20education&key=AIzaSyCgbN2RUIhcLq2lgmrwRtKF5C4lAjTOT_A"} 
[2026-05-05 13:26:48] local.WARNING: Wikipedia summary unavailable for recommendation card. {"query_len":15,"internal_reason":"Wikipedia rate limit reached. Please wait a moment and try again."} 
[2026-05-05 13:26:52] local.WARNING: Wikipedia summary unavailable for recommendation card. {"query_len":10,"internal_reason":"Wikipedia lookup did not succeed. Try adjusting the wording."} 
[2026-05-05 13:27:02] local.WARNING: Wikipedia summary unavailable for recommendation card. {"query_len":17,"internal_reason":"Wikipedia rate limit reached. Please wait a moment and try again."} 
[2026-05-05 13:27:09] local.WARNING: Wikipedia summary unavailable for recommendation card. {"query_len":15,"internal_reason":"Wikipedia rate limit reached. Please wait a moment and try again."} 
[2026-05-05 13:27:15] local.WARNING: Wikipedia summary unavailable for recommendation card. {"query_len":10,"internal_reason":"Wikipedia rate limit reached. Please wait a moment and try again."} 
[2026-05-05 13:27:20] local.WARNING: Wikipedia summary unavailable for recommendation card. {"query_len":17,"internal_reason":"Wikipedia rate limit reached. Please wait a moment and try again."} 
[2026-05-05 13:27:26] local.WARNING: Wikipedia summary unavailable for recommendation card. {"query_len":15,"internal_reason":"Wikipedia rate limit reached. Please wait a moment and try again."} 
[2026-05-05 13:27:32] local.WARNING: Wikipedia summary unavailable for recommendation card. {"query_len":10,"internal_reason":"Wikipedia rate limit reached. Please wait a moment and try again."} 
[2026-05-05 13:27:36] local.WARNING: Wikipedia summary unavailable for recommendation card. {"query_len":17,"internal_reason":"Wikipedia rate limit reached. Please wait a moment and try again."} 
[2026-05-05 13:27:42] local.WARNING: Wikipedia summary unavailable for recommendation card. {"query_len":15,"internal_reason":"Wikipedia rate limit reached. Please wait a moment and try again."} 
[2026-05-05 13:27:46] local.WARNING: Wikipedia summary unavailable for recommendation card. {"query_len":10,"internal_reason":"Wikipedia rate limit reached. Please wait a moment and try again."} 
[2026-05-05 13:27:50] local.WARNING: Wikipedia summary unavailable for recommendation card. {"query_len":17,"internal_reason":"Wikipedia rate limit reached. Please wait a moment and try again."} 
[2026-05-05 13:27:58] local.WARNING: Wikipedia summary unavailable for recommendation card. {"query_len":14,"internal_reason":"Wikipedia rate limit reached. Please wait a moment and try again."} 
[2026-05-05 13:28:02] local.WARNING: Wikipedia summary unavailable for recommendation card. {"query_len":8,"internal_reason":"Wikipedia rate limit reached. Please wait a moment and try again."} 
[2026-05-05 13:28:05] local.WARNING: Wikipedia summary unavailable for recommendation card. {"query_len":15,"internal_reason":"Wikipedia rate limit reached. Please wait a moment and try again."} 
[2026-05-05 13:28:32] local.WARNING: Wikipedia summary unavailable for topic search. {"query_len":4,"internal_reason":"Wikipedia rate limit reached. Please wait a moment and try again."} 
[2026-05-05 13:29:12] local.WARNING: Wikipedia summary unavailable for recommendation card. {"query_len":15,"internal_reason":"Wikipedia rate limit reached. Please wait a moment and try again."} 
[2026-05-05 13:29:17] local.WARNING: Wikipedia summary unavailable for recommendation card. {"query_len":10,"internal_reason":"Wikipedia rate limit reached. Please wait a moment and try again."} 
[2026-05-05 13:29:21] local.WARNING: Wikipedia summary unavailable for recommendation card. {"query_len":17,"internal_reason":"Wikipedia rate limit reached. Please wait a moment and try again."} 
[2026-05-05 13:29:27] local.WARNING: Wikipedia summary unavailable for recommendation card. {"query_len":15,"internal_reason":"Wikipedia rate limit reached. Please wait a moment and try again."} 
[2026-05-05 13:29:32] local.WARNING: Wikipedia summary unavailable for recommendation card. {"query_len":10,"internal_reason":"Wikipedia rate limit reached. Please wait a moment and try again."} 
[2026-05-05 13:29:37] local.WARNING: Wikipedia summary unavailable for recommendation card. {"query_len":17,"internal_reason":"Wikipedia rate limit reached. Please wait a moment and try again."} 
[2026-05-05 13:30:10] local.WARNING: Wikipedia summary unavailable for recommendation card. {"query_len":15,"internal_reason":"Wikipedia rate limit reached. Please wait a moment and try again."} 
[2026-05-05 13:30:14] local.WARNING: Wikipedia summary unavailable for recommendation card. {"query_len":10,"internal_reason":"Wikipedia rate limit reached. Please wait a moment and try again."} 
[2026-05-05 13:30:18] local.WARNING: Wikipedia summary unavailable for recommendation card. {"query_len":17,"internal_reason":"Wikipedia rate limit reached. Please wait a moment and try again."} 
[2026-05-05 13:32:08] local.WARNING: Wikipedia summary unavailable for recommendation card. {"query_len":14,"internal_reason":"Wikipedia rate limit reached. Please wait a moment and try again."} 
[2026-05-05 13:32:13] local.WARNING: Wikipedia summary unavailable for recommendation card. {"query_len":8,"internal_reason":"Wikipedia rate limit reached. Please wait a moment and try again."} 
[2026-05-05 13:32:18] local.WARNING: Wikipedia summary unavailable for recommendation card. {"query_len":15,"internal_reason":"Wikipedia rate limit reached. Please wait a moment and try again."} 
[2026-05-05 13:32:23] local.WARNING: Wikipedia summary unavailable for recommendation card. {"query_len":14,"internal_reason":"Wikipedia rate limit reached. Please wait a moment and try again."} 
[2026-05-05 13:32:28] local.WARNING: Wikipedia summary unavailable for recommendation card. {"query_len":8,"internal_reason":"Wikipedia rate limit reached. Please wait a moment and try again."} 
[2026-05-05 13:32:36] local.WARNING: Wikipedia summary unavailable for recommendation card. {"query_len":15,"internal_reason":"Wikipedia rate limit reached. Please wait a moment and try again."} 
[2026-05-05 13:33:05] local.WARNING: Wikipedia summary unavailable for recommendation card. {"query_len":14,"internal_reason":"Wikipedia rate limit reached. Please wait a moment and try again."} 
[2026-05-05 13:33:09] local.WARNING: YouTube Data API search failed. {"http_status":403,"hint":"youtube_quota"} 
[2026-05-05 13:33:09] local.WARNING: Wikipedia summary unavailable for recommendation card. {"query_len":8,"internal_reason":"Wikipedia rate limit reached. Please wait a moment and try again."} 
[2026-05-05 13:33:13] local.WARNING: YouTube Data API search failed. {"http_status":403,"hint":"youtube_quota"} 
[2026-05-05 13:33:13] local.WARNING: Wikipedia summary unavailable for recommendation card. {"query_len":15,"internal_reason":"Wikipedia rate limit reached. Please wait a moment and try again."} 
[2026-05-05 13:34:21] local.WARNING: YouTube Data API search failed. {"http_status":403,"hint":"youtube_quota"} 
[2026-05-05 13:34:21] local.WARNING: Wikipedia summary unavailable for recommendation card. {"query_len":14,"internal_reason":"Wikipedia rate limit reached. Please wait a moment and try again."} 
[2026-05-05 13:34:26] local.WARNING: YouTube Data API search failed. {"http_status":403,"hint":"youtube_quota"} 
[2026-05-05 13:34:26] local.WARNING: Wikipedia summary unavailable for recommendation card. {"query_len":8,"internal_reason":"Wikipedia rate limit reached. Please wait a moment and try again."} 
[2026-05-05 13:34:32] local.WARNING: YouTube Data API search failed. {"http_status":403,"hint":"youtube_quota"} 
[2026-05-05 13:34:32] local.WARNING: Wikipedia summary unavailable for recommendation card. {"query_len":15,"internal_reason":"Wikipedia rate limit reached. Please wait a moment and try again."} 
[2026-05-05 13:34:39] local.WARNING: YouTube Data API search failed. {"http_status":403,"hint":"youtube_quota"} 
[2026-05-05 13:34:39] local.WARNING: Wikipedia summary unavailable for recommendation card. {"query_len":15,"internal_reason":"Wikipedia rate limit reached. Please wait a moment and try again."} 
[2026-05-05 13:34:45] local.WARNING: YouTube Data API search failed. {"http_status":403,"hint":"youtube_quota"} 
[2026-05-05 13:34:45] local.WARNING: Wikipedia summary unavailable for recommendation card. {"query_len":10,"internal_reason":"Wikipedia rate limit reached. Please wait a moment and try again."} 
[2026-05-05 13:34:50] local.WARNING: YouTube Data API search failed. {"http_status":403,"hint":"youtube_quota"} 
[2026-05-05 13:34:50] local.WARNING: Wikipedia summary unavailable for recommendation card. {"query_len":17,"internal_reason":"Wikipedia rate limit reached. Please wait a moment and try again."} 
[2026-05-05 13:40:09] testing.WARNING: Wikipedia summary unavailable for topic search. {"query_len":3,"internal_reason":"internal-detail-not-for-browser"} 
[2026-05-05 13:40:09] testing.WARNING: Wikipedia summary unavailable for recommendation card. {"query_len":7,"internal_reason":"secret-wiki-reason"} 
[2026-05-05 13:41:09] local.WARNING: YouTube Data API search failed. {"http_status":403,"hint":"youtube_quota"} 
[2026-05-05 13:41:09] local.WARNING: Wikipedia summary unavailable for recommendation card. {"query_len":14,"internal_reason":"Wikipedia lookup did not succeed. Try adjusting the wording."} 
[2026-05-05 13:41:13] local.WARNING: YouTube Data API search failed. {"http_status":403,"hint":"youtube_quota"} 
[2026-05-05 13:41:13] local.WARNING: Wikipedia summary unavailable for recommendation card. {"query_len":8,"internal_reason":"Wikipedia lookup did not succeed. Try adjusting the wording."} 
[2026-05-05 13:41:16] local.WARNING: YouTube Data API search failed. {"http_status":403,"hint":"youtube_quota"} 
[2026-05-05 13:41:16] local.WARNING: Wikipedia summary unavailable for recommendation card. {"query_len":15,"internal_reason":"Wikipedia lookup did not succeed. Try adjusting the wording."} 
[2026-05-05 13:41:38] local.WARNING: YouTube Data API search failed. {"http_status":403,"hint":"youtube_quota"} 
[2026-05-05 13:41:38] local.WARNING: Wikipedia summary unavailable for topic search. {"query_len":6,"internal_reason":"Wikipedia lookup did not succeed. Try adjusting the wording."} 
[2026-05-05 20:02:45] local.ERROR: SQLSTATE[HY000] [2002] No connection could be made because the target machine actively refused it (Connection: mysql, SQL: select * from `sessions` where `id` = obh4DBVCSNzIBp4rT56LqAbcJCNmisy33HiGQX8H limit 1) {"exception":"[object] (Illuminate\\Database\\QueryException(code: 2002): SQLSTATE[HY000] [2002] No connection could be made because the target machine actively refused it (Connection: mysql, SQL: select * from `sessions` where `id` = obh4DBVCSNzIBp4rT56LqAbcJCNmisy33HiGQX8H limit 1) at C:/Users/agull/OneDrive/Documents/Visual Studio/GIBLE/vendor/laravel/framework/src/Illuminate/Database/Connection.php:825)
[stacktrace]
#0 C:/Users/agull/OneDrive/Documents/Visual Studio/GIBLE/vendor/laravel/framework/src/Illuminate/Database/Connection.php(979): Illuminate/Database/Connection->runQueryCallback('select * from `...', Array, Object(Closure))
#1 C:/Users/agull/OneDrive/Documents/Visual Studio/GIBLE/vendor/laravel/framework/src/Illuminate/Database/Connection.php(958): Illuminate/Database/Connection->tryAgainIfCausedByLostConnection(Object(Illuminate/Database/QueryException), 'select * from `...', Array, Object(Closure))
#2 C:/Users/agull/OneDrive/Documents/Visual Studio/GIBLE/vendor/laravel/framework/src/Illuminate/Database/Connection.php(781): Illuminate/Database/Connection->handleQueryException(Object(Illuminate/Database/QueryException), 'select * from `...', Array, Object(Closure))
#3 C:/Users/agull/OneDrive/Documents/Visual Studio/GIBLE/vendor/laravel/framework/src/Illuminate/Database/Connection.php(398): Illuminate/Database/Connection->run('select * from `...', Array, Object(Closure))
#4 C:/Users/agull/OneDrive/Documents/Visual Studio/GIBLE/vendor/laravel/framework/src/Illuminate/Database/Query/Builder.php(3106): Illuminate/Database/Connection->select('select * from `...', Array, false)
#5 C:/Users/agull/OneDrive/Documents/Visual Studio/GIBLE/vendor/laravel/framework/src/Illuminate/Database/Query/Builder.php(3091): Illuminate/Database/Query/Builder->runSelect()
#6 C:/Users/agull/OneDrive/Documents/Visual Studio/GIBLE/vendor/laravel/framework/src/Illuminate/Database/Query/Builder.php(3676): Illuminate/Database/Query/Builder->Illuminate/Database/Query/{closure}()
#7 C:/Users/agull/OneDrive/Documents/Visual Studio/GIBLE/vendor/laravel/framework/src/Illuminate/Database/Query/Builder.php(3090): Illuminate/Database/Query/Builder->onceWithColumns(Array, Object(Closure))
#8 C:/Users/agull/OneDrive/Documents/Visual Studio/GIBLE/vendor/laravel/framework/src/Illuminate/Database/Concerns/BuildsQueries.php(343): Illuminate/Database/Query/Builder->get(Array)
#9 C:/Users/agull/OneDrive/Documents/Visual Studio/GIBLE/vendor/laravel/framework/src/Illuminate/Database/Query/Builder.php(3013): Illuminate/Database/Query/Builder->first(Array)
#10 C:/Users/agull/OneDrive/Documents/Visual Studio/GIBLE/vendor/laravel/framework/src/Illuminate/Session/DatabaseSessionHandler.php(97): Illuminate/Database/Query/Builder->find('obh4DBVCSNzIBp4...')
#11 C:/Users/agull/OneDrive/Documents/Visual Studio/GIBLE/vendor/laravel/framework/src/Illuminate/Session/Store.php(117): Illuminate/Session/DatabaseSessionHandler->read('obh4DBVCSNzIBp4...')
#12 C:/Users/agull/OneDrive/Documents/Visual Studio/GIBLE/vendor/laravel/framework/src/Illuminate/Session/Store.php(105): Illuminate/Session/Store->readFromHandler()
#13 C:/Users/agull/OneDrive/Documents/Visual Studio/GIBLE/vendor/laravel/framework/src/Illuminate/Session/Store.php(89): Illuminate/Session/Store->loadSession()
#14 C:/Users/agull/OneDrive/Documents/Visual Studio/GIBLE/vendor/laravel/framework/src/Illuminate/Session/Middleware/StartSession.php(147): Illuminate/Session/Store->start()
#15 C:/Users/agull/OneDrive/Documents/Visual Studio/GIBLE/vendor/laravel/framework/src/Illuminate/Support/helpers.php(399): Illuminate/Session/Middleware/StartSession->Illuminate/Session/Middleware/{closure}(Object(Illuminate/Session/Store))
#16 C:/Users/agull/OneDrive/Documents/Visual Studio/GIBLE/vendor/laravel/framework/src/Illuminate/Session/Middleware/StartSession.php(144): tap(Object(Illuminate/Session/Store), Object(Closure))
#17 C:/Users/agull/OneDrive/Documents/Visual Studio/GIBLE/vendor/laravel/framework/src/Illuminate/Session/Middleware/StartSession.php(116): Illuminate/Session/Middleware/StartSession->startSession(Object(Illuminate/Http/Request), Object(Illuminate/Session/Store))
#18 C:/Users/agull/OneDrive/Documents/Visual Studio/GIBLE/vendor/laravel/framework/src/Illuminate/Session/Middleware/StartSession.php(64): Illuminate/Session/Middleware/StartSession->handleStatefulRequest(Object(Illuminate/Http/Request), Object(Illuminate/Session/Store), Object(Closure))
#19 C:/Users/agull/OneDrive/Documents/Visual Studio/GIBLE/vendor/laravel/framework/src/Illuminate/Pipeline/Pipeline.php(209): Illuminate/Session/Middleware/StartSession->handle(Object(Illuminate/Http/Request), Object(Closure))
#20 C:/Users/agull/OneDrive/Documents/Visual Studio/GIBLE/vendor/laravel/framework/src/Illuminate/Cookie/Middleware/AddQueuedCookiesToResponse.php(37): Illuminate/Pipeline/Pipeline->Illuminate/Pipeline/{closure}(Object(Illuminate/Http/Request))
#21 C:/Users/agull/OneDrive/Documents/Visual Studio/GIBLE/vendor/laravel/framework/src/Illuminate/Pipeline/Pipeline.php(209): Illuminate/Cookie/Middleware/AddQueuedCookiesToResponse->handle(Object(Illuminate/Http/Request), Object(Closure))
#22 C:/Users/agull/OneDrive/Documents/Visual Studio/GIBLE/vendor/laravel/framework/src/Illuminate/Cookie/Middleware/EncryptCookies.php(75): Illuminate/Pipeline/Pipeline->Illuminate/Pipeline/{closure}(Object(Illuminate/Http/Request))
#23 C:/Users/agull/OneDrive/Documents/Visual Studio/GIBLE/vendor/laravel/framework/src/Illuminate/Pipeline/Pipeline.php(209): Illuminate/Cookie/Middleware/EncryptCookies->handle(Object(Illuminate/Http/Request), Object(Closure))
#24 C:/Users/agull/OneDrive/Documents/Visual Studio/GIBLE/vendor/laravel/framework/src/Illuminate/Pipeline/Pipeline.php(127): Illuminate/Pipeline/Pipeline->Illuminate/Pipeline/{closure}(Object(Illuminate/Http/Request))
#25 C:/Users/agull/OneDrive/Documents/Visual Studio/GIBLE/vendor/laravel/framework/src/Illuminate/Routing/Router.php(807): Illuminate/Pipeline/Pipeline->then(Object(Closure))
#26 C:/Users/agull/OneDrive/Documents/Visual Studio/GIBLE/vendor/laravel/framework/src/Illuminate/Routing/Router.php(786): Illuminate/Routing/Router->runRouteWithinStack(Object(Illuminate/Routing/Route), Object(Illuminate/Http/Request))
#27 C:/Users/agull/OneDrive/Documents/Visual Studio/GIBLE/vendor/laravel/framework/src/Illuminate/Routing/Router.php(750): Illuminate/Routing/Router->runRoute(Object(Illuminate/Http/Request), Object(Illuminate/Routing/Route))
#28 C:/Users/agull/OneDrive/Documents/Visual Studio/GIBLE/vendor/laravel/framework/src/Illuminate/Routing/Router.php(739): Illuminate/Routing/Router->dispatchToRoute(Object(Illuminate/Http/Request))
#29 C:/Users/agull/OneDrive/Documents/Visual Studio/GIBLE/vendor/laravel/framework/src/Illuminate/Foundation/Http/Kernel.php(201): Illuminate/Routing/Router->dispatch(Object(Illuminate/Http/Request))
#30 C:/Users/agull/OneDrive/Documents/Visual Studio/GIBLE/vendor/laravel/framework/src/Illuminate/Pipeline/Pipeline.php(170): Illuminate/Foundation/Http/Kernel->Illuminate/Foundation/Http/{closure}(Object(Illuminate/Http/Request))
#31 C:/Users/agull/OneDrive/Documents/Visual Studio/GIBLE/vendor/laravel/framework/src/Illuminate/Foundation/Http/Middleware/TransformsRequest.php(21): Illuminate/Pipeline/Pipeline->Illuminate/Pipeline/{closure}(Object(Illuminate/Http/Request))
#32 C:/Users/agull/OneDrive/Documents/Visual Studio/GIBLE/vendor/laravel/framework/src/Illuminate/Foundation/Http/Middleware/ConvertEmptyStringsToNull.php(31): Illuminate/Foundation/Http/Middleware/TransformsRequest->handle(Object(Illuminate/Http/Request), Object(Closure))
#33 C:/Users/agull/OneDrive/Documents/Visual Studio/GIBLE/vendor/laravel/framework/src/Illuminate/Pipeline/Pipeline.php(209): Illuminate/Foundation/Http/Middleware/ConvertEmptyStringsToNull->handle(Object(Illuminate/Http/Request), Object(Closure))
#34 C:/Users/agull/OneDrive/Documents/Visual Studio/GIBLE/vendor/laravel/framework/src/Illuminate/Foundation/Http/Middleware/TransformsRequest.php(21): Illuminate/Pipeline/Pipeline->Illuminate/Pipeline/{closure}(Object(Illuminate/Http/Request))
#35 C:/Users/agull/OneDrive/Documents/Visual Studio/GIBLE/vendor/laravel/framework/src/Illuminate/Foundation/Http/Middleware/TrimStrings.php(51): Illuminate/Foundation/Http/Middleware/TransformsRequest->handle(Object(Illuminate/Http/Request), Object(Closure))
#36 C:/Users/agull/OneDrive/Documents/Visual Studio/GIBLE/vendor/laravel/framework/src/Illuminate/Pipeline/Pipeline.php(209): Illuminate/Foundation/Http/Middleware/TrimStrings->handle(Object(Illuminate/Http/Request), Object(Closure))
#37 C:/Users/agull/OneDrive/Documents/Visual Studio/GIBLE/vendor/laravel/framework/src/Illuminate/Http/Middleware/ValidatePostSize.php(27): Illuminate/Pipeline/Pipeline->Illuminate/Pipeline/{closure}(Object(Illuminate/Http/Request))
#38 C:/Users/agull/OneDrive/Documents/Visual Studio/GIBLE/vendor/laravel/framework/src/Illuminate/Pipeline/Pipeline.php(209): Illuminate/Http/Middleware/ValidatePostSize->handle(Object(Illuminate/Http/Request), Object(Closure))
#39 C:/Users/agull/OneDrive/Documents/Visual Studio/GIBLE/vendor/laravel/framework/src/Illuminate/Foundation/Http/Middleware/PreventRequestsDuringMaintenance.php(110): Illuminate/Pipeline/Pipeline->Illuminate/Pipeline/{closure}(Object(Illuminate/Http/Request))
#40 C:/Users/agull/OneDrive/Documents/Visual Studio/GIBLE/vendor/laravel/framework/src/Illuminate/Pipeline/Pipeline.php(209): Illuminate/Foundation/Http/Middleware/PreventRequestsDuringMaintenance->handle(Object(Illuminate/Http/Request), Object(Closure))
#41 C:/Users/agull/OneDrive/Documents/Visual Studio/GIBLE/vendor/laravel/framework/src/Illuminate/Http/Middleware/HandleCors.php(49): Illuminate/Pipeline/Pipeline->Illuminate/Pipeline/{closure}(Object(Illuminate/Http/Request))
#42 C:/Users/agull/OneDrive/Documents/Visual Studio/GIBLE/vendor/laravel/framework/src/Illuminate/Pipeline/Pipeline.php(209): Illuminate/Http/Middleware/HandleCors->handle(Object(Illuminate/Http/Request), Object(Closure))
#43 C:/Users/agull/OneDrive/Documents/Visual Studio/GIBLE/vendor/laravel/framework/src/Illuminate/Http/Middleware/TrustProxies.php(58): Illuminate/Pipeline/Pipeline->Illuminate/Pipeline/{closure}(Object(Illuminate/Http/Request))
#44 C:/Users/agull/OneDrive/Documents/Visual Studio/GIBLE/vendor/laravel/framework/src/Illuminate/Pipeline/Pipeline.php(209): Illuminate/Http/Middleware/TrustProxies->handle(Object(Illuminate/Http/Request), Object(Closure))
#45 C:/Users/agull/OneDrive/Documents/Visual Studio/GIBLE/vendor/laravel/framework/src/Illuminate/Foundation/Http/Middleware/InvokeDeferredCallbacks.php(22): Illuminate/Pipeline/Pipeline->Illuminate/Pipeline/{closure}(Object(Illuminate/Http/Request))
#46 C:/Users/agull/OneDrive/Documents/Visual Studio/GIBLE/vendor/laravel/framework/src/Illuminate/Pipeline/Pipeline.php(209): Illuminate/Foundation/Http/Middleware/InvokeDeferredCallbacks->handle(Object(Illuminate/Http/Request), Object(Closure))
#47 C:/Users/agull/OneDrive/Documents/Visual Studio/GIBLE/vendor/laravel/framework/src/Illuminate/Pipeline/Pipeline.php(127): Illuminate/Pipeline/Pipeline->Illuminate/Pipeline/{closure}(Object(Illuminate/Http/Request))
#48 C:/Users/agull/OneDrive/Documents/Visual Studio/GIBLE/vendor/laravel/framework/src/Illuminate/Foundation/Http/Kernel.php(176): Illuminate/Pipeline/Pipeline->then(Object(Closure))
#49 C:/Users/agull/OneDrive/Documents/Visual Studio/GIBLE/vendor/laravel/framework/src/Illuminate/Foundation/Http/Kernel.php(145): Illuminate/Foundation/Http/Kernel->sendRequestThroughRouter(Object(Illuminate/Http/Request))
#50 C:/Users/agull/OneDrive/Documents/Visual Studio/GIBLE/vendor/laravel/framework/src/Illuminate/Foundation/Application.php(1220): Illuminate/Foundation/Http/Kernel->handle(Object(Illuminate/Http/Request))
#51 C:/Users/agull/OneDrive/Documents/Visual Studio/GIBLE/public/index.php(20): Illuminate/Foundation/Application->handleRequest(Object(Illuminate/Http/Request))
#52 C:/Users/agull/OneDrive/Documents/Visual Studio/GIBLE/vendor/laravel/framework/src/Illuminate/Foundation/resources/server.php(23): require_once('C://Users//agull//...')
#53 {main}

[previous exception] [object] (PDOException(code: 2002): SQLSTATE[HY000] [2002] No connection could be made because the target machine actively refused it at C:/Users/agull/OneDrive/Documents/Visual Studio/GIBLE/vendor/laravel/framework/src/Illuminate/Database/Connectors/Connector.php:66)
[stacktrace]
#0 C:/Users/agull/OneDrive/Documents/Visual Studio/GIBLE/vendor/laravel/framework/src/Illuminate/Database/Connectors/Connector.php(66): PDO->__construct('mysql:host=127....', 'root', Object(SensitiveParameterValue), Array)
#1 C:/Users/agull/OneDrive/Documents/Visual Studio/GIBLE/vendor/laravel/framework/src/Illuminate/Database/Connectors/Connector.php(85): Illuminate/Database/Connectors/Connector->createPdoConnection('mysql:host=127....', 'root', Object(SensitiveParameterValue), Array)
#2 C:/Users/agull/OneDrive/Documents/Visual Studio/GIBLE/vendor/laravel/framework/src/Illuminate/Database/Connectors/Connector.php(48): Illuminate/Database/Connectors/Connector->tryAgainIfCausedByLostConnection(Object(PDOException), 'mysql:host=127....', 'root', Object(SensitiveParameterValue), Array)
#3 C:/Users/agull/OneDrive/Documents/Visual Studio/GIBLE/vendor/laravel/framework/src/Illuminate/Database/Connectors/MySqlConnector.php(24): Illuminate/Database/Connectors/Connector->createConnection('mysql:host=127....', Array, Array)
#4 C:/Users/agull/OneDrive/Documents/Visual Studio/GIBLE/vendor/laravel/framework/src/Illuminate/Database/Connectors/ConnectionFactory.php(185): Illuminate/Database/Connectors/MySqlConnector->connect(Array)
#5 [internal function]: Illuminate/Database/Connectors/ConnectionFactory->Illuminate/Database/Connectors/{closure}()
#6 C:/Users/agull/OneDrive/Documents/Visual Studio/GIBLE/vendor/laravel/framework/src/Illuminate/Database/Connection.php(1231): call_user_func(Object(Closure))
#7 C:/Users/agull/OneDrive/Documents/Visual Studio/GIBLE/vendor/laravel/framework/src/Illuminate/Database/Connection.php(512): Illuminate/Database/Connection->getPdo()
#8 C:/Users/agull/OneDrive/Documents/Visual Studio/GIBLE/vendor/laravel/framework/src/Illuminate/Database/Connection.php(407): Illuminate/Database/Connection->getPdoForSelect(false)
#9 C:/Users/agull/OneDrive/Documents/Visual Studio/GIBLE/vendor/laravel/framework/src/Illuminate/Database/Connection.php(812): Illuminate/Database/Connection->Illuminate/Database/{closure}('select * from `...', Array)
#10 C:/Users/agull/OneDrive/Documents/Visual Studio/GIBLE/vendor/laravel/framework/src/Illuminate/Database/Connection.php(979): Illuminate/Database/Connection->runQueryCallback('select * from `...', Array, Object(Closure))
#11 C:/Users/agull/OneDrive/Documents/Visual Studio/GIBLE/vendor/laravel/framework/src/Illuminate/Database/Connection.php(958): Illuminate/Database/Connection->tryAgainIfCausedByLostConnection(Object(Illuminate/Database/QueryException), 'select * from `...', Array, Object(Closure))
#12 C:/Users/agull/OneDrive/Documents/Visual Studio/GIBLE/vendor/laravel/framework/src/Illuminate/Database/Connection.php(781): Illuminate/Database/Connection->handleQueryException(Object(Illuminate/Database/QueryException), 'select * from `...', Array, Object(Closure))
#13 C:/Users/agull/OneDrive/Documents/Visual Studio/GIBLE/vendor/laravel/framework/src/Illuminate/Database/Connection.php(398): Illuminate/Database/Connection->run('select * from `...', Array, Object(Closure))
#14 C:/Users/agull/OneDrive/Documents/Visual Studio/GIBLE/vendor/laravel/framework/src/Illuminate/Database/Query/Builder.php(3106): Illuminate/Database/Connection->select('select * from `...', Array, false)
#15 C:/Users/agull/OneDrive/Documents/Visual Studio/GIBLE/vendor/laravel/framework/src/Illuminate/Database/Query/Builder.php(3091): Illuminate/Database/Query/Builder->runSelect()
#16 C:/Users/agull/OneDrive/Documents/Visual Studio/GIBLE/vendor/laravel/framework/src/Illuminate/Database/Query/Builder.php(3676): Illuminate/Database/Query/Builder->Illuminate/Database/Query/{closure}()
#17 C:/Users/agull/OneDrive/Documents/Visual Studio/GIBLE/vendor/laravel/framework/src/Illuminate/Database/Query/Builder.php(3090): Illuminate/Database/Query/Builder->onceWithColumns(Array, Object(Closure))
#18 C:/Users/agull/OneDrive/Documents/Visual Studio/GIBLE/vendor/laravel/framework/src/Illuminate/Database/Concerns/BuildsQueries.php(343): Illuminate/Database/Query/Builder->get(Array)
#19 C:/Users/agull/OneDrive/Documents/Visual Studio/GIBLE/vendor/laravel/framework/src/Illuminate/Database/Query/Builder.php(3013): Illuminate/Database/Query/Builder->first(Array)
#20 C:/Users/agull/OneDrive/Documents/Visual Studio/GIBLE/vendor/laravel/framework/src/Illuminate/Session/DatabaseSessionHandler.php(97): Illuminate/Database/Query/Builder->find('obh4DBVCSNzIBp4...')
#21 C:/Users/agull/OneDrive/Documents/Visual Studio/GIBLE/vendor/laravel/framework/src/Illuminate/Session/Store.php(117): Illuminate/Session/DatabaseSessionHandler->read('obh4DBVCSNzIBp4...')
#22 C:/Users/agull/OneDrive/Documents/Visual Studio/GIBLE/vendor/laravel/framework/src/Illuminate/Session/Store.php(105): Illuminate/Session/Store->readFromHandler()
#23 C:/Users/agull/OneDrive/Documents/Visual Studio/GIBLE/vendor/laravel/framework/src/Illuminate/Session/Store.php(89): Illuminate/Session/Store->loadSession()
#24 C:/Users/agull/OneDrive/Documents/Visual Studio/GIBLE/vendor/laravel/framework/src/Illuminate/Session/Middleware/StartSession.php(147): Illuminate/Session/Store->start()
#25 C:/Users/agull/OneDrive/Documents/Visual Studio/GIBLE/vendor/laravel/framework/src/Illuminate/Support/helpers.php(399): Illuminate/Session/Middleware/StartSession->Illuminate/Session/Middleware/{closure}(Object(Illuminate/Session/Store))
#26 C:/Users/agull/OneDrive/Documents/Visual Studio/GIBLE/vendor/laravel/framework/src/Illuminate/Session/Middleware/StartSession.php(144): tap(Object(Illuminate/Session/Store), Object(Closure))
#27 C:/Users/agull/OneDrive/Documents/Visual Studio/GIBLE/vendor/laravel/framework/src/Illuminate/Session/Middleware/StartSession.php(116): Illuminate/Session/Middleware/StartSession->startSession(Object(Illuminate/Http/Request), Object(Illuminate/Session/Store))
#28 C:/Users/agull/OneDrive/Documents/Visual Studio/GIBLE/vendor/laravel/framework/src/Illuminate/Session/Middleware/StartSession.php(64): Illuminate/Session/Middleware/StartSession->handleStatefulRequest(Object(Illuminate/Http/Request), Object(Illuminate/Session/Store), Object(Closure))
#29 C:/Users/agull/OneDrive/Documents/Visual Studio/GIBLE/vendor/laravel/framework/src/Illuminate/Pipeline/Pipeline.php(209): Illuminate/Session/Middleware/StartSession->handle(Object(Illuminate/Http/Request), Object(Closure))
#30 C:/Users/agull/OneDrive/Documents/Visual Studio/GIBLE/vendor/laravel/framework/src/Illuminate/Cookie/Middleware/AddQueuedCookiesToResponse.php(37): Illuminate/Pipeline/Pipeline->Illuminate/Pipeline/{closure}(Object(Illuminate/Http/Request))
#31 C:/Users/agull/OneDrive/Documents/Visual Studio/GIBLE/vendor/laravel/framework/src/Illuminate/Pipeline/Pipeline.php(209): Illuminate/Cookie/Middleware/AddQueuedCookiesToResponse->handle(Object(Illuminate/Http/Request), Object(Closure))
#32 C:/Users/agull/OneDrive/Documents/Visual Studio/GIBLE/vendor/laravel/framework/src/Illuminate/Cookie/Middleware/EncryptCookies.php(75): Illuminate/Pipeline/Pipeline->Illuminate/Pipeline/{closure}(Object(Illuminate/Http/Request))
#33 C:/Users/agull/OneDrive/Documents/Visual Studio/GIBLE/vendor/laravel/framework/src/Illuminate/Pipeline/Pipeline.php(209): Illuminate/Cookie/Middleware/EncryptCookies->handle(Object(Illuminate/Http/Request), Object(Closure))
#34 C:/Users/agull/OneDrive/Documents/Visual Studio/GIBLE/vendor/laravel/framework/src/Illuminate/Pipeline/Pipeline.php(127): Illuminate/Pipeline/Pipeline->Illuminate/Pipeline/{closure}(Object(Illuminate/Http/Request))
#35 C:/Users/agull/OneDrive/Documents/Visual Studio/GIBLE/vendor/laravel/framework/src/Illuminate/Routing/Router.php(807): Illuminate/Pipeline/Pipeline->then(Object(Closure))
#36 C:/Users/agull/OneDrive/Documents/Visual Studio/GIBLE/vendor/laravel/framework/src/Illuminate/Routing/Router.php(786): Illuminate/Routing/Router->runRouteWithinStack(Object(Illuminate/Routing/Route), Object(Illuminate/Http/Request))
#37 C:/Users/agull/OneDrive/Documents/Visual Studio/GIBLE/vendor/laravel/framework/src/Illuminate/Routing/Router.php(750): Illuminate/Routing/Router->runRoute(Object(Illuminate/Http/Request), Object(Illuminate/Routing/Route))
#38 C:/Users/agull/OneDrive/Documents/Visual Studio/GIBLE/vendor/laravel/framework/src/Illuminate/Routing/Router.php(739): Illuminate/Routing/Router->dispatchToRoute(Object(Illuminate/Http/Request))
#39 C:/Users/agull/OneDrive/Documents/Visual Studio/GIBLE/vendor/laravel/framework/src/Illuminate/Foundation/Http/Kernel.php(201): Illuminate/Routing/Router->dispatch(Object(Illuminate/Http/Request))
#40 C:/Users/agull/OneDrive/Documents/Visual Studio/GIBLE/vendor/laravel/framework/src/Illuminate/Pipeline/Pipeline.php(170): Illuminate/Foundation/Http/Kernel->Illuminate/Foundation/Http/{closure}(Object(Illuminate/Http/Request))
#41 C:/Users/agull/OneDrive/Documents/Visual Studio/GIBLE/vendor/laravel/framework/src/Illuminate/Foundation/Http/Middleware/TransformsRequest.php(21): Illuminate/Pipeline/Pipeline->Illuminate/Pipeline/{closure}(Object(Illuminate/Http/Request))
#42 C:/Users/agull/OneDrive/Documents/Visual Studio/GIBLE/vendor/laravel/framework/src/Illuminate/Foundation/Http/Middleware/ConvertEmptyStringsToNull.php(31): Illuminate/Foundation/Http/Middleware/TransformsRequest->handle(Object(Illuminate/Http/Request), Object(Closure))
#43 C:/Users/agull/OneDrive/Documents/Visual Studio/GIBLE/vendor/laravel/framework/src/Illuminate/Pipeline/Pipeline.php(209): Illuminate/Foundation/Http/Middleware/ConvertEmptyStringsToNull->handle(Object(Illuminate/Http/Request), Object(Closure))
#44 C:/Users/agull/OneDrive/Documents/Visual Studio/GIBLE/vendor/laravel/framework/src/Illuminate/Foundation/Http/Middleware/TransformsRequest.php(21): Illuminate/Pipeline/Pipeline->Illuminate/Pipeline/{closure}(Object(Illuminate/Http/Request))
#45 C:/Users/agull/OneDrive/Documents/Visual Studio/GIBLE/vendor/laravel/framework/src/Illuminate/Foundation/Http/Middleware/TrimStrings.php(51): Illuminate/Foundation/Http/Middleware/TransformsRequest->handle(Object(Illuminate/Http/Request), Object(Closure))
#46 C:/Users/agull/OneDrive/Documents/Visual Studio/GIBLE/vendor/laravel/framework/src/Illuminate/Pipeline/Pipeline.php(209): Illuminate/Foundation/Http/Middleware/TrimStrings->handle(Object(Illuminate/Http/Request), Object(Closure))
#47 C:/Users/agull/OneDrive/Documents/Visual Studio/GIBLE/vendor/laravel/framework/src/Illuminate/Http/Middleware/ValidatePostSize.php(27): Illuminate/Pipeline/Pipeline->Illuminate/Pipeline/{closure}(Object(Illuminate/Http/Request))
#48 C:/Users/agull/OneDrive/Documents/Visual Studio/GIBLE/vendor/laravel/framework/src/Illuminate/Pipeline/Pipeline.php(209): Illuminate/Http/Middleware/ValidatePostSize->handle(Object(Illuminate/Http/Request), Object(Closure))
#49 C:/Users/agull/OneDrive/Documents/Visual Studio/GIBLE/vendor/laravel/framework/src/Illuminate/Foundation/Http/Middleware/PreventRequestsDuringMaintenance.php(110): Illuminate/Pipeline/Pipeline->Illuminate/Pipeline/{closure}(Object(Illuminate/Http/Request))
#50 C:/Users/agull/OneDrive/Documents/Visual Studio/GIBLE/vendor/laravel/framework/src/Illuminate/Pipeline/Pipeline.php(209): Illuminate/Foundation/Http/Middleware/PreventRequestsDuringMaintenance->handle(Object(Illuminate/Http/Request), Object(Closure))
#51 C:/Users/agull/OneDrive/Documents/Visual Studio/GIBLE/vendor/laravel/framework/src/Illuminate/Http/Middleware/HandleCors.php(49): Illuminate/Pipeline/Pipeline->Illuminate/Pipeline/{closure}(Object(Illuminate/Http/Request))
#52 C:/Users/agull/OneDrive/Documents/Visual Studio/GIBLE/vendor/laravel/framework/src/Illuminate/Pipeline/Pipeline.php(209): Illuminate/Http/Middleware/HandleCors->handle(Object(Illuminate/Http/Request), Object(Closure))
#53 C:/Users/agull/OneDrive/Documents/Visual Studio/GIBLE/vendor/laravel/framework/src/Illuminate/Http/Middleware/TrustProxies.php(58): Illuminate/Pipeline/Pipeline->Illuminate/Pipeline/{closure}(Object(Illuminate/Http/Request))
#54 C:/Users/agull/OneDrive/Documents/Visual Studio/GIBLE/vendor/laravel/framework/src/Illuminate/Pipeline/Pipeline.php(209): Illuminate/Http/Middleware/TrustProxies->handle(Object(Illuminate/Http/Request), Object(Closure))
#55 C:/Users/agull/OneDrive/Documents/Visual Studio/GIBLE/vendor/laravel/framework/src/Illuminate/Foundation/Http/Middleware/InvokeDeferredCallbacks.php(22): Illuminate/Pipeline/Pipeline->Illuminate/Pipeline/{closure}(Object(Illuminate/Http/Request))
#56 C:/Users/agull/OneDrive/Documents/Visual Studio/GIBLE/vendor/laravel/framework/src/Illuminate/Pipeline/Pipeline.php(209): Illuminate/Foundation/Http/Middleware/InvokeDeferredCallbacks->handle(Object(Illuminate/Http/Request), Object(Closure))
#57 C:/Users/agull/OneDrive/Documents/Visual Studio/GIBLE/vendor/laravel/framework/src/Illuminate/Pipeline/Pipeline.php(127): Illuminate/Pipeline/Pipeline->Illuminate/Pipeline/{closure}(Object(Illuminate/Http/Request))
#58 C:/Users/agull/OneDrive/Documents/Visual Studio/GIBLE/vendor/laravel/framework/src/Illuminate/Foundation/Http/Kernel.php(176): Illuminate/Pipeline/Pipeline->then(Object(Closure))
#59 C:/Users/agull/OneDrive/Documents/Visual Studio/GIBLE/vendor/laravel/framework/src/Illuminate/Foundation/Http/Kernel.php(145): Illuminate/Foundation/Http/Kernel->sendRequestThroughRouter(Object(Illuminate/Http/Request))
#60 C:/Users/agull/OneDrive/Documents/Visual Studio/GIBLE/vendor/laravel/framework/src/Illuminate/Foundation/Application.php(1220): Illuminate/Foundation/Http/Kernel->handle(Object(Illuminate/Http/Request))
#61 C:/Users/agull/OneDrive/Documents/Visual Studio/GIBLE/public/index.php(20): Illuminate/Foundation/Application->handleRequest(Object(Illuminate/Http/Request))
#62 C:/Users/agull/OneDrive/Documents/Visual Studio/GIBLE/vendor/laravel/framework/src/Illuminate/Foundation/resources/server.php(23): require_once('C://Users//agull//...')
#63 {main}
"} 
[2026-05-05 20:03:29] local.ERROR: SQLSTATE[HY000] [2002] No connection could be made because the target machine actively refused it (Connection: mysql, SQL: select * from `sessions` where `id` = 7lXzKAHlu6lV1dOgijVXdLuERMbi7x0ORMspmVKE limit 1) {"exception":"[object] (Illuminate\\Database\\QueryException(code: 2002): SQLSTATE[HY000] [2002] No connection could be made because the target machine actively refused it (Connection: mysql, SQL: select * from `sessions` where `id` = 7lXzKAHlu6lV1dOgijVXdLuERMbi7x0ORMspmVKE limit 1) at C:/Users/agull/OneDrive/Documents/Visual Studio/GIBLE/vendor/laravel/framework/src/Illuminate/Database/Connection.php:825)
[stacktrace]
#0 C:/Users/agull/OneDrive/Documents/Visual Studio/GIBLE/vendor/laravel/framework/src/Illuminate/Database/Connection.php(979): Illuminate/Database/Connection->runQueryCallback('select * from `...', Array, Object(Closure))
#1 C:/Users/agull/OneDrive/Documents/Visual Studio/GIBLE/vendor/laravel/framework/src/Illuminate/Database/Connection.php(958): Illuminate/Database/Connection->tryAgainIfCausedByLostConnection(Object(Illuminate/Database/QueryException), 'select * from `...', Array, Object(Closure))
#2 C:/Users/agull/OneDrive/Documents/Visual Studio/GIBLE/vendor/laravel/framework/src/Illuminate/Database/Connection.php(781): Illuminate/Database/Connection->handleQueryException(Object(Illuminate/Database/QueryException), 'select * from `...', Array, Object(Closure))
#3 C:/Users/agull/OneDrive/Documents/Visual Studio/GIBLE/vendor/laravel/framework/src/Illuminate/Database/Connection.php(398): Illuminate/Database/Connection->run('select * from `...', Array, Object(Closure))
#4 C:/Users/agull/OneDrive/Documents/Visual Studio/GIBLE/vendor/laravel/framework/src/Illuminate/Database/Query/Builder.php(3106): Illuminate/Database/Connection->select('select * from `...', Array, false)
#5 C:/Users/agull/OneDrive/Documents/Visual Studio/GIBLE/vendor/laravel/framework/src/Illuminate/Database/Query/Builder.php(3091): Illuminate/Database/Query/Builder->runSelect()
#6 C:/Users/agull/OneDrive/Documents/Visual Studio/GIBLE/vendor/laravel/framework/src/Illuminate/Database/Query/Builder.php(3676): Illuminate/Database/Query/Builder->Illuminate/Database/Query/{closure}()
#7 C:/Users/agull/OneDrive/Documents/Visual Studio/GIBLE/vendor/laravel/framework/src/Illuminate/Database/Query/Builder.php(3090): Illuminate/Database/Query/Builder->onceWithColumns(Array, Object(Closure))
#8 C:/Users/agull/OneDrive/Documents/Visual Studio/GIBLE/vendor/laravel/framework/src/Illuminate/Database/Concerns/BuildsQueries.php(343): Illuminate/Database/Query/Builder->get(Array)
#9 C:/Users/agull/OneDrive/Documents/Visual Studio/GIBLE/vendor/laravel/framework/src/Illuminate/Database/Query/Builder.php(3013): Illuminate/Database/Query/Builder->first(Array)
#10 C:/Users/agull/OneDrive/Documents/Visual Studio/GIBLE/vendor/laravel/framework/src/Illuminate/Session/DatabaseSessionHandler.php(97): Illuminate/Database/Query/Builder->find('7lXzKAHlu6lV1dO...')
#11 C:/Users/agull/OneDrive/Documents/Visual Studio/GIBLE/vendor/laravel/framework/src/Illuminate/Session/Store.php(117): Illuminate/Session/DatabaseSessionHandler->read('7lXzKAHlu6lV1dO...')
#12 C:/Users/agull/OneDrive/Documents/Visual Studio/GIBLE/vendor/laravel/framework/src/Illuminate/Session/Store.php(105): Illuminate/Session/Store->readFromHandler()
#13 C:/Users/agull/OneDrive/Documents/Visual Studio/GIBLE/vendor/laravel/framework/src/Illuminate/Session/Store.php(89): Illuminate/Session/Store->loadSession()
#14 C:/Users/agull/OneDrive/Documents/Visual Studio/GIBLE/vendor/laravel/framework/src/Illuminate/Session/Middleware/StartSession.php(147): Illuminate/Session/Store->start()
#15 C:/Users/agull/OneDrive/Documents/Visual Studio/GIBLE/vendor/laravel/framework/src/Illuminate/Support/helpers.php(399): Illuminate/Session/Middleware/StartSession->Illuminate/Session/Middleware/{closure}(Object(Illuminate/Session/Store))
#16 C:/Users/agull/OneDrive/Documents/Visual Studio/GIBLE/vendor/laravel/framework/src/Illuminate/Session/Middleware/StartSession.php(144): tap(Object(Illuminate/Session/Store), Object(Closure))
#17 C:/Users/agull/OneDrive/Documents/Visual Studio/GIBLE/vendor/laravel/framework/src/Illuminate/Session/Middleware/StartSession.php(116): Illuminate/Session/Middleware/StartSession->startSession(Object(Illuminate/Http/Request), Object(Illuminate/Session/Store))
#18 C:/Users/agull/OneDrive/Documents/Visual Studio/GIBLE/vendor/laravel/framework/src/Illuminate/Session/Middleware/StartSession.php(64): Illuminate/Session/Middleware/StartSession->handleStatefulRequest(Object(Illuminate/Http/Request), Object(Illuminate/Session/Store), Object(Closure))
#19 C:/Users/agull/OneDrive/Documents/Visual Studio/GIBLE/vendor/laravel/framework/src/Illuminate/Pipeline/Pipeline.php(209): Illuminate/Session/Middleware/StartSession->handle(Object(Illuminate/Http/Request), Object(Closure))
#20 C:/Users/agull/OneDrive/Documents/Visual Studio/GIBLE/vendor/laravel/framework/src/Illuminate/Cookie/Middleware/AddQueuedCookiesToResponse.php(37): Illuminate/Pipeline/Pipeline->Illuminate/Pipeline/{closure}(Object(Illuminate/Http/Request))
#21 C:/Users/agull/OneDrive/Documents/Visual Studio/GIBLE/vendor/laravel/framework/src/Illuminate/Pipeline/Pipeline.php(209): Illuminate/Cookie/Middleware/AddQueuedCookiesToResponse->handle(Object(Illuminate/Http/Request), Object(Closure))
#22 C:/Users/agull/OneDrive/Documents/Visual Studio/GIBLE/vendor/laravel/framework/src/Illuminate/Cookie/Middleware/EncryptCookies.php(75): Illuminate/Pipeline/Pipeline->Illuminate/Pipeline/{closure}(Object(Illuminate/Http/Request))
#23 C:/Users/agull/OneDrive/Documents/Visual Studio/GIBLE/vendor/laravel/framework/src/Illuminate/Pipeline/Pipeline.php(209): Illuminate/Cookie/Middleware/EncryptCookies->handle(Object(Illuminate/Http/Request), Object(Closure))
#24 C:/Users/agull/OneDrive/Documents/Visual Studio/GIBLE/vendor/laravel/framework/src/Illuminate/Pipeline/Pipeline.php(127): Illuminate/Pipeline/Pipeline->Illuminate/Pipeline/{closure}(Object(Illuminate/Http/Request))
#25 C:/Users/agull/OneDrive/Documents/Visual Studio/GIBLE/vendor/laravel/framework/src/Illuminate/Routing/Router.php(807): Illuminate/Pipeline/Pipeline->then(Object(Closure))
#26 C:/Users/agull/OneDrive/Documents/Visual Studio/GIBLE/vendor/laravel/framework/src/Illuminate/Routing/Router.php(786): Illuminate/Routing/Router->runRouteWithinStack(Object(Illuminate/Routing/Route), Object(Illuminate/Http/Request))
#27 C:/Users/agull/OneDrive/Documents/Visual Studio/GIBLE/vendor/laravel/framework/src/Illuminate/Routing/Router.php(750): Illuminate/Routing/Router->runRoute(Object(Illuminate/Http/Request), Object(Illuminate/Routing/Route))
#28 C:/Users/agull/OneDrive/Documents/Visual Studio/GIBLE/vendor/laravel/framework/src/Illuminate/Routing/Router.php(739): Illuminate/Routing/Router->dispatchToRoute(Object(Illuminate/Http/Request))
#29 C:/Users/agull/OneDrive/Documents/Visual Studio/GIBLE/vendor/laravel/framework/src/Illuminate/Foundation/Http/Kernel.php(201): Illuminate/Routing/Router->dispatch(Object(Illuminate/Http/Request))
#30 C:/Users/agull/OneDrive/Documents/Visual Studio/GIBLE/vendor/laravel/framework/src/Illuminate/Pipeline/Pipeline.php(170): Illuminate/Foundation/Http/Kernel->Illuminate/Foundation/Http/{closure}(Object(Illuminate/Http/Request))
#31 C:/Users/agull/OneDrive/Documents/Visual Studio/GIBLE/vendor/laravel/framework/src/Illuminate/Foundation/Http/Middleware/TransformsRequest.php(21): Illuminate/Pipeline/Pipeline->Illuminate/Pipeline/{closure}(Object(Illuminate/Http/Request))
#32 C:/Users/agull/OneDrive/Documents/Visual Studio/GIBLE/vendor/laravel/framework/src/Illuminate/Foundation/Http/Middleware/ConvertEmptyStringsToNull.php(31): Illuminate/Foundation/Http/Middleware/TransformsRequest->handle(Object(Illuminate/Http/Request), Object(Closure))
#33 C:/Users/agull/OneDrive/Documents/Visual Studio/GIBLE/vendor/laravel/framework/src/Illuminate/Pipeline/Pipeline.php(209): Illuminate/Foundation/Http/Middleware/ConvertEmptyStringsToNull->handle(Object(Illuminate/Http/Request), Object(Closure))
#34 C:/Users/agull/OneDrive/Documents/Visual Studio/GIBLE/vendor/laravel/framework/src/Illuminate/Foundation/Http/Middleware/TransformsRequest.php(21): Illuminate/Pipeline/Pipeline->Illuminate/Pipeline/{closure}(Object(Illuminate/Http/Request))
#35 C:/Users/agull/OneDrive/Documents/Visual Studio/GIBLE/vendor/laravel/framework/src/Illuminate/Foundation/Http/Middleware/TrimStrings.php(51): Illuminate/Foundation/Http/Middleware/TransformsRequest->handle(Object(Illuminate/Http/Request), Object(Closure))
#36 C:/Users/agull/OneDrive/Documents/Visual Studio/GIBLE/vendor/laravel/framework/src/Illuminate/Pipeline/Pipeline.php(209): Illuminate/Foundation/Http/Middleware/TrimStrings->handle(Object(Illuminate/Http/Request), Object(Closure))
#37 C:/Users/agull/OneDrive/Documents/Visual Studio/GIBLE/vendor/laravel/framework/src/Illuminate/Http/Middleware/ValidatePostSize.php(27): Illuminate/Pipeline/Pipeline->Illuminate/Pipeline/{closure}(Object(Illuminate/Http/Request))
#38 C:/Users/agull/OneDrive/Documents/Visual Studio/GIBLE/vendor/laravel/framework/src/Illuminate/Pipeline/Pipeline.php(209): Illuminate/Http/Middleware/ValidatePostSize->handle(Object(Illuminate/Http/Request), Object(Closure))
#39 C:/Users/agull/OneDrive/Documents/Visual Studio/GIBLE/vendor/laravel/framework/src/Illuminate/Foundation/Http/Middleware/PreventRequestsDuringMaintenance.php(110): Illuminate/Pipeline/Pipeline->Illuminate/Pipeline/{closure}(Object(Illuminate/Http/Request))
#40 C:/Users/agull/OneDrive/Documents/Visual Studio/GIBLE/vendor/laravel/framework/src/Illuminate/Pipeline/Pipeline.php(209): Illuminate/Foundation/Http/Middleware/PreventRequestsDuringMaintenance->handle(Object(Illuminate/Http/Request), Object(Closure))
#41 C:/Users/agull/OneDrive/Documents/Visual Studio/GIBLE/vendor/laravel/framework/src/Illuminate/Http/Middleware/HandleCors.php(49): Illuminate/Pipeline/Pipeline->Illuminate/Pipeline/{closure}(Object(Illuminate/Http/Request))
#42 C:/Users/agull/OneDrive/Documents/Visual Studio/GIBLE/vendor/laravel/framework/src/Illuminate/Pipeline/Pipeline.php(209): Illuminate/Http/Middleware/HandleCors->handle(Object(Illuminate/Http/Request), Object(Closure))
#43 C:/Users/agull/OneDrive/Documents/Visual Studio/GIBLE/vendor/laravel/framework/src/Illuminate/Http/Middleware/TrustProxies.php(58): Illuminate/Pipeline/Pipeline->Illuminate/Pipeline/{closure}(Object(Illuminate/Http/Request))
#44 C:/Users/agull/OneDrive/Documents/Visual Studio/GIBLE/vendor/laravel/framework/src/Illuminate/Pipeline/Pipeline.php(209): Illuminate/Http/Middleware/TrustProxies->handle(Object(Illuminate/Http/Request), Object(Closure))
#45 C:/Users/agull/OneDrive/Documents/Visual Studio/GIBLE/vendor/laravel/framework/src/Illuminate/Foundation/Http/Middleware/InvokeDeferredCallbacks.php(22): Illuminate/Pipeline/Pipeline->Illuminate/Pipeline/{closure}(Object(Illuminate/Http/Request))
#46 C:/Users/agull/OneDrive/Documents/Visual Studio/GIBLE/vendor/laravel/framework/src/Illuminate/Pipeline/Pipeline.php(209): Illuminate/Foundation/Http/Middleware/InvokeDeferredCallbacks->handle(Object(Illuminate/Http/Request), Object(Closure))
#47 C:/Users/agull/OneDrive/Documents/Visual Studio/GIBLE/vendor/laravel/framework/src/Illuminate/Pipeline/Pipeline.php(127): Illuminate/Pipeline/Pipeline->Illuminate/Pipeline/{closure}(Object(Illuminate/Http/Request))
#48 C:/Users/agull/OneDrive/Documents/Visual Studio/GIBLE/vendor/laravel/framework/src/Illuminate/Foundation/Http/Kernel.php(176): Illuminate/Pipeline/Pipeline->then(Object(Closure))
#49 C:/Users/agull/OneDrive/Documents/Visual Studio/GIBLE/vendor/laravel/framework/src/Illuminate/Foundation/Http/Kernel.php(145): Illuminate/Foundation/Http/Kernel->sendRequestThroughRouter(Object(Illuminate/Http/Request))
#50 C:/Users/agull/OneDrive/Documents/Visual Studio/GIBLE/vendor/laravel/framework/src/Illuminate/Foundation/Application.php(1220): Illuminate/Foundation/Http/Kernel->handle(Object(Illuminate/Http/Request))
#51 C:/Users/agull/OneDrive/Documents/Visual Studio/GIBLE/public/index.php(20): Illuminate/Foundation/Application->handleRequest(Object(Illuminate/Http/Request))
#52 C:/Users/agull/OneDrive/Documents/Visual Studio/GIBLE/vendor/laravel/framework/src/Illuminate/Foundation/resources/server.php(23): require_once('C://Users//agull//...')
#53 {main}

[previous exception] [object] (PDOException(code: 2002): SQLSTATE[HY000] [2002] No connection could be made because the target machine actively refused it at C:/Users/agull/OneDrive/Documents/Visual Studio/GIBLE/vendor/laravel/framework/src/Illuminate/Database/Connectors/Connector.php:66)
[stacktrace]
#0 C:/Users/agull/OneDrive/Documents/Visual Studio/GIBLE/vendor/laravel/framework/src/Illuminate/Database/Connectors/Connector.php(66): PDO->__construct('mysql:host=127....', 'root', Object(SensitiveParameterValue), Array)
#1 C:/Users/agull/OneDrive/Documents/Visual Studio/GIBLE/vendor/laravel/framework/src/Illuminate/Database/Connectors/Connector.php(85): Illuminate/Database/Connectors/Connector->createPdoConnection('mysql:host=127....', 'root', Object(SensitiveParameterValue), Array)
#2 C:/Users/agull/OneDrive/Documents/Visual Studio/GIBLE/vendor/laravel/framework/src/Illuminate/Database/Connectors/Connector.php(48): Illuminate/Database/Connectors/Connector->tryAgainIfCausedByLostConnection(Object(PDOException), 'mysql:host=127....', 'root', Object(SensitiveParameterValue), Array)
#3 C:/Users/agull/OneDrive/Documents/Visual Studio/GIBLE/vendor/laravel/framework/src/Illuminate/Database/Connectors/MySqlConnector.php(24): Illuminate/Database/Connectors/Connector->createConnection('mysql:host=127....', Array, Array)
#4 C:/Users/agull/OneDrive/Documents/Visual Studio/GIBLE/vendor/laravel/framework/src/Illuminate/Database/Connectors/ConnectionFactory.php(185): Illuminate/Database/Connectors/MySqlConnector->connect(Array)
#5 [internal function]: Illuminate/Database/Connectors/ConnectionFactory->Illuminate/Database/Connectors/{closure}()
#6 C:/Users/agull/OneDrive/Documents/Visual Studio/GIBLE/vendor/laravel/framework/src/Illuminate/Database/Connection.php(1231): call_user_func(Object(Closure))
#7 C:/Users/agull/OneDrive/Documents/Visual Studio/GIBLE/vendor/laravel/framework/src/Illuminate/Database/Connection.php(512): Illuminate/Database/Connection->getPdo()
#8 C:/Users/agull/OneDrive/Documents/Visual Studio/GIBLE/vendor/laravel/framework/src/Illuminate/Database/Connection.php(407): Illuminate/Database/Connection->getPdoForSelect(false)
#9 C:/Users/agull/OneDrive/Documents/Visual Studio/GIBLE/vendor/laravel/framework/src/Illuminate/Database/Connection.php(812): Illuminate/Database/Connection->Illuminate/Database/{closure}('select * from `...', Array)
#10 C:/Users/agull/OneDrive/Documents/Visual Studio/GIBLE/vendor/laravel/framework/src/Illuminate/Database/Connection.php(979): Illuminate/Database/Connection->runQueryCallback('select * from `...', Array, Object(Closure))
#11 C:/Users/agull/OneDrive/Documents/Visual Studio/GIBLE/vendor/laravel/framework/src/Illuminate/Database/Connection.php(958): Illuminate/Database/Connection->tryAgainIfCausedByLostConnection(Object(Illuminate/Database/QueryException), 'select * from `...', Array, Object(Closure))
#12 C:/Users/agull/OneDrive/Documents/Visual Studio/GIBLE/vendor/laravel/framework/src/Illuminate/Database/Connection.php(781): Illuminate/Database/Connection->handleQueryException(Object(Illuminate/Database/QueryException), 'select * from `...', Array, Object(Closure))
#13 C:/Users/agull/OneDrive/Documents/Visual Studio/GIBLE/vendor/laravel/framework/src/Illuminate/Database/Connection.php(398): Illuminate/Database/Connection->run('select * from `...', Array, Object(Closure))
#14 C:/Users/agull/OneDrive/Documents/Visual Studio/GIBLE/vendor/laravel/framework/src/Illuminate/Database/Query/Builder.php(3106): Illuminate/Database/Connection->select('select * from `...', Array, false)
#15 C:/Users/agull/OneDrive/Documents/Visual Studio/GIBLE/vendor/laravel/framework/src/Illuminate/Database/Query/Builder.php(3091): Illuminate/Database/Query/Builder->runSelect()
#16 C:/Users/agull/OneDrive/Documents/Visual Studio/GIBLE/vendor/laravel/framework/src/Illuminate/Database/Query/Builder.php(3676): Illuminate/Database/Query/Builder->Illuminate/Database/Query/{closure}()
#17 C:/Users/agull/OneDrive/Documents/Visual Studio/GIBLE/vendor/laravel/framework/src/Illuminate/Database/Query/Builder.php(3090): Illuminate/Database/Query/Builder->onceWithColumns(Array, Object(Closure))
#18 C:/Users/agull/OneDrive/Documents/Visual Studio/GIBLE/vendor/laravel/framework/src/Illuminate/Database/Concerns/BuildsQueries.php(343): Illuminate/Database/Query/Builder->get(Array)
#19 C:/Users/agull/OneDrive/Documents/Visual Studio/GIBLE/vendor/laravel/framework/src/Illuminate/Database/Query/Builder.php(3013): Illuminate/Database/Query/Builder->first(Array)
#20 C:/Users/agull/OneDrive/Documents/Visual Studio/GIBLE/vendor/laravel/framework/src/Illuminate/Session/DatabaseSessionHandler.php(97): Illuminate/Database/Query/Builder->find('7lXzKAHlu6lV1dO...')
#21 C:/Users/agull/OneDrive/Documents/Visual Studio/GIBLE/vendor/laravel/framework/src/Illuminate/Session/Store.php(117): Illuminate/Session/DatabaseSessionHandler->read('7lXzKAHlu6lV1dO...')
#22 C:/Users/agull/OneDrive/Documents/Visual Studio/GIBLE/vendor/laravel/framework/src/Illuminate/Session/Store.php(105): Illuminate/Session/Store->readFromHandler()
#23 C:/Users/agull/OneDrive/Documents/Visual Studio/GIBLE/vendor/laravel/framework/src/Illuminate/Session/Store.php(89): Illuminate/Session/Store->loadSession()
#24 C:/Users/agull/OneDrive/Documents/Visual Studio/GIBLE/vendor/laravel/framework/src/Illuminate/Session/Middleware/StartSession.php(147): Illuminate/Session/Store->start()
#25 C:/Users/agull/OneDrive/Documents/Visual Studio/GIBLE/vendor/laravel/framework/src/Illuminate/Support/helpers.php(399): Illuminate/Session/Middleware/StartSession->Illuminate/Session/Middleware/{closure}(Object(Illuminate/Session/Store))
#26 C:/Users/agull/OneDrive/Documents/Visual Studio/GIBLE/vendor/laravel/framework/src/Illuminate/Session/Middleware/StartSession.php(144): tap(Object(Illuminate/Session/Store), Object(Closure))
#27 C:/Users/agull/OneDrive/Documents/Visual Studio/GIBLE/vendor/laravel/framework/src/Illuminate/Session/Middleware/StartSession.php(116): Illuminate/Session/Middleware/StartSession->startSession(Object(Illuminate/Http/Request), Object(Illuminate/Session/Store))
#28 C:/Users/agull/OneDrive/Documents/Visual Studio/GIBLE/vendor/laravel/framework/src/Illuminate/Session/Middleware/StartSession.php(64): Illuminate/Session/Middleware/StartSession->handleStatefulRequest(Object(Illuminate/Http/Request), Object(Illuminate/Session/Store), Object(Closure))
#29 C:/Users/agull/OneDrive/Documents/Visual Studio/GIBLE/vendor/laravel/framework/src/Illuminate/Pipeline/Pipeline.php(209): Illuminate/Session/Middleware/StartSession->handle(Object(Illuminate/Http/Request), Object(Closure))
#30 C:/Users/agull/OneDrive/Documents/Visual Studio/GIBLE/vendor/laravel/framework/src/Illuminate/Cookie/Middleware/AddQueuedCookiesToResponse.php(37): Illuminate/Pipeline/Pipeline->Illuminate/Pipeline/{closure}(Object(Illuminate/Http/Request))
#31 C:/Users/agull/OneDrive/Documents/Visual Studio/GIBLE/vendor/laravel/framework/src/Illuminate/Pipeline/Pipeline.php(209): Illuminate/Cookie/Middleware/AddQueuedCookiesToResponse->handle(Object(Illuminate/Http/Request), Object(Closure))
#32 C:/Users/agull/OneDrive/Documents/Visual Studio/GIBLE/vendor/laravel/framework/src/Illuminate/Cookie/Middleware/EncryptCookies.php(75): Illuminate/Pipeline/Pipeline->Illuminate/Pipeline/{closure}(Object(Illuminate/Http/Request))
#33 C:/Users/agull/OneDrive/Documents/Visual Studio/GIBLE/vendor/laravel/framework/src/Illuminate/Pipeline/Pipeline.php(209): Illuminate/Cookie/Middleware/EncryptCookies->handle(Object(Illuminate/Http/Request), Object(Closure))
#34 C:/Users/agull/OneDrive/Documents/Visual Studio/GIBLE/vendor/laravel/framework/src/Illuminate/Pipeline/Pipeline.php(127): Illuminate/Pipeline/Pipeline->Illuminate/Pipeline/{closure}(Object(Illuminate/Http/Request))
#35 C:/Users/agull/OneDrive/Documents/Visual Studio/GIBLE/vendor/laravel/framework/src/Illuminate/Routing/Router.php(807): Illuminate/Pipeline/Pipeline->then(Object(Closure))
#36 C:/Users/agull/OneDrive/Documents/Visual Studio/GIBLE/vendor/laravel/framework/src/Illuminate/Routing/Router.php(786): Illuminate/Routing/Router->runRouteWithinStack(Object(Illuminate/Routing/Route), Object(Illuminate/Http/Request))
#37 C:/Users/agull/OneDrive/Documents/Visual Studio/GIBLE/vendor/laravel/framework/src/Illuminate/Routing/Router.php(750): Illuminate/Routing/Router->runRoute(Object(Illuminate/Http/Request), Object(Illuminate/Routing/Route))
#38 C:/Users/agull/OneDrive/Documents/Visual Studio/GIBLE/vendor/laravel/framework/src/Illuminate/Routing/Router.php(739): Illuminate/Routing/Router->dispatchToRoute(Object(Illuminate/Http/Request))
#39 C:/Users/agull/OneDrive/Documents/Visual Studio/GIBLE/vendor/laravel/framework/src/Illuminate/Foundation/Http/Kernel.php(201): Illuminate/Routing/Router->dispatch(Object(Illuminate/Http/Request))
#40 C:/Users/agull/OneDrive/Documents/Visual Studio/GIBLE/vendor/laravel/framework/src/Illuminate/Pipeline/Pipeline.php(170): Illuminate/Foundation/Http/Kernel->Illuminate/Foundation/Http/{closure}(Object(Illuminate/Http/Request))
#41 C:/Users/agull/OneDrive/Documents/Visual Studio/GIBLE/vendor/laravel/framework/src/Illuminate/Foundation/Http/Middleware/TransformsRequest.php(21): Illuminate/Pipeline/Pipeline->Illuminate/Pipeline/{closure}(Object(Illuminate/Http/Request))
#42 C:/Users/agull/OneDrive/Documents/Visual Studio/GIBLE/vendor/laravel/framework/src/Illuminate/Foundation/Http/Middleware/ConvertEmptyStringsToNull.php(31): Illuminate/Foundation/Http/Middleware/TransformsRequest->handle(Object(Illuminate/Http/Request), Object(Closure))
#43 C:/Users/agull/OneDrive/Documents/Visual Studio/GIBLE/vendor/laravel/framework/src/Illuminate/Pipeline/Pipeline.php(209): Illuminate/Foundation/Http/Middleware/ConvertEmptyStringsToNull->handle(Object(Illuminate/Http/Request), Object(Closure))
#44 C:/Users/agull/OneDrive/Documents/Visual Studio/GIBLE/vendor/laravel/framework/src/Illuminate/Foundation/Http/Middleware/TransformsRequest.php(21): Illuminate/Pipeline/Pipeline->Illuminate/Pipeline/{closure}(Object(Illuminate/Http/Request))
#45 C:/Users/agull/OneDrive/Documents/Visual Studio/GIBLE/vendor/laravel/framework/src/Illuminate/Foundation/Http/Middleware/TrimStrings.php(51): Illuminate/Foundation/Http/Middleware/TransformsRequest->handle(Object(Illuminate/Http/Request), Object(Closure))
#46 C:/Users/agull/OneDrive/Documents/Visual Studio/GIBLE/vendor/laravel/framework/src/Illuminate/Pipeline/Pipeline.php(209): Illuminate/Foundation/Http/Middleware/TrimStrings->handle(Object(Illuminate/Http/Request), Object(Closure))
#47 C:/Users/agull/OneDrive/Documents/Visual Studio/GIBLE/vendor/laravel/framework/src/Illuminate/Http/Middleware/ValidatePostSize.php(27): Illuminate/Pipeline/Pipeline->Illuminate/Pipeline/{closure}(Object(Illuminate/Http/Request))
#48 C:/Users/agull/OneDrive/Documents/Visual Studio/GIBLE/vendor/laravel/framework/src/Illuminate/Pipeline/Pipeline.php(209): Illuminate/Http/Middleware/ValidatePostSize->handle(Object(Illuminate/Http/Request), Object(Closure))
#49 C:/Users/agull/OneDrive/Documents/Visual Studio/GIBLE/vendor/laravel/framework/src/Illuminate/Foundation/Http/Middleware/PreventRequestsDuringMaintenance.php(110): Illuminate/Pipeline/Pipeline->Illuminate/Pipeline/{closure}(Object(Illuminate/Http/Request))
#50 C:/Users/agull/OneDrive/Documents/Visual Studio/GIBLE/vendor/laravel/framework/src/Illuminate/Pipeline/Pipeline.php(209): Illuminate/Foundation/Http/Middleware/PreventRequestsDuringMaintenance->handle(Object(Illuminate/Http/Request), Object(Closure))
#51 C:/Users/agull/OneDrive/Documents/Visual Studio/GIBLE/vendor/laravel/framework/src/Illuminate/Http/Middleware/HandleCors.php(49): Illuminate/Pipeline/Pipeline->Illuminate/Pipeline/{closure}(Object(Illuminate/Http/Request))
#52 C:/Users/agull/OneDrive/Documents/Visual Studio/GIBLE/vendor/laravel/framework/src/Illuminate/Pipeline/Pipeline.php(209): Illuminate/Http/Middleware/HandleCors->handle(Object(Illuminate/Http/Request), Object(Closure))
#53 C:/Users/agull/OneDrive/Documents/Visual Studio/GIBLE/vendor/laravel/framework/src/Illuminate/Http/Middleware/TrustProxies.php(58): Illuminate/Pipeline/Pipeline->Illuminate/Pipeline/{closure}(Object(Illuminate/Http/Request))
#54 C:/Users/agull/OneDrive/Documents/Visual Studio/GIBLE/vendor/laravel/framework/src/Illuminate/Pipeline/Pipeline.php(209): Illuminate/Http/Middleware/TrustProxies->handle(Object(Illuminate/Http/Request), Object(Closure))
#55 C:/Users/agull/OneDrive/Documents/Visual Studio/GIBLE/vendor/laravel/framework/src/Illuminate/Foundation/Http/Middleware/InvokeDeferredCallbacks.php(22): Illuminate/Pipeline/Pipeline->Illuminate/Pipeline/{closure}(Object(Illuminate/Http/Request))
#56 C:/Users/agull/OneDrive/Documents/Visual Studio/GIBLE/vendor/laravel/framework/src/Illuminate/Pipeline/Pipeline.php(209): Illuminate/Foundation/Http/Middleware/InvokeDeferredCallbacks->handle(Object(Illuminate/Http/Request), Object(Closure))
#57 C:/Users/agull/OneDrive/Documents/Visual Studio/GIBLE/vendor/laravel/framework/src/Illuminate/Pipeline/Pipeline.php(127): Illuminate/Pipeline/Pipeline->Illuminate/Pipeline/{closure}(Object(Illuminate/Http/Request))
#58 C:/Users/agull/OneDrive/Documents/Visual Studio/GIBLE/vendor/laravel/framework/src/Illuminate/Foundation/Http/Kernel.php(176): Illuminate/Pipeline/Pipeline->then(Object(Closure))
#59 C:/Users/agull/OneDrive/Documents/Visual Studio/GIBLE/vendor/laravel/framework/src/Illuminate/Foundation/Http/Kernel.php(145): Illuminate/Foundation/Http/Kernel->sendRequestThroughRouter(Object(Illuminate/Http/Request))
#60 C:/Users/agull/OneDrive/Documents/Visual Studio/GIBLE/vendor/laravel/framework/src/Illuminate/Foundation/Application.php(1220): Illuminate/Foundation/Http/Kernel->handle(Object(Illuminate/Http/Request))
#61 C:/Users/agull/OneDrive/Documents/Visual Studio/GIBLE/public/index.php(20): Illuminate/Foundation/Application->handleRequest(Object(Illuminate/Http/Request))
#62 C:/Users/agull/OneDrive/Documents/Visual Studio/GIBLE/vendor/laravel/framework/src/Illuminate/Foundation/resources/server.php(23): require_once('C://Users//agull//...')
#63 {main}
"} 
[2026-05-05 20:06:54] local.ERROR: SQLSTATE[HY000] [2002] No connection could be made because the target machine actively refused it (Connection: mysql, SQL: select * from `sessions` where `id` = wdBI5udFrTACKFVUom8ZBROCtDjJ5h4hVBVA8yCh limit 1) {"exception":"[object] (Illuminate\\Database\\QueryException(code: 2002): SQLSTATE[HY000] [2002] No connection could be made because the target machine actively refused it (Connection: mysql, SQL: select * from `sessions` where `id` = wdBI5udFrTACKFVUom8ZBROCtDjJ5h4hVBVA8yCh limit 1) at C:/Users/agull/OneDrive/Documents/Visual Studio/GIBLE/vendor/laravel/framework/src/Illuminate/Database/Connection.php:825)
[stacktrace]
#0 C:/Users/agull/OneDrive/Documents/Visual Studio/GIBLE/vendor/laravel/framework/src/Illuminate/Database/Connection.php(979): Illuminate/Database/Connection->runQueryCallback('select * from `...', Array, Object(Closure))
#1 C:/Users/agull/OneDrive/Documents/Visual Studio/GIBLE/vendor/laravel/framework/src/Illuminate/Database/Connection.php(958): Illuminate/Database/Connection->tryAgainIfCausedByLostConnection(Object(Illuminate/Database/QueryException), 'select * from `...', Array, Object(Closure))
#2 C:/Users/agull/OneDrive/Documents/Visual Studio/GIBLE/vendor/laravel/framework/src/Illuminate/Database/Connection.php(781): Illuminate/Database/Connection->handleQueryException(Object(Illuminate/Database/QueryException), 'select * from `...', Array, Object(Closure))
#3 C:/Users/agull/OneDrive/Documents/Visual Studio/GIBLE/vendor/laravel/framework/src/Illuminate/Database/Connection.php(398): Illuminate/Database/Connection->run('select * from `...', Array, Object(Closure))
#4 C:/Users/agull/OneDrive/Documents/Visual Studio/GIBLE/vendor/laravel/framework/src/Illuminate/Database/Query/Builder.php(3106): Illuminate/Database/Connection->select('select * from `...', Array, false)
#5 C:/Users/agull/OneDrive/Documents/Visual Studio/GIBLE/vendor/laravel/framework/src/Illuminate/Database/Query/Builder.php(3091): Illuminate/Database/Query/Builder->runSelect()
#6 C:/Users/agull/OneDrive/Documents/Visual Studio/GIBLE/vendor/laravel/framework/src/Illuminate/Database/Query/Builder.php(3676): Illuminate/Database/Query/Builder->Illuminate/Database/Query/{closure}()
#7 C:/Users/agull/OneDrive/Documents/Visual Studio/GIBLE/vendor/laravel/framework/src/Illuminate/Database/Query/Builder.php(3090): Illuminate/Database/Query/Builder->onceWithColumns(Array, Object(Closure))
#8 C:/Users/agull/OneDrive/Documents/Visual Studio/GIBLE/vendor/laravel/framework/src/Illuminate/Database/Concerns/BuildsQueries.php(343): Illuminate/Database/Query/Builder->get(Array)
#9 C:/Users/agull/OneDrive/Documents/Visual Studio/GIBLE/vendor/laravel/framework/src/Illuminate/Database/Query/Builder.php(3013): Illuminate/Database/Query/Builder->first(Array)
#10 C:/Users/agull/OneDrive/Documents/Visual Studio/GIBLE/vendor/laravel/framework/src/Illuminate/Session/DatabaseSessionHandler.php(97): Illuminate/Database/Query/Builder->find('wdBI5udFrTACKFV...')
#11 C:/Users/agull/OneDrive/Documents/Visual Studio/GIBLE/vendor/laravel/framework/src/Illuminate/Session/Store.php(117): Illuminate/Session/DatabaseSessionHandler->read('wdBI5udFrTACKFV...')
#12 C:/Users/agull/OneDrive/Documents/Visual Studio/GIBLE/vendor/laravel/framework/src/Illuminate/Session/Store.php(105): Illuminate/Session/Store->readFromHandler()
#13 C:/Users/agull/OneDrive/Documents/Visual Studio/GIBLE/vendor/laravel/framework/src/Illuminate/Session/Store.php(89): Illuminate/Session/Store->loadSession()
#14 C:/Users/agull/OneDrive/Documents/Visual Studio/GIBLE/vendor/laravel/framework/src/Illuminate/Session/Middleware/StartSession.php(147): Illuminate/Session/Store->start()
#15 C:/Users/agull/OneDrive/Documents/Visual Studio/GIBLE/vendor/laravel/framework/src/Illuminate/Support/helpers.php(399): Illuminate/Session/Middleware/StartSession->Illuminate/Session/Middleware/{closure}(Object(Illuminate/Session/Store))
#16 C:/Users/agull/OneDrive/Documents/Visual Studio/GIBLE/vendor/laravel/framework/src/Illuminate/Session/Middleware/StartSession.php(144): tap(Object(Illuminate/Session/Store), Object(Closure))
#17 C:/Users/agull/OneDrive/Documents/Visual Studio/GIBLE/vendor/laravel/framework/src/Illuminate/Session/Middleware/StartSession.php(116): Illuminate/Session/Middleware/StartSession->startSession(Object(Illuminate/Http/Request), Object(Illuminate/Session/Store))
#18 C:/Users/agull/OneDrive/Documents/Visual Studio/GIBLE/vendor/laravel/framework/src/Illuminate/Session/Middleware/StartSession.php(64): Illuminate/Session/Middleware/StartSession->handleStatefulRequest(Object(Illuminate/Http/Request), Object(Illuminate/Session/Store), Object(Closure))
#19 C:/Users/agull/OneDrive/Documents/Visual Studio/GIBLE/vendor/laravel/framework/src/Illuminate/Pipeline/Pipeline.php(209): Illuminate/Session/Middleware/StartSession->handle(Object(Illuminate/Http/Request), Object(Closure))
#20 C:/Users/agull/OneDrive/Documents/Visual Studio/GIBLE/vendor/laravel/framework/src/Illuminate/Cookie/Middleware/AddQueuedCookiesToResponse.php(37): Illuminate/Pipeline/Pipeline->Illuminate/Pipeline/{closure}(Object(Illuminate/Http/Request))
#21 C:/Users/agull/OneDrive/Documents/Visual Studio/GIBLE/vendor/laravel/framework/src/Illuminate/Pipeline/Pipeline.php(209): Illuminate/Cookie/Middleware/AddQueuedCookiesToResponse->handle(Object(Illuminate/Http/Request), Object(Closure))
#22 C:/Users/agull/OneDrive/Documents/Visual Studio/GIBLE/vendor/laravel/framework/src/Illuminate/Cookie/Middleware/EncryptCookies.php(75): Illuminate/Pipeline/Pipeline->Illuminate/Pipeline/{closure}(Object(Illuminate/Http/Request))
#23 C:/Users/agull/OneDrive/Documents/Visual Studio/GIBLE/vendor/laravel/framework/src/Illuminate/Pipeline/Pipeline.php(209): Illuminate/Cookie/Middleware/EncryptCookies->handle(Object(Illuminate/Http/Request), Object(Closure))
#24 C:/Users/agull/OneDrive/Documents/Visual Studio/GIBLE/vendor/laravel/framework/src/Illuminate/Pipeline/Pipeline.php(127): Illuminate/Pipeline/Pipeline->Illuminate/Pipeline/{closure}(Object(Illuminate/Http/Request))
#25 C:/Users/agull/OneDrive/Documents/Visual Studio/GIBLE/vendor/laravel/framework/src/Illuminate/Routing/Router.php(807): Illuminate/Pipeline/Pipeline->then(Object(Closure))
#26 C:/Users/agull/OneDrive/Documents/Visual Studio/GIBLE/vendor/laravel/framework/src/Illuminate/Routing/Router.php(786): Illuminate/Routing/Router->runRouteWithinStack(Object(Illuminate/Routing/Route), Object(Illuminate/Http/Request))
#27 C:/Users/agull/OneDrive/Documents/Visual Studio/GIBLE/vendor/laravel/framework/src/Illuminate/Routing/Router.php(750): Illuminate/Routing/Router->runRoute(Object(Illuminate/Http/Request), Object(Illuminate/Routing/Route))
#28 C:/Users/agull/OneDrive/Documents/Visual Studio/GIBLE/vendor/laravel/framework/src/Illuminate/Routing/Router.php(739): Illuminate/Routing/Router->dispatchToRoute(Object(Illuminate/Http/Request))
#29 C:/Users/agull/OneDrive/Documents/Visual Studio/GIBLE/vendor/laravel/framework/src/Illuminate/Foundation/Http/Kernel.php(201): Illuminate/Routing/Router->dispatch(Object(Illuminate/Http/Request))
#30 C:/Users/agull/OneDrive/Documents/Visual Studio/GIBLE/vendor/laravel/framework/src/Illuminate/Pipeline/Pipeline.php(170): Illuminate/Foundation/Http/Kernel->Illuminate/Foundation/Http/{closure}(Object(Illuminate/Http/Request))
#31 C:/Users/agull/OneDrive/Documents/Visual Studio/GIBLE/vendor/laravel/framework/src/Illuminate/Foundation/Http/Middleware/TransformsRequest.php(21): Illuminate/Pipeline/Pipeline->Illuminate/Pipeline/{closure}(Object(Illuminate/Http/Request))
#32 C:/Users/agull/OneDrive/Documents/Visual Studio/GIBLE/vendor/laravel/framework/src/Illuminate/Foundation/Http/Middleware/ConvertEmptyStringsToNull.php(31): Illuminate/Foundation/Http/Middleware/TransformsRequest->handle(Object(Illuminate/Http/Request), Object(Closure))
#33 C:/Users/agull/OneDrive/Documents/Visual Studio/GIBLE/vendor/laravel/framework/src/Illuminate/Pipeline/Pipeline.php(209): Illuminate/Foundation/Http/Middleware/ConvertEmptyStringsToNull->handle(Object(Illuminate/Http/Request), Object(Closure))
#34 C:/Users/agull/OneDrive/Documents/Visual Studio/GIBLE/vendor/laravel/framework/src/Illuminate/Foundation/Http/Middleware/TransformsRequest.php(21): Illuminate/Pipeline/Pipeline->Illuminate/Pipeline/{closure}(Object(Illuminate/Http/Request))
#35 C:/Users/agull/OneDrive/Documents/Visual Studio/GIBLE/vendor/laravel/framework/src/Illuminate/Foundation/Http/Middleware/TrimStrings.php(51): Illuminate/Foundation/Http/Middleware/TransformsRequest->handle(Object(Illuminate/Http/Request), Object(Closure))
#36 C:/Users/agull/OneDrive/Documents/Visual Studio/GIBLE/vendor/laravel/framework/src/Illuminate/Pipeline/Pipeline.php(209): Illuminate/Foundation/Http/Middleware/TrimStrings->handle(Object(Illuminate/Http/Request), Object(Closure))
#37 C:/Users/agull/OneDrive/Documents/Visual Studio/GIBLE/vendor/laravel/framework/src/Illuminate/Http/Middleware/ValidatePostSize.php(27): Illuminate/Pipeline/Pipeline->Illuminate/Pipeline/{closure}(Object(Illuminate/Http/Request))
#38 C:/Users/agull/OneDrive/Documents/Visual Studio/GIBLE/vendor/laravel/framework/src/Illuminate/Pipeline/Pipeline.php(209): Illuminate/Http/Middleware/ValidatePostSize->handle(Object(Illuminate/Http/Request), Object(Closure))
#39 C:/Users/agull/OneDrive/Documents/Visual Studio/GIBLE/vendor/laravel/framework/src/Illuminate/Foundation/Http/Middleware/PreventRequestsDuringMaintenance.php(110): Illuminate/Pipeline/Pipeline->Illuminate/Pipeline/{closure}(Object(Illuminate/Http/Request))
#40 C:/Users/agull/OneDrive/Documents/Visual Studio/GIBLE/vendor/laravel/framework/src/Illuminate/Pipeline/Pipeline.php(209): Illuminate/Foundation/Http/Middleware/PreventRequestsDuringMaintenance->handle(Object(Illuminate/Http/Request), Object(Closure))
#41 C:/Users/agull/OneDrive/Documents/Visual Studio/GIBLE/vendor/laravel/framework/src/Illuminate/Http/Middleware/HandleCors.php(49): Illuminate/Pipeline/Pipeline->Illuminate/Pipeline/{closure}(Object(Illuminate/Http/Request))
#42 C:/Users/agull/OneDrive/Documents/Visual Studio/GIBLE/vendor/laravel/framework/src/Illuminate/Pipeline/Pipeline.php(209): Illuminate/Http/Middleware/HandleCors->handle(Object(Illuminate/Http/Request), Object(Closure))
#43 C:/Users/agull/OneDrive/Documents/Visual Studio/GIBLE/vendor/laravel/framework/src/Illuminate/Http/Middleware/TrustProxies.php(58): Illuminate/Pipeline/Pipeline->Illuminate/Pipeline/{closure}(Object(Illuminate/Http/Request))
#44 C:/Users/agull/OneDrive/Documents/Visual Studio/GIBLE/vendor/laravel/framework/src/Illuminate/Pipeline/Pipeline.php(209): Illuminate/Http/Middleware/TrustProxies->handle(Object(Illuminate/Http/Request), Object(Closure))
#45 C:/Users/agull/OneDrive/Documents/Visual Studio/GIBLE/vendor/laravel/framework/src/Illuminate/Foundation/Http/Middleware/InvokeDeferredCallbacks.php(22): Illuminate/Pipeline/Pipeline->Illuminate/Pipeline/{closure}(Object(Illuminate/Http/Request))
#46 C:/Users/agull/OneDrive/Documents/Visual Studio/GIBLE/vendor/laravel/framework/src/Illuminate/Pipeline/Pipeline.php(209): Illuminate/Foundation/Http/Middleware/InvokeDeferredCallbacks->handle(Object(Illuminate/Http/Request), Object(Closure))
#47 C:/Users/agull/OneDrive/Documents/Visual Studio/GIBLE/vendor/laravel/framework/src/Illuminate/Pipeline/Pipeline.php(127): Illuminate/Pipeline/Pipeline->Illuminate/Pipeline/{closure}(Object(Illuminate/Http/Request))
#48 C:/Users/agull/OneDrive/Documents/Visual Studio/GIBLE/vendor/laravel/framework/src/Illuminate/Foundation/Http/Kernel.php(176): Illuminate/Pipeline/Pipeline->then(Object(Closure))
#49 C:/Users/agull/OneDrive/Documents/Visual Studio/GIBLE/vendor/laravel/framework/src/Illuminate/Foundation/Http/Kernel.php(145): Illuminate/Foundation/Http/Kernel->sendRequestThroughRouter(Object(Illuminate/Http/Request))
#50 C:/Users/agull/OneDrive/Documents/Visual Studio/GIBLE/vendor/laravel/framework/src/Illuminate/Foundation/Application.php(1220): Illuminate/Foundation/Http/Kernel->handle(Object(Illuminate/Http/Request))
#51 C:/Users/agull/OneDrive/Documents/Visual Studio/GIBLE/public/index.php(20): Illuminate/Foundation/Application->handleRequest(Object(Illuminate/Http/Request))
#52 C:/Users/agull/OneDrive/Documents/Visual Studio/GIBLE/vendor/laravel/framework/src/Illuminate/Foundation/resources/server.php(23): require_once('C://Users//agull//...')
#53 {main}

[previous exception] [object] (PDOException(code: 2002): SQLSTATE[HY000] [2002] No connection could be made because the target machine actively refused it at C:/Users/agull/OneDrive/Documents/Visual Studio/GIBLE/vendor/laravel/framework/src/Illuminate/Database/Connectors/Connector.php:66)
[stacktrace]
#0 C:/Users/agull/OneDrive/Documents/Visual Studio/GIBLE/vendor/laravel/framework/src/Illuminate/Database/Connectors/Connector.php(66): PDO->__construct('mysql:host=127....', 'root', Object(SensitiveParameterValue), Array)
#1 C:/Users/agull/OneDrive/Documents/Visual Studio/GIBLE/vendor/laravel/framework/src/Illuminate/Database/Connectors/Connector.php(85): Illuminate/Database/Connectors/Connector->createPdoConnection('mysql:host=127....', 'root', Object(SensitiveParameterValue), Array)
#2 C:/Users/agull/OneDrive/Documents/Visual Studio/GIBLE/vendor/laravel/framework/src/Illuminate/Database/Connectors/Connector.php(48): Illuminate/Database/Connectors/Connector->tryAgainIfCausedByLostConnection(Object(PDOException), 'mysql:host=127....', 'root', Object(SensitiveParameterValue), Array)
#3 C:/Users/agull/OneDrive/Documents/Visual Studio/GIBLE/vendor/laravel/framework/src/Illuminate/Database/Connectors/MySqlConnector.php(24): Illuminate/Database/Connectors/Connector->createConnection('mysql:host=127....', Array, Array)
#4 C:/Users/agull/OneDrive/Documents/Visual Studio/GIBLE/vendor/laravel/framework/src/Illuminate/Database/Connectors/ConnectionFactory.php(185): Illuminate/Database/Connectors/MySqlConnector->connect(Array)
#5 [internal function]: Illuminate/Database/Connectors/ConnectionFactory->Illuminate/Database/Connectors/{closure}()
#6 C:/Users/agull/OneDrive/Documents/Visual Studio/GIBLE/vendor/laravel/framework/src/Illuminate/Database/Connection.php(1231): call_user_func(Object(Closure))
#7 C:/Users/agull/OneDrive/Documents/Visual Studio/GIBLE/vendor/laravel/framework/src/Illuminate/Database/Connection.php(512): Illuminate/Database/Connection->getPdo()
#8 C:/Users/agull/OneDrive/Documents/Visual Studio/GIBLE/vendor/laravel/framework/src/Illuminate/Database/Connection.php(407): Illuminate/Database/Connection->getPdoForSelect(false)
#9 C:/Users/agull/OneDrive/Documents/Visual Studio/GIBLE/vendor/laravel/framework/src/Illuminate/Database/Connection.php(812): Illuminate/Database/Connection->Illuminate/Database/{closure}('select * from `...', Array)
#10 C:/Users/agull/OneDrive/Documents/Visual Studio/GIBLE/vendor/laravel/framework/src/Illuminate/Database/Connection.php(979): Illuminate/Database/Connection->runQueryCallback('select * from `...', Array, Object(Closure))
#11 C:/Users/agull/OneDrive/Documents/Visual Studio/GIBLE/vendor/laravel/framework/src/Illuminate/Database/Connection.php(958): Illuminate/Database/Connection->tryAgainIfCausedByLostConnection(Object(Illuminate/Database/QueryException), 'select * from `...', Array, Object(Closure))
#12 C:/Users/agull/OneDrive/Documents/Visual Studio/GIBLE/vendor/laravel/framework/src/Illuminate/Database/Connection.php(781): Illuminate/Database/Connection->handleQueryException(Object(Illuminate/Database/QueryException), 'select * from `...', Array, Object(Closure))
#13 C:/Users/agull/OneDrive/Documents/Visual Studio/GIBLE/vendor/laravel/framework/src/Illuminate/Database/Connection.php(398): Illuminate/Database/Connection->run('select * from `...', Array, Object(Closure))
#14 C:/Users/agull/OneDrive/Documents/Visual Studio/GIBLE/vendor/laravel/framework/src/Illuminate/Database/Query/Builder.php(3106): Illuminate/Database/Connection->select('select * from `...', Array, false)
#15 C:/Users/agull/OneDrive/Documents/Visual Studio/GIBLE/vendor/laravel/framework/src/Illuminate/Database/Query/Builder.php(3091): Illuminate/Database/Query/Builder->runSelect()
#16 C:/Users/agull/OneDrive/Documents/Visual Studio/GIBLE/vendor/laravel/framework/src/Illuminate/Database/Query/Builder.php(3676): Illuminate/Database/Query/Builder->Illuminate/Database/Query/{closure}()
#17 C:/Users/agull/OneDrive/Documents/Visual Studio/GIBLE/vendor/laravel/framework/src/Illuminate/Database/Query/Builder.php(3090): Illuminate/Database/Query/Builder->onceWithColumns(Array, Object(Closure))
#18 C:/Users/agull/OneDrive/Documents/Visual Studio/GIBLE/vendor/laravel/framework/src/Illuminate/Database/Concerns/BuildsQueries.php(343): Illuminate/Database/Query/Builder->get(Array)
#19 C:/Users/agull/OneDrive/Documents/Visual Studio/GIBLE/vendor/laravel/framework/src/Illuminate/Database/Query/Builder.php(3013): Illuminate/Database/Query/Builder->first(Array)
#20 C:/Users/agull/OneDrive/Documents/Visual Studio/GIBLE/vendor/laravel/framework/src/Illuminate/Session/DatabaseSessionHandler.php(97): Illuminate/Database/Query/Builder->find('wdBI5udFrTACKFV...')
#21 C:/Users/agull/OneDrive/Documents/Visual Studio/GIBLE/vendor/laravel/framework/src/Illuminate/Session/Store.php(117): Illuminate/Session/DatabaseSessionHandler->read('wdBI5udFrTACKFV...')
#22 C:/Users/agull/OneDrive/Documents/Visual Studio/GIBLE/vendor/laravel/framework/src/Illuminate/Session/Store.php(105): Illuminate/Session/Store->readFromHandler()
#23 C:/Users/agull/OneDrive/Documents/Visual Studio/GIBLE/vendor/laravel/framework/src/Illuminate/Session/Store.php(89): Illuminate/Session/Store->loadSession()
#24 C:/Users/agull/OneDrive/Documents/Visual Studio/GIBLE/vendor/laravel/framework/src/Illuminate/Session/Middleware/StartSession.php(147): Illuminate/Session/Store->start()
#25 C:/Users/agull/OneDrive/Documents/Visual Studio/GIBLE/vendor/laravel/framework/src/Illuminate/Support/helpers.php(399): Illuminate/Session/Middleware/StartSession->Illuminate/Session/Middleware/{closure}(Object(Illuminate/Session/Store))
#26 C:/Users/agull/OneDrive/Documents/Visual Studio/GIBLE/vendor/laravel/framework/src/Illuminate/Session/Middleware/StartSession.php(144): tap(Object(Illuminate/Session/Store), Object(Closure))
#27 C:/Users/agull/OneDrive/Documents/Visual Studio/GIBLE/vendor/laravel/framework/src/Illuminate/Session/Middleware/StartSession.php(116): Illuminate/Session/Middleware/StartSession->startSession(Object(Illuminate/Http/Request), Object(Illuminate/Session/Store))
#28 C:/Users/agull/OneDrive/Documents/Visual Studio/GIBLE/vendor/laravel/framework/src/Illuminate/Session/Middleware/StartSession.php(64): Illuminate/Session/Middleware/StartSession->handleStatefulRequest(Object(Illuminate/Http/Request), Object(Illuminate/Session/Store), Object(Closure))
#29 C:/Users/agull/OneDrive/Documents/Visual Studio/GIBLE/vendor/laravel/framework/src/Illuminate/Pipeline/Pipeline.php(209): Illuminate/Session/Middleware/StartSession->handle(Object(Illuminate/Http/Request), Object(Closure))
#30 C:/Users/agull/OneDrive/Documents/Visual Studio/GIBLE/vendor/laravel/framework/src/Illuminate/Cookie/Middleware/AddQueuedCookiesToResponse.php(37): Illuminate/Pipeline/Pipeline->Illuminate/Pipeline/{closure}(Object(Illuminate/Http/Request))
#31 C:/Users/agull/OneDrive/Documents/Visual Studio/GIBLE/vendor/laravel/framework/src/Illuminate/Pipeline/Pipeline.php(209): Illuminate/Cookie/Middleware/AddQueuedCookiesToResponse->handle(Object(Illuminate/Http/Request), Object(Closure))
#32 C:/Users/agull/OneDrive/Documents/Visual Studio/GIBLE/vendor/laravel/framework/src/Illuminate/Cookie/Middleware/EncryptCookies.php(75): Illuminate/Pipeline/Pipeline->Illuminate/Pipeline/{closure}(Object(Illuminate/Http/Request))
#33 C:/Users/agull/OneDrive/Documents/Visual Studio/GIBLE/vendor/laravel/framework/src/Illuminate/Pipeline/Pipeline.php(209): Illuminate/Cookie/Middleware/EncryptCookies->handle(Object(Illuminate/Http/Request), Object(Closure))
#34 C:/Users/agull/OneDrive/Documents/Visual Studio/GIBLE/vendor/laravel/framework/src/Illuminate/Pipeline/Pipeline.php(127): Illuminate/Pipeline/Pipeline->Illuminate/Pipeline/{closure}(Object(Illuminate/Http/Request))
#35 C:/Users/agull/OneDrive/Documents/Visual Studio/GIBLE/vendor/laravel/framework/src/Illuminate/Routing/Router.php(807): Illuminate/Pipeline/Pipeline->then(Object(Closure))
#36 C:/Users/agull/OneDrive/Documents/Visual Studio/GIBLE/vendor/laravel/framework/src/Illuminate/Routing/Router.php(786): Illuminate/Routing/Router->runRouteWithinStack(Object(Illuminate/Routing/Route), Object(Illuminate/Http/Request))
#37 C:/Users/agull/OneDrive/Documents/Visual Studio/GIBLE/vendor/laravel/framework/src/Illuminate/Routing/Router.php(750): Illuminate/Routing/Router->runRoute(Object(Illuminate/Http/Request), Object(Illuminate/Routing/Route))
#38 C:/Users/agull/OneDrive/Documents/Visual Studio/GIBLE/vendor/laravel/framework/src/Illuminate/Routing/Router.php(739): Illuminate/Routing/Router->dispatchToRoute(Object(Illuminate/Http/Request))
#39 C:/Users/agull/OneDrive/Documents/Visual Studio/GIBLE/vendor/laravel/framework/src/Illuminate/Foundation/Http/Kernel.php(201): Illuminate/Routing/Router->dispatch(Object(Illuminate/Http/Request))
#40 C:/Users/agull/OneDrive/Documents/Visual Studio/GIBLE/vendor/laravel/framework/src/Illuminate/Pipeline/Pipeline.php(170): Illuminate/Foundation/Http/Kernel->Illuminate/Foundation/Http/{closure}(Object(Illuminate/Http/Request))
#41 C:/Users/agull/OneDrive/Documents/Visual Studio/GIBLE/vendor/laravel/framework/src/Illuminate/Foundation/Http/Middleware/TransformsRequest.php(21): Illuminate/Pipeline/Pipeline->Illuminate/Pipeline/{closure}(Object(Illuminate/Http/Request))
#42 C:/Users/agull/OneDrive/Documents/Visual Studio/GIBLE/vendor/laravel/framework/src/Illuminate/Foundation/Http/Middleware/ConvertEmptyStringsToNull.php(31): Illuminate/Foundation/Http/Middleware/TransformsRequest->handle(Object(Illuminate/Http/Request), Object(Closure))
#43 C:/Users/agull/OneDrive/Documents/Visual Studio/GIBLE/vendor/laravel/framework/src/Illuminate/Pipeline/Pipeline.php(209): Illuminate/Foundation/Http/Middleware/ConvertEmptyStringsToNull->handle(Object(Illuminate/Http/Request), Object(Closure))
#44 C:/Users/agull/OneDrive/Documents/Visual Studio/GIBLE/vendor/laravel/framework/src/Illuminate/Foundation/Http/Middleware/TransformsRequest.php(21): Illuminate/Pipeline/Pipeline->Illuminate/Pipeline/{closure}(Object(Illuminate/Http/Request))
#45 C:/Users/agull/OneDrive/Documents/Visual Studio/GIBLE/vendor/laravel/framework/src/Illuminate/Foundation/Http/Middleware/TrimStrings.php(51): Illuminate/Foundation/Http/Middleware/TransformsRequest->handle(Object(Illuminate/Http/Request), Object(Closure))
#46 C:/Users/agull/OneDrive/Documents/Visual Studio/GIBLE/vendor/laravel/framework/src/Illuminate/Pipeline/Pipeline.php(209): Illuminate/Foundation/Http/Middleware/TrimStrings->handle(Object(Illuminate/Http/Request), Object(Closure))
#47 C:/Users/agull/OneDrive/Documents/Visual Studio/GIBLE/vendor/laravel/framework/src/Illuminate/Http/Middleware/ValidatePostSize.php(27): Illuminate/Pipeline/Pipeline->Illuminate/Pipeline/{closure}(Object(Illuminate/Http/Request))
#48 C:/Users/agull/OneDrive/Documents/Visual Studio/GIBLE/vendor/laravel/framework/src/Illuminate/Pipeline/Pipeline.php(209): Illuminate/Http/Middleware/ValidatePostSize->handle(Object(Illuminate/Http/Request), Object(Closure))
#49 C:/Users/agull/OneDrive/Documents/Visual Studio/GIBLE/vendor/laravel/framework/src/Illuminate/Foundation/Http/Middleware/PreventRequestsDuringMaintenance.php(110): Illuminate/Pipeline/Pipeline->Illuminate/Pipeline/{closure}(Object(Illuminate/Http/Request))
#50 C:/Users/agull/OneDrive/Documents/Visual Studio/GIBLE/vendor/laravel/framework/src/Illuminate/Pipeline/Pipeline.php(209): Illuminate/Foundation/Http/Middleware/PreventRequestsDuringMaintenance->handle(Object(Illuminate/Http/Request), Object(Closure))
#51 C:/Users/agull/OneDrive/Documents/Visual Studio/GIBLE/vendor/laravel/framework/src/Illuminate/Http/Middleware/HandleCors.php(49): Illuminate/Pipeline/Pipeline->Illuminate/Pipeline/{closure}(Object(Illuminate/Http/Request))
#52 C:/Users/agull/OneDrive/Documents/Visual Studio/GIBLE/vendor/laravel/framework/src/Illuminate/Pipeline/Pipeline.php(209): Illuminate/Http/Middleware/HandleCors->handle(Object(Illuminate/Http/Request), Object(Closure))
#53 C:/Users/agull/OneDrive/Documents/Visual Studio/GIBLE/vendor/laravel/framework/src/Illuminate/Http/Middleware/TrustProxies.php(58): Illuminate/Pipeline/Pipeline->Illuminate/Pipeline/{closure}(Object(Illuminate/Http/Request))
#54 C:/Users/agull/OneDrive/Documents/Visual Studio/GIBLE/vendor/laravel/framework/src/Illuminate/Pipeline/Pipeline.php(209): Illuminate/Http/Middleware/TrustProxies->handle(Object(Illuminate/Http/Request), Object(Closure))
#55 C:/Users/agull/OneDrive/Documents/Visual Studio/GIBLE/vendor/laravel/framework/src/Illuminate/Foundation/Http/Middleware/InvokeDeferredCallbacks.php(22): Illuminate/Pipeline/Pipeline->Illuminate/Pipeline/{closure}(Object(Illuminate/Http/Request))
#56 C:/Users/agull/OneDrive/Documents/Visual Studio/GIBLE/vendor/laravel/framework/src/Illuminate/Pipeline/Pipeline.php(209): Illuminate/Foundation/Http/Middleware/InvokeDeferredCallbacks->handle(Object(Illuminate/Http/Request), Object(Closure))
#57 C:/Users/agull/OneDrive/Documents/Visual Studio/GIBLE/vendor/laravel/framework/src/Illuminate/Pipeline/Pipeline.php(127): Illuminate/Pipeline/Pipeline->Illuminate/Pipeline/{closure}(Object(Illuminate/Http/Request))
#58 C:/Users/agull/OneDrive/Documents/Visual Studio/GIBLE/vendor/laravel/framework/src/Illuminate/Foundation/Http/Kernel.php(176): Illuminate/Pipeline/Pipeline->then(Object(Closure))
#59 C:/Users/agull/OneDrive/Documents/Visual Studio/GIBLE/vendor/laravel/framework/src/Illuminate/Foundation/Http/Kernel.php(145): Illuminate/Foundation/Http/Kernel->sendRequestThroughRouter(Object(Illuminate/Http/Request))
#60 C:/Users/agull/OneDrive/Documents/Visual Studio/GIBLE/vendor/laravel/framework/src/Illuminate/Foundation/Application.php(1220): Illuminate/Foundation/Http/Kernel->handle(Object(Illuminate/Http/Request))
#61 C:/Users/agull/OneDrive/Documents/Visual Studio/GIBLE/public/index.php(20): Illuminate/Foundation/Application->handleRequest(Object(Illuminate/Http/Request))
#62 C:/Users/agull/OneDrive/Documents/Visual Studio/GIBLE/vendor/laravel/framework/src/Illuminate/Foundation/resources/server.php(23): require_once('C://Users//agull//...')
#63 {main}
"} 
[2026-05-05 20:08:47] local.ERROR: SQLSTATE[HY000] [2002] No connection could be made because the target machine actively refused it (Connection: mysql, SQL: select * from `sessions` where `id` = P2uaDMNdnUnncS7qX6FhDWeklHxnEEGYmPn8t135 limit 1) {"exception":"[object] (Illuminate\\Database\\QueryException(code: 2002): SQLSTATE[HY000] [2002] No connection could be made because the target machine actively refused it (Connection: mysql, SQL: select * from `sessions` where `id` = P2uaDMNdnUnncS7qX6FhDWeklHxnEEGYmPn8t135 limit 1) at C:/Users/agull/OneDrive/Documents/Visual Studio/GIBLE/vendor/laravel/framework/src/Illuminate/Database/Connection.php:825)
[stacktrace]
#0 C:/Users/agull/OneDrive/Documents/Visual Studio/GIBLE/vendor/laravel/framework/src/Illuminate/Database/Connection.php(979): Illuminate/Database/Connection->runQueryCallback('select * from `...', Array, Object(Closure))
#1 C:/Users/agull/OneDrive/Documents/Visual Studio/GIBLE/vendor/laravel/framework/src/Illuminate/Database/Connection.php(958): Illuminate/Database/Connection->tryAgainIfCausedByLostConnection(Object(Illuminate/Database/QueryException), 'select * from `...', Array, Object(Closure))
#2 C:/Users/agull/OneDrive/Documents/Visual Studio/GIBLE/vendor/laravel/framework/src/Illuminate/Database/Connection.php(781): Illuminate/Database/Connection->handleQueryException(Object(Illuminate/Database/QueryException), 'select * from `...', Array, Object(Closure))
#3 C:/Users/agull/OneDrive/Documents/Visual Studio/GIBLE/vendor/laravel/framework/src/Illuminate/Database/Connection.php(398): Illuminate/Database/Connection->run('select * from `...', Array, Object(Closure))
#4 C:/Users/agull/OneDrive/Documents/Visual Studio/GIBLE/vendor/laravel/framework/src/Illuminate/Database/Query/Builder.php(3106): Illuminate/Database/Connection->select('select * from `...', Array, false)
#5 C:/Users/agull/OneDrive/Documents/Visual Studio/GIBLE/vendor/laravel/framework/src/Illuminate/Database/Query/Builder.php(3091): Illuminate/Database/Query/Builder->runSelect()
#6 C:/Users/agull/OneDrive/Documents/Visual Studio/GIBLE/vendor/laravel/framework/src/Illuminate/Database/Query/Builder.php(3676): Illuminate/Database/Query/Builder->Illuminate/Database/Query/{closure}()
#7 C:/Users/agull/OneDrive/Documents/Visual Studio/GIBLE/vendor/laravel/framework/src/Illuminate/Database/Query/Builder.php(3090): Illuminate/Database/Query/Builder->onceWithColumns(Array, Object(Closure))
#8 C:/Users/agull/OneDrive/Documents/Visual Studio/GIBLE/vendor/laravel/framework/src/Illuminate/Database/Concerns/BuildsQueries.php(343): Illuminate/Database/Query/Builder->get(Array)
#9 C:/Users/agull/OneDrive/Documents/Visual Studio/GIBLE/vendor/laravel/framework/src/Illuminate/Database/Query/Builder.php(3013): Illuminate/Database/Query/Builder->first(Array)
#10 C:/Users/agull/OneDrive/Documents/Visual Studio/GIBLE/vendor/laravel/framework/src/Illuminate/Session/DatabaseSessionHandler.php(97): Illuminate/Database/Query/Builder->find('P2uaDMNdnUnncS7...')
#11 C:/Users/agull/OneDrive/Documents/Visual Studio/GIBLE/vendor/laravel/framework/src/Illuminate/Session/Store.php(117): Illuminate/Session/DatabaseSessionHandler->read('P2uaDMNdnUnncS7...')
#12 C:/Users/agull/OneDrive/Documents/Visual Studio/GIBLE/vendor/laravel/framework/src/Illuminate/Session/Store.php(105): Illuminate/Session/Store->readFromHandler()
#13 C:/Users/agull/OneDrive/Documents/Visual Studio/GIBLE/vendor/laravel/framework/src/Illuminate/Session/Store.php(89): Illuminate/Session/Store->loadSession()
#14 C:/Users/agull/OneDrive/Documents/Visual Studio/GIBLE/vendor/laravel/framework/src/Illuminate/Session/Middleware/StartSession.php(147): Illuminate/Session/Store->start()
#15 C:/Users/agull/OneDrive/Documents/Visual Studio/GIBLE/vendor/laravel/framework/src/Illuminate/Support/helpers.php(399): Illuminate/Session/Middleware/StartSession->Illuminate/Session/Middleware/{closure}(Object(Illuminate/Session/Store))
#16 C:/Users/agull/OneDrive/Documents/Visual Studio/GIBLE/vendor/laravel/framework/src/Illuminate/Session/Middleware/StartSession.php(144): tap(Object(Illuminate/Session/Store), Object(Closure))
#17 C:/Users/agull/OneDrive/Documents/Visual Studio/GIBLE/vendor/laravel/framework/src/Illuminate/Session/Middleware/StartSession.php(116): Illuminate/Session/Middleware/StartSession->startSession(Object(Illuminate/Http/Request), Object(Illuminate/Session/Store))
#18 C:/Users/agull/OneDrive/Documents/Visual Studio/GIBLE/vendor/laravel/framework/src/Illuminate/Session/Middleware/StartSession.php(64): Illuminate/Session/Middleware/StartSession->handleStatefulRequest(Object(Illuminate/Http/Request), Object(Illuminate/Session/Store), Object(Closure))
#19 C:/Users/agull/OneDrive/Documents/Visual Studio/GIBLE/vendor/laravel/framework/src/Illuminate/Pipeline/Pipeline.php(209): Illuminate/Session/Middleware/StartSession->handle(Object(Illuminate/Http/Request), Object(Closure))
#20 C:/Users/agull/OneDrive/Documents/Visual Studio/GIBLE/vendor/laravel/framework/src/Illuminate/Cookie/Middleware/AddQueuedCookiesToResponse.php(37): Illuminate/Pipeline/Pipeline->Illuminate/Pipeline/{closure}(Object(Illuminate/Http/Request))
#21 C:/Users/agull/OneDrive/Documents/Visual Studio/GIBLE/vendor/laravel/framework/src/Illuminate/Pipeline/Pipeline.php(209): Illuminate/Cookie/Middleware/AddQueuedCookiesToResponse->handle(Object(Illuminate/Http/Request), Object(Closure))
#22 C:/Users/agull/OneDrive/Documents/Visual Studio/GIBLE/vendor/laravel/framework/src/Illuminate/Cookie/Middleware/EncryptCookies.php(75): Illuminate/Pipeline/Pipeline->Illuminate/Pipeline/{closure}(Object(Illuminate/Http/Request))
#23 C:/Users/agull/OneDrive/Documents/Visual Studio/GIBLE/vendor/laravel/framework/src/Illuminate/Pipeline/Pipeline.php(209): Illuminate/Cookie/Middleware/EncryptCookies->handle(Object(Illuminate/Http/Request), Object(Closure))
#24 C:/Users/agull/OneDrive/Documents/Visual Studio/GIBLE/vendor/laravel/framework/src/Illuminate/Pipeline/Pipeline.php(127): Illuminate/Pipeline/Pipeline->Illuminate/Pipeline/{closure}(Object(Illuminate/Http/Request))
#25 C:/Users/agull/OneDrive/Documents/Visual Studio/GIBLE/vendor/laravel/framework/src/Illuminate/Routing/Router.php(807): Illuminate/Pipeline/Pipeline->then(Object(Closure))
#26 C:/Users/agull/OneDrive/Documents/Visual Studio/GIBLE/vendor/laravel/framework/src/Illuminate/Routing/Router.php(786): Illuminate/Routing/Router->runRouteWithinStack(Object(Illuminate/Routing/Route), Object(Illuminate/Http/Request))
#27 C:/Users/agull/OneDrive/Documents/Visual Studio/GIBLE/vendor/laravel/framework/src/Illuminate/Routing/Router.php(750): Illuminate/Routing/Router->runRoute(Object(Illuminate/Http/Request), Object(Illuminate/Routing/Route))
#28 C:/Users/agull/OneDrive/Documents/Visual Studio/GIBLE/vendor/laravel/framework/src/Illuminate/Routing/Router.php(739): Illuminate/Routing/Router->dispatchToRoute(Object(Illuminate/Http/Request))
#29 C:/Users/agull/OneDrive/Documents/Visual Studio/GIBLE/vendor/laravel/framework/src/Illuminate/Foundation/Http/Kernel.php(201): Illuminate/Routing/Router->dispatch(Object(Illuminate/Http/Request))
#30 C:/Users/agull/OneDrive/Documents/Visual Studio/GIBLE/vendor/laravel/framework/src/Illuminate/Pipeline/Pipeline.php(170): Illuminate/Foundation/Http/Kernel->Illuminate/Foundation/Http/{closure}(Object(Illuminate/Http/Request))
#31 C:/Users/agull/OneDrive/Documents/Visual Studio/GIBLE/vendor/laravel/framework/src/Illuminate/Foundation/Http/Middleware/TransformsRequest.php(21): Illuminate/Pipeline/Pipeline->Illuminate/Pipeline/{closure}(Object(Illuminate/Http/Request))
#32 C:/Users/agull/OneDrive/Documents/Visual Studio/GIBLE/vendor/laravel/framework/src/Illuminate/Foundation/Http/Middleware/ConvertEmptyStringsToNull.php(31): Illuminate/Foundation/Http/Middleware/TransformsRequest->handle(Object(Illuminate/Http/Request), Object(Closure))
#33 C:/Users/agull/OneDrive/Documents/Visual Studio/GIBLE/vendor/laravel/framework/src/Illuminate/Pipeline/Pipeline.php(209): Illuminate/Foundation/Http/Middleware/ConvertEmptyStringsToNull->handle(Object(Illuminate/Http/Request), Object(Closure))
#34 C:/Users/agull/OneDrive/Documents/Visual Studio/GIBLE/vendor/laravel/framework/src/Illuminate/Foundation/Http/Middleware/TransformsRequest.php(21): Illuminate/Pipeline/Pipeline->Illuminate/Pipeline/{closure}(Object(Illuminate/Http/Request))
#35 C:/Users/agull/OneDrive/Documents/Visual Studio/GIBLE/vendor/laravel/framework/src/Illuminate/Foundation/Http/Middleware/TrimStrings.php(51): Illuminate/Foundation/Http/Middleware/TransformsRequest->handle(Object(Illuminate/Http/Request), Object(Closure))
#36 C:/Users/agull/OneDrive/Documents/Visual Studio/GIBLE/vendor/laravel/framework/src/Illuminate/Pipeline/Pipeline.php(209): Illuminate/Foundation/Http/Middleware/TrimStrings->handle(Object(Illuminate/Http/Request), Object(Closure))
#37 C:/Users/agull/OneDrive/Documents/Visual Studio/GIBLE/vendor/laravel/framework/src/Illuminate/Http/Middleware/ValidatePostSize.php(27): Illuminate/Pipeline/Pipeline->Illuminate/Pipeline/{closure}(Object(Illuminate/Http/Request))
#38 C:/Users/agull/OneDrive/Documents/Visual Studio/GIBLE/vendor/laravel/framework/src/Illuminate/Pipeline/Pipeline.php(209): Illuminate/Http/Middleware/ValidatePostSize->handle(Object(Illuminate/Http/Request), Object(Closure))
#39 C:/Users/agull/OneDrive/Documents/Visual Studio/GIBLE/vendor/laravel/framework/src/Illuminate/Foundation/Http/Middleware/PreventRequestsDuringMaintenance.php(110): Illuminate/Pipeline/Pipeline->Illuminate/Pipeline/{closure}(Object(Illuminate/Http/Request))
#40 C:/Users/agull/OneDrive/Documents/Visual Studio/GIBLE/vendor/laravel/framework/src/Illuminate/Pipeline/Pipeline.php(209): Illuminate/Foundation/Http/Middleware/PreventRequestsDuringMaintenance->handle(Object(Illuminate/Http/Request), Object(Closure))
#41 C:/Users/agull/OneDrive/Documents/Visual Studio/GIBLE/vendor/laravel/framework/src/Illuminate/Http/Middleware/HandleCors.php(49): Illuminate/Pipeline/Pipeline->Illuminate/Pipeline/{closure}(Object(Illuminate/Http/Request))
#42 C:/Users/agull/OneDrive/Documents/Visual Studio/GIBLE/vendor/laravel/framework/src/Illuminate/Pipeline/Pipeline.php(209): Illuminate/Http/Middleware/HandleCors->handle(Object(Illuminate/Http/Request), Object(Closure))
#43 C:/Users/agull/OneDrive/Documents/Visual Studio/GIBLE/vendor/laravel/framework/src/Illuminate/Http/Middleware/TrustProxies.php(58): Illuminate/Pipeline/Pipeline->Illuminate/Pipeline/{closure}(Object(Illuminate/Http/Request))
#44 C:/Users/agull/OneDrive/Documents/Visual Studio/GIBLE/vendor/laravel/framework/src/Illuminate/Pipeline/Pipeline.php(209): Illuminate/Http/Middleware/TrustProxies->handle(Object(Illuminate/Http/Request), Object(Closure))
#45 C:/Users/agull/OneDrive/Documents/Visual Studio/GIBLE/vendor/laravel/framework/src/Illuminate/Foundation/Http/Middleware/InvokeDeferredCallbacks.php(22): Illuminate/Pipeline/Pipeline->Illuminate/Pipeline/{closure}(Object(Illuminate/Http/Request))
#46 C:/Users/agull/OneDrive/Documents/Visual Studio/GIBLE/vendor/laravel/framework/src/Illuminate/Pipeline/Pipeline.php(209): Illuminate/Foundation/Http/Middleware/InvokeDeferredCallbacks->handle(Object(Illuminate/Http/Request), Object(Closure))
#47 C:/Users/agull/OneDrive/Documents/Visual Studio/GIBLE/vendor/laravel/framework/src/Illuminate/Pipeline/Pipeline.php(127): Illuminate/Pipeline/Pipeline->Illuminate/Pipeline/{closure}(Object(Illuminate/Http/Request))
#48 C:/Users/agull/OneDrive/Documents/Visual Studio/GIBLE/vendor/laravel/framework/src/Illuminate/Foundation/Http/Kernel.php(176): Illuminate/Pipeline/Pipeline->then(Object(Closure))
#49 C:/Users/agull/OneDrive/Documents/Visual Studio/GIBLE/vendor/laravel/framework/src/Illuminate/Foundation/Http/Kernel.php(145): Illuminate/Foundation/Http/Kernel->sendRequestThroughRouter(Object(Illuminate/Http/Request))
#50 C:/Users/agull/OneDrive/Documents/Visual Studio/GIBLE/vendor/laravel/framework/src/Illuminate/Foundation/Application.php(1220): Illuminate/Foundation/Http/Kernel->handle(Object(Illuminate/Http/Request))
#51 C:/Users/agull/OneDrive/Documents/Visual Studio/GIBLE/public/index.php(20): Illuminate/Foundation/Application->handleRequest(Object(Illuminate/Http/Request))
#52 C:/Users/agull/OneDrive/Documents/Visual Studio/GIBLE/vendor/laravel/framework/src/Illuminate/Foundation/resources/server.php(23): require_once('C://Users//agull//...')
#53 {main}

[previous exception] [object] (PDOException(code: 2002): SQLSTATE[HY000] [2002] No connection could be made because the target machine actively refused it at C:/Users/agull/OneDrive/Documents/Visual Studio/GIBLE/vendor/laravel/framework/src/Illuminate/Database/Connectors/Connector.php:66)
[stacktrace]
#0 C:/Users/agull/OneDrive/Documents/Visual Studio/GIBLE/vendor/laravel/framework/src/Illuminate/Database/Connectors/Connector.php(66): PDO->__construct('mysql:host=127....', 'root', Object(SensitiveParameterValue), Array)
#1 C:/Users/agull/OneDrive/Documents/Visual Studio/GIBLE/vendor/laravel/framework/src/Illuminate/Database/Connectors/Connector.php(85): Illuminate/Database/Connectors/Connector->createPdoConnection('mysql:host=127....', 'root', Object(SensitiveParameterValue), Array)
#2 C:/Users/agull/OneDrive/Documents/Visual Studio/GIBLE/vendor/laravel/framework/src/Illuminate/Database/Connectors/Connector.php(48): Illuminate/Database/Connectors/Connector->tryAgainIfCausedByLostConnection(Object(PDOException), 'mysql:host=127....', 'root', Object(SensitiveParameterValue), Array)
#3 C:/Users/agull/OneDrive/Documents/Visual Studio/GIBLE/vendor/laravel/framework/src/Illuminate/Database/Connectors/MySqlConnector.php(24): Illuminate/Database/Connectors/Connector->createConnection('mysql:host=127....', Array, Array)
#4 C:/Users/agull/OneDrive/Documents/Visual Studio/GIBLE/vendor/laravel/framework/src/Illuminate/Database/Connectors/ConnectionFactory.php(185): Illuminate/Database/Connectors/MySqlConnector->connect(Array)
#5 [internal function]: Illuminate/Database/Connectors/ConnectionFactory->Illuminate/Database/Connectors/{closure}()
#6 C:/Users/agull/OneDrive/Documents/Visual Studio/GIBLE/vendor/laravel/framework/src/Illuminate/Database/Connection.php(1231): call_user_func(Object(Closure))
#7 C:/Users/agull/OneDrive/Documents/Visual Studio/GIBLE/vendor/laravel/framework/src/Illuminate/Database/Connection.php(512): Illuminate/Database/Connection->getPdo()
#8 C:/Users/agull/OneDrive/Documents/Visual Studio/GIBLE/vendor/laravel/framework/src/Illuminate/Database/Connection.php(407): Illuminate/Database/Connection->getPdoForSelect(false)
#9 C:/Users/agull/OneDrive/Documents/Visual Studio/GIBLE/vendor/laravel/framework/src/Illuminate/Database/Connection.php(812): Illuminate/Database/Connection->Illuminate/Database/{closure}('select * from `...', Array)
#10 C:/Users/agull/OneDrive/Documents/Visual Studio/GIBLE/vendor/laravel/framework/src/Illuminate/Database/Connection.php(979): Illuminate/Database/Connection->runQueryCallback('select * from `...', Array, Object(Closure))
#11 C:/Users/agull/OneDrive/Documents/Visual Studio/GIBLE/vendor/laravel/framework/src/Illuminate/Database/Connection.php(958): Illuminate/Database/Connection->tryAgainIfCausedByLostConnection(Object(Illuminate/Database/QueryException), 'select * from `...', Array, Object(Closure))
#12 C:/Users/agull/OneDrive/Documents/Visual Studio/GIBLE/vendor/laravel/framework/src/Illuminate/Database/Connection.php(781): Illuminate/Database/Connection->handleQueryException(Object(Illuminate/Database/QueryException), 'select * from `...', Array, Object(Closure))
#13 C:/Users/agull/OneDrive/Documents/Visual Studio/GIBLE/vendor/laravel/framework/src/Illuminate/Database/Connection.php(398): Illuminate/Database/Connection->run('select * from `...', Array, Object(Closure))
#14 C:/Users/agull/OneDrive/Documents/Visual Studio/GIBLE/vendor/laravel/framework/src/Illuminate/Database/Query/Builder.php(3106): Illuminate/Database/Connection->select('select * from `...', Array, false)
#15 C:/Users/agull/OneDrive/Documents/Visual Studio/GIBLE/vendor/laravel/framework/src/Illuminate/Database/Query/Builder.php(3091): Illuminate/Database/Query/Builder->runSelect()
#16 C:/Users/agull/OneDrive/Documents/Visual Studio/GIBLE/vendor/laravel/framework/src/Illuminate/Database/Query/Builder.php(3676): Illuminate/Database/Query/Builder->Illuminate/Database/Query/{closure}()
#17 C:/Users/agull/OneDrive/Documents/Visual Studio/GIBLE/vendor/laravel/framework/src/Illuminate/Database/Query/Builder.php(3090): Illuminate/Database/Query/Builder->onceWithColumns(Array, Object(Closure))
#18 C:/Users/agull/OneDrive/Documents/Visual Studio/GIBLE/vendor/laravel/framework/src/Illuminate/Database/Concerns/BuildsQueries.php(343): Illuminate/Database/Query/Builder->get(Array)
#19 C:/Users/agull/OneDrive/Documents/Visual Studio/GIBLE/vendor/laravel/framework/src/Illuminate/Database/Query/Builder.php(3013): Illuminate/Database/Query/Builder->first(Array)
#20 C:/Users/agull/OneDrive/Documents/Visual Studio/GIBLE/vendor/laravel/framework/src/Illuminate/Session/DatabaseSessionHandler.php(97): Illuminate/Database/Query/Builder->find('P2uaDMNdnUnncS7...')
#21 C:/Users/agull/OneDrive/Documents/Visual Studio/GIBLE/vendor/laravel/framework/src/Illuminate/Session/Store.php(117): Illuminate/Session/DatabaseSessionHandler->read('P2uaDMNdnUnncS7...')
#22 C:/Users/agull/OneDrive/Documents/Visual Studio/GIBLE/vendor/laravel/framework/src/Illuminate/Session/Store.php(105): Illuminate/Session/Store->readFromHandler()
#23 C:/Users/agull/OneDrive/Documents/Visual Studio/GIBLE/vendor/laravel/framework/src/Illuminate/Session/Store.php(89): Illuminate/Session/Store->loadSession()
#24 C:/Users/agull/OneDrive/Documents/Visual Studio/GIBLE/vendor/laravel/framework/src/Illuminate/Session/Middleware/StartSession.php(147): Illuminate/Session/Store->start()
#25 C:/Users/agull/OneDrive/Documents/Visual Studio/GIBLE/vendor/laravel/framework/src/Illuminate/Support/helpers.php(399): Illuminate/Session/Middleware/StartSession->Illuminate/Session/Middleware/{closure}(Object(Illuminate/Session/Store))
#26 C:/Users/agull/OneDrive/Documents/Visual Studio/GIBLE/vendor/laravel/framework/src/Illuminate/Session/Middleware/StartSession.php(144): tap(Object(Illuminate/Session/Store), Object(Closure))
#27 C:/Users/agull/OneDrive/Documents/Visual Studio/GIBLE/vendor/laravel/framework/src/Illuminate/Session/Middleware/StartSession.php(116): Illuminate/Session/Middleware/StartSession->startSession(Object(Illuminate/Http/Request), Object(Illuminate/Session/Store))
#28 C:/Users/agull/OneDrive/Documents/Visual Studio/GIBLE/vendor/laravel/framework/src/Illuminate/Session/Middleware/StartSession.php(64): Illuminate/Session/Middleware/StartSession->handleStatefulRequest(Object(Illuminate/Http/Request), Object(Illuminate/Session/Store), Object(Closure))
#29 C:/Users/agull/OneDrive/Documents/Visual Studio/GIBLE/vendor/laravel/framework/src/Illuminate/Pipeline/Pipeline.php(209): Illuminate/Session/Middleware/StartSession->handle(Object(Illuminate/Http/Request), Object(Closure))
#30 C:/Users/agull/OneDrive/Documents/Visual Studio/GIBLE/vendor/laravel/framework/src/Illuminate/Cookie/Middleware/AddQueuedCookiesToResponse.php(37): Illuminate/Pipeline/Pipeline->Illuminate/Pipeline/{closure}(Object(Illuminate/Http/Request))
#31 C:/Users/agull/OneDrive/Documents/Visual Studio/GIBLE/vendor/laravel/framework/src/Illuminate/Pipeline/Pipeline.php(209): Illuminate/Cookie/Middleware/AddQueuedCookiesToResponse->handle(Object(Illuminate/Http/Request), Object(Closure))
#32 C:/Users/agull/OneDrive/Documents/Visual Studio/GIBLE/vendor/laravel/framework/src/Illuminate/Cookie/Middleware/EncryptCookies.php(75): Illuminate/Pipeline/Pipeline->Illuminate/Pipeline/{closure}(Object(Illuminate/Http/Request))
#33 C:/Users/agull/OneDrive/Documents/Visual Studio/GIBLE/vendor/laravel/framework/src/Illuminate/Pipeline/Pipeline.php(209): Illuminate/Cookie/Middleware/EncryptCookies->handle(Object(Illuminate/Http/Request), Object(Closure))
#34 C:/Users/agull/OneDrive/Documents/Visual Studio/GIBLE/vendor/laravel/framework/src/Illuminate/Pipeline/Pipeline.php(127): Illuminate/Pipeline/Pipeline->Illuminate/Pipeline/{closure}(Object(Illuminate/Http/Request))
#35 C:/Users/agull/OneDrive/Documents/Visual Studio/GIBLE/vendor/laravel/framework/src/Illuminate/Routing/Router.php(807): Illuminate/Pipeline/Pipeline->then(Object(Closure))
#36 C:/Users/agull/OneDrive/Documents/Visual Studio/GIBLE/vendor/laravel/framework/src/Illuminate/Routing/Router.php(786): Illuminate/Routing/Router->runRouteWithinStack(Object(Illuminate/Routing/Route), Object(Illuminate/Http/Request))
#37 C:/Users/agull/OneDrive/Documents/Visual Studio/GIBLE/vendor/laravel/framework/src/Illuminate/Routing/Router.php(750): Illuminate/Routing/Router->runRoute(Object(Illuminate/Http/Request), Object(Illuminate/Routing/Route))
#38 C:/Users/agull/OneDrive/Documents/Visual Studio/GIBLE/vendor/laravel/framework/src/Illuminate/Routing/Router.php(739): Illuminate/Routing/Router->dispatchToRoute(Object(Illuminate/Http/Request))
#39 C:/Users/agull/OneDrive/Documents/Visual Studio/GIBLE/vendor/laravel/framework/src/Illuminate/Foundation/Http/Kernel.php(201): Illuminate/Routing/Router->dispatch(Object(Illuminate/Http/Request))
#40 C:/Users/agull/OneDrive/Documents/Visual Studio/GIBLE/vendor/laravel/framework/src/Illuminate/Pipeline/Pipeline.php(170): Illuminate/Foundation/Http/Kernel->Illuminate/Foundation/Http/{closure}(Object(Illuminate/Http/Request))
#41 C:/Users/agull/OneDrive/Documents/Visual Studio/GIBLE/vendor/laravel/framework/src/Illuminate/Foundation/Http/Middleware/TransformsRequest.php(21): Illuminate/Pipeline/Pipeline->Illuminate/Pipeline/{closure}(Object(Illuminate/Http/Request))
#42 C:/Users/agull/OneDrive/Documents/Visual Studio/GIBLE/vendor/laravel/framework/src/Illuminate/Foundation/Http/Middleware/ConvertEmptyStringsToNull.php(31): Illuminate/Foundation/Http/Middleware/TransformsRequest->handle(Object(Illuminate/Http/Request), Object(Closure))
#43 C:/Users/agull/OneDrive/Documents/Visual Studio/GIBLE/vendor/laravel/framework/src/Illuminate/Pipeline/Pipeline.php(209): Illuminate/Foundation/Http/Middleware/ConvertEmptyStringsToNull->handle(Object(Illuminate/Http/Request), Object(Closure))
#44 C:/Users/agull/OneDrive/Documents/Visual Studio/GIBLE/vendor/laravel/framework/src/Illuminate/Foundation/Http/Middleware/TransformsRequest.php(21): Illuminate/Pipeline/Pipeline->Illuminate/Pipeline/{closure}(Object(Illuminate/Http/Request))
#45 C:/Users/agull/OneDrive/Documents/Visual Studio/GIBLE/vendor/laravel/framework/src/Illuminate/Foundation/Http/Middleware/TrimStrings.php(51): Illuminate/Foundation/Http/Middleware/TransformsRequest->handle(Object(Illuminate/Http/Request), Object(Closure))
#46 C:/Users/agull/OneDrive/Documents/Visual Studio/GIBLE/vendor/laravel/framework/src/Illuminate/Pipeline/Pipeline.php(209): Illuminate/Foundation/Http/Middleware/TrimStrings->handle(Object(Illuminate/Http/Request), Object(Closure))
#47 C:/Users/agull/OneDrive/Documents/Visual Studio/GIBLE/vendor/laravel/framework/src/Illuminate/Http/Middleware/ValidatePostSize.php(27): Illuminate/Pipeline/Pipeline->Illuminate/Pipeline/{closure}(Object(Illuminate/Http/Request))
#48 C:/Users/agull/OneDrive/Documents/Visual Studio/GIBLE/vendor/laravel/framework/src/Illuminate/Pipeline/Pipeline.php(209): Illuminate/Http/Middleware/ValidatePostSize->handle(Object(Illuminate/Http/Request), Object(Closure))
#49 C:/Users/agull/OneDrive/Documents/Visual Studio/GIBLE/vendor/laravel/framework/src/Illuminate/Foundation/Http/Middleware/PreventRequestsDuringMaintenance.php(110): Illuminate/Pipeline/Pipeline->Illuminate/Pipeline/{closure}(Object(Illuminate/Http/Request))
#50 C:/Users/agull/OneDrive/Documents/Visual Studio/GIBLE/vendor/laravel/framework/src/Illuminate/Pipeline/Pipeline.php(209): Illuminate/Foundation/Http/Middleware/PreventRequestsDuringMaintenance->handle(Object(Illuminate/Http/Request), Object(Closure))
#51 C:/Users/agull/OneDrive/Documents/Visual Studio/GIBLE/vendor/laravel/framework/src/Illuminate/Http/Middleware/HandleCors.php(49): Illuminate/Pipeline/Pipeline->Illuminate/Pipeline/{closure}(Object(Illuminate/Http/Request))
#52 C:/Users/agull/OneDrive/Documents/Visual Studio/GIBLE/vendor/laravel/framework/src/Illuminate/Pipeline/Pipeline.php(209): Illuminate/Http/Middleware/HandleCors->handle(Object(Illuminate/Http/Request), Object(Closure))
#53 C:/Users/agull/OneDrive/Documents/Visual Studio/GIBLE/vendor/laravel/framework/src/Illuminate/Http/Middleware/TrustProxies.php(58): Illuminate/Pipeline/Pipeline->Illuminate/Pipeline/{closure}(Object(Illuminate/Http/Request))
#54 C:/Users/agull/OneDrive/Documents/Visual Studio/GIBLE/vendor/laravel/framework/src/Illuminate/Pipeline/Pipeline.php(209): Illuminate/Http/Middleware/TrustProxies->handle(Object(Illuminate/Http/Request), Object(Closure))
#55 C:/Users/agull/OneDrive/Documents/Visual Studio/GIBLE/vendor/laravel/framework/src/Illuminate/Foundation/Http/Middleware/InvokeDeferredCallbacks.php(22): Illuminate/Pipeline/Pipeline->Illuminate/Pipeline/{closure}(Object(Illuminate/Http/Request))
#56 C:/Users/agull/OneDrive/Documents/Visual Studio/GIBLE/vendor/laravel/framework/src/Illuminate/Pipeline/Pipeline.php(209): Illuminate/Foundation/Http/Middleware/InvokeDeferredCallbacks->handle(Object(Illuminate/Http/Request), Object(Closure))
#57 C:/Users/agull/OneDrive/Documents/Visual Studio/GIBLE/vendor/laravel/framework/src/Illuminate/Pipeline/Pipeline.php(127): Illuminate/Pipeline/Pipeline->Illuminate/Pipeline/{closure}(Object(Illuminate/Http/Request))
#58 C:/Users/agull/OneDrive/Documents/Visual Studio/GIBLE/vendor/laravel/framework/src/Illuminate/Foundation/Http/Kernel.php(176): Illuminate/Pipeline/Pipeline->then(Object(Closure))
#59 C:/Users/agull/OneDrive/Documents/Visual Studio/GIBLE/vendor/laravel/framework/src/Illuminate/Foundation/Http/Kernel.php(145): Illuminate/Foundation/Http/Kernel->sendRequestThroughRouter(Object(Illuminate/Http/Request))
#60 C:/Users/agull/OneDrive/Documents/Visual Studio/GIBLE/vendor/laravel/framework/src/Illuminate/Foundation/Application.php(1220): Illuminate/Foundation/Http/Kernel->handle(Object(Illuminate/Http/Request))
#61 C:/Users/agull/OneDrive/Documents/Visual Studio/GIBLE/public/index.php(20): Illuminate/Foundation/Application->handleRequest(Object(Illuminate/Http/Request))
#62 C:/Users/agull/OneDrive/Documents/Visual Studio/GIBLE/vendor/laravel/framework/src/Illuminate/Foundation/resources/server.php(23): require_once('C://Users//agull//...')
#63 {main}
"} 
[2026-05-05 20:09:55] local.WARNING: Wikipedia summary unavailable for recommendation card. {"query_len":14,"internal_reason":"Wikipedia rate limit reached. Please wait a moment and try again."} 
[2026-05-05 20:09:59] local.WARNING: Wikipedia summary unavailable for recommendation card. {"query_len":8,"internal_reason":"Wikipedia rate limit reached. Please wait a moment and try again."} 
[2026-05-05 20:10:02] local.WARNING: Wikipedia summary unavailable for recommendation card. {"query_len":15,"internal_reason":"Wikipedia rate limit reached. Please wait a moment and try again."} 
[2026-05-05 20:10:47] local.WARNING: Wikipedia summary unavailable for topic search. {"query_len":15,"internal_reason":"Wikipedia rate limit reached. Please wait a moment and try again."} 
[2026-05-05 20:11:29] local.WARNING: Wikipedia summary unavailable for recommendation card. {"query_len":14,"internal_reason":"Wikipedia rate limit reached. Please wait a moment and try again."} 
[2026-05-05 20:11:32] local.WARNING: Wikipedia summary unavailable for recommendation card. {"query_len":8,"internal_reason":"Wikipedia rate limit reached. Please wait a moment and try again."} 
[2026-05-05 20:11:35] local.WARNING: Wikipedia summary unavailable for recommendation card. {"query_len":15,"internal_reason":"Wikipedia rate limit reached. Please wait a moment and try again."} 
[2026-05-05 20:15:27] local.WARNING: Wikipedia summary unavailable for recommendation card. {"query_len":14,"internal_reason":"Wikipedia rate limit reached. Please wait a moment and try again."} 
[2026-05-05 20:15:30] local.WARNING: Wikipedia summary unavailable for recommendation card. {"query_len":8,"internal_reason":"Wikipedia rate limit reached. Please wait a moment and try again."} 
[2026-05-05 20:15:33] local.WARNING: Wikipedia summary unavailable for recommendation card. {"query_len":15,"internal_reason":"Wikipedia rate limit reached. Please wait a moment and try again."} 
[2026-05-05 20:26:40] testing.WARNING: Wikipedia summary unavailable for topic search. {"query_len":3,"internal_reason":"internal-detail-not-for-browser"} 
[2026-05-05 20:26:41] testing.WARNING: Wikipedia summary unavailable for recommendation card. {"query_len":7,"internal_reason":"secret-wiki-reason"} 
[2026-05-05 20:27:42] testing.WARNING: Wikipedia summary unavailable for topic search. {"query_len":3,"internal_reason":"internal-detail-not-for-browser"} 
[2026-05-05 20:27:42] testing.WARNING: Wikipedia summary unavailable for recommendation card. {"query_len":7,"internal_reason":"secret-wiki-reason"} 
[2026-05-05 20:41:42] testing.WARNING: Wikipedia summary unavailable for topic search. {"query_len":3,"internal_reason":"internal-detail-not-for-browser"} 
[2026-05-05 20:41:42] testing.WARNING: Wikipedia summary unavailable for recommendation card. {"query_len":7,"internal_reason":"secret-wiki-reason"} 
[2026-05-05 21:03:09] testing.WARNING: Wikipedia summary unavailable for topic search. {"query_len":3,"internal_reason":"internal-detail-not-for-browser"} 
[2026-05-05 21:03:09] testing.WARNING: Wikipedia summary unavailable for recommendation card. {"query_len":7,"internal_reason":"secret-wiki-reason"} 
[2026-05-06 00:56:24] testing.WARNING: Wikipedia summary unavailable for topic search. {"query_len":3,"internal_reason":"internal-detail-not-for-browser"} 
[2026-05-06 00:56:24] testing.WARNING: Wikipedia summary unavailable for recommendation card. {"query_len":7,"internal_reason":"secret-wiki-reason"} 
